"filename","speaker","size_bytes","size_mb","package_zip","package_path"
"F00001_SPK03.wav","SPK03","494054","0.4712","cantharm_audio_spk03.zip","downloads/packages/cantharm_audio_spk03.zip"
"F00002_SPK03.wav","SPK03","285992","0.2727","cantharm_audio_spk03.zip","downloads/packages/cantharm_audio_spk03.zip"
"F00003_SPK03.wav","SPK03","427022","0.4072","cantharm_audio_spk03.zip","downloads/packages/cantharm_audio_spk03.zip"
"F00004_SPK03.wav","SPK03","285992","0.2727","cantharm_audio_spk03.zip","downloads/packages/cantharm_audio_spk03.zip"
"F00005_SPK03.wav","SPK03","281384","0.2683","cantharm_audio_spk03.zip","downloads/packages/cantharm_audio_spk03.zip"
"F00006_SPK03.wav","SPK03","295208","0.2815","cantharm_audio_spk03.zip","downloads/packages/cantharm_audio_spk03.zip"
"F00007_SPK03.wav","SPK03","304424","0.2903","cantharm_audio_spk03.zip","downloads/packages/cantharm_audio_spk03.zip"
"F00008_SPK03.wav","SPK03","239912","0.2288","cantharm_audio_spk03.zip","downloads/packages/cantharm_audio_spk03.zip"
"F00009_SPK03.wav","SPK03","341288","0.3255","cantharm_audio_spk03.zip","downloads/packages/cantharm_audio_spk03.zip"
"F00010_SPK03.wav","SPK03","272168","0.2596","cantharm_audio_spk03.zip","downloads/packages/cantharm_audio_spk03.zip"
"F00011_SPK03.wav","SPK03","355112","0.3387","cantharm_audio_spk03.zip","downloads/packages/cantharm_audio_spk03.zip"
"F00012_SPK03.wav","SPK03","378152","0.3606","cantharm_audio_spk03.zip","downloads/packages/cantharm_audio_spk03.zip"
"F00013_SPK03.wav","SPK03","304424","0.2903","cantharm_audio_spk03.zip","downloads/packages/cantharm_audio_spk03.zip"
"F00014_SPK03.wav","SPK03","401192","0.3826","cantharm_audio_spk03.zip","downloads/packages/cantharm_audio_spk03.zip"
"F00015_SPK03.wav","SPK03","423494","0.4039","cantharm_audio_spk03.zip","downloads/packages/cantharm_audio_spk03.zip"
"F00016_SPK03.wav","SPK03","272168","0.2596","cantharm_audio_spk03.zip","downloads/packages/cantharm_audio_spk03.zip"
"F00017_SPK03.wav","SPK03","304424","0.2903","cantharm_audio_spk03.zip","downloads/packages/cantharm_audio_spk03.zip"
"F00018_SPK03.wav","SPK03","253736","0.242","cantharm_audio_spk03.zip","downloads/packages/cantharm_audio_spk03.zip"
"F00019_SPK03.wav","SPK03","522278","0.4981","cantharm_audio_spk03.zip","downloads/packages/cantharm_audio_spk03.zip"
"F00020_SPK03.wav","SPK03","355112","0.3387","cantharm_audio_spk03.zip","downloads/packages/cantharm_audio_spk03.zip"
"F00021_SPK03.wav","SPK03","307706","0.2935","cantharm_audio_spk03.zip","downloads/packages/cantharm_audio_spk03.zip"
"F00022_SPK03.wav","SPK03","364328","0.3475","cantharm_audio_spk03.zip","downloads/packages/cantharm_audio_spk03.zip"
"F00023_SPK03.wav","SPK03","327464","0.3123","cantharm_audio_spk03.zip","downloads/packages/cantharm_audio_spk03.zip"
"F00024_SPK03.wav","SPK03","290600","0.2771","cantharm_audio_spk03.zip","downloads/packages/cantharm_audio_spk03.zip"
"F00025_SPK03.wav","SPK03","364328","0.3475","cantharm_audio_spk03.zip","downloads/packages/cantharm_audio_spk03.zip"
"F00026_SPK03.wav","SPK03","281384","0.2683","cantharm_audio_spk03.zip","downloads/packages/cantharm_audio_spk03.zip"
"F00027_SPK01.wav","SPK01","317656","0.3029","cantharm_audio_spk01.zip","downloads/packages/cantharm_audio_spk01.zip"
"F00028_SPK03.wav","SPK03","319418","0.3046","cantharm_audio_spk03.zip","downloads/packages/cantharm_audio_spk03.zip"
"F00029_SPK03.wav","SPK03","327464","0.3123","cantharm_audio_spk03.zip","downloads/packages/cantharm_audio_spk03.zip"
"F00030_SPK03.wav","SPK03","318248","0.3035","cantharm_audio_spk03.zip","downloads/packages/cantharm_audio_spk03.zip"
"F00031_SPK03.wav","SPK03","309032","0.2947","cantharm_audio_spk03.zip","downloads/packages/cantharm_audio_spk03.zip"
"F00032_SPK03.wav","SPK03","364328","0.3475","cantharm_audio_spk03.zip","downloads/packages/cantharm_audio_spk03.zip"
"F00033_SPK03.wav","SPK03","327464","0.3123","cantharm_audio_spk03.zip","downloads/packages/cantharm_audio_spk03.zip"
"F00034_SPK03.wav","SPK03","272168","0.2596","cantharm_audio_spk03.zip","downloads/packages/cantharm_audio_spk03.zip"
"F00035_SPK03.wav","SPK03","372338","0.3551","cantharm_audio_spk03.zip","downloads/packages/cantharm_audio_spk03.zip"
"F00036_SPK03.wav","SPK03","483470","0.4611","cantharm_audio_spk03.zip","downloads/packages/cantharm_audio_spk03.zip"
"F00037_SPK03.wav","SPK03","313640","0.2991","cantharm_audio_spk03.zip","downloads/packages/cantharm_audio_spk03.zip"
"F00038_SPK03.wav","SPK03","327464","0.3123","cantharm_audio_spk03.zip","downloads/packages/cantharm_audio_spk03.zip"
"F00039_SPK03.wav","SPK03","433448","0.4134","cantharm_audio_spk03.zip","downloads/packages/cantharm_audio_spk03.zip"
"F00040_SPK03.wav","SPK03","359720","0.3431","cantharm_audio_spk03.zip","downloads/packages/cantharm_audio_spk03.zip"
"F00041_SPK03.wav","SPK03","534824","0.51","cantharm_audio_spk03.zip","downloads/packages/cantharm_audio_spk03.zip"
"F00042_SPK03.wav","SPK03","400564","0.382","cantharm_audio_spk03.zip","downloads/packages/cantharm_audio_spk03.zip"
"F00043_SPK03.wav","SPK03","254152","0.2424","cantharm_audio_spk03.zip","downloads/packages/cantharm_audio_spk03.zip"
"F00044_SPK03.wav","SPK03","336680","0.3211","cantharm_audio_spk03.zip","downloads/packages/cantharm_audio_spk03.zip"
"F00045_SPK03.wav","SPK03","557560","0.5317","cantharm_audio_spk03.zip","downloads/packages/cantharm_audio_spk03.zip"
"F00046_SPK03.wav","SPK03","553256","0.5276","cantharm_audio_spk03.zip","downloads/packages/cantharm_audio_spk03.zip"
"F00047_SPK03.wav","SPK03","345896","0.3299","cantharm_audio_spk03.zip","downloads/packages/cantharm_audio_spk03.zip"
"F00048_SPK03.wav","SPK03","355112","0.3387","cantharm_audio_spk03.zip","downloads/packages/cantharm_audio_spk03.zip"
"F00049_SPK03.wav","SPK03","304424","0.2903","cantharm_audio_spk03.zip","downloads/packages/cantharm_audio_spk03.zip"
"F00050_SPK03.wav","SPK03","359720","0.3431","cantharm_audio_spk03.zip","downloads/packages/cantharm_audio_spk03.zip"
"F00051_SPK03.wav","SPK03","531100","0.5065","cantharm_audio_spk03.zip","downloads/packages/cantharm_audio_spk03.zip"
"F00052_SPK03.wav","SPK03","281384","0.2683","cantharm_audio_spk03.zip","downloads/packages/cantharm_audio_spk03.zip"
"F00053_SPK03.wav","SPK03","336680","0.3211","cantharm_audio_spk03.zip","downloads/packages/cantharm_audio_spk03.zip"
"F00054_SPK03.wav","SPK03","396584","0.3782","cantharm_audio_spk03.zip","downloads/packages/cantharm_audio_spk03.zip"
"F00055_SPK03.wav","SPK03","309032","0.2947","cantharm_audio_spk03.zip","downloads/packages/cantharm_audio_spk03.zip"
"F00056_SPK03.wav","SPK03","419624","0.4002","cantharm_audio_spk03.zip","downloads/packages/cantharm_audio_spk03.zip"
"F00057_SPK03.wav","SPK03","424232","0.4046","cantharm_audio_spk03.zip","downloads/packages/cantharm_audio_spk03.zip"
"F00058_SPK03.wav","SPK03","327464","0.3123","cantharm_audio_spk03.zip","downloads/packages/cantharm_audio_spk03.zip"
"F00059_SPK03.wav","SPK03","409384","0.3904","cantharm_audio_spk03.zip","downloads/packages/cantharm_audio_spk03.zip"
"F00060_SPK03.wav","SPK03","373544","0.3562","cantharm_audio_spk03.zip","downloads/packages/cantharm_audio_spk03.zip"
"F00061_SPK03.wav","SPK03","309032","0.2947","cantharm_audio_spk03.zip","downloads/packages/cantharm_audio_spk03.zip"
"F00062_SPK03.wav","SPK03","341288","0.3255","cantharm_audio_spk03.zip","downloads/packages/cantharm_audio_spk03.zip"
"F00063_SPK03.wav","SPK03","309032","0.2947","cantharm_audio_spk03.zip","downloads/packages/cantharm_audio_spk03.zip"
"F00064_SPK03.wav","SPK03","355112","0.3387","cantharm_audio_spk03.zip","downloads/packages/cantharm_audio_spk03.zip"
"F00065_SPK03.wav","SPK03","387368","0.3694","cantharm_audio_spk03.zip","downloads/packages/cantharm_audio_spk03.zip"
"F00066_SPK03.wav","SPK03","382760","0.365","cantharm_audio_spk03.zip","downloads/packages/cantharm_audio_spk03.zip"
"F00067_SPK03.wav","SPK03","341288","0.3255","cantharm_audio_spk03.zip","downloads/packages/cantharm_audio_spk03.zip"
"F00068_SPK03.wav","SPK03","350504","0.3343","cantharm_audio_spk03.zip","downloads/packages/cantharm_audio_spk03.zip"
"F00069_SPK03.wav","SPK03","341288","0.3255","cantharm_audio_spk03.zip","downloads/packages/cantharm_audio_spk03.zip"
"F00070_SPK03.wav","SPK03","368936","0.3518","cantharm_audio_spk03.zip","downloads/packages/cantharm_audio_spk03.zip"
"F00071_SPK03.wav","SPK03","355112","0.3387","cantharm_audio_spk03.zip","downloads/packages/cantharm_audio_spk03.zip"
"F00072_SPK03.wav","SPK03","387368","0.3694","cantharm_audio_spk03.zip","downloads/packages/cantharm_audio_spk03.zip"
"F00073_SPK03.wav","SPK03","525608","0.5013","cantharm_audio_spk03.zip","downloads/packages/cantharm_audio_spk03.zip"
"F00074_SPK03.wav","SPK03","364328","0.3475","cantharm_audio_spk03.zip","downloads/packages/cantharm_audio_spk03.zip"
"F00075_SPK03.wav","SPK03","391976","0.3738","cantharm_audio_spk03.zip","downloads/packages/cantharm_audio_spk03.zip"
"F00076_SPK03.wav","SPK03","382760","0.365","cantharm_audio_spk03.zip","downloads/packages/cantharm_audio_spk03.zip"
"F00077_SPK03.wav","SPK03","341288","0.3255","cantharm_audio_spk03.zip","downloads/packages/cantharm_audio_spk03.zip"
"F00078_SPK03.wav","SPK03","405800","0.387","cantharm_audio_spk03.zip","downloads/packages/cantharm_audio_spk03.zip"
"F00079_SPK03.wav","SPK03","364328","0.3475","cantharm_audio_spk03.zip","downloads/packages/cantharm_audio_spk03.zip"
"F00080_SPK03.wav","SPK03","508168","0.4846","cantharm_audio_spk03.zip","downloads/packages/cantharm_audio_spk03.zip"
"F00081_SPK03.wav","SPK03","415016","0.3958","cantharm_audio_spk03.zip","downloads/packages/cantharm_audio_spk03.zip"
"F00082_SPK03.wav","SPK03","304424","0.2903","cantharm_audio_spk03.zip","downloads/packages/cantharm_audio_spk03.zip"
"F00083_SPK01.wav","SPK01","284140","0.271","cantharm_audio_spk01.zip","downloads/packages/cantharm_audio_spk01.zip"
"F00084_SPK03.wav","SPK03","327464","0.3123","cantharm_audio_spk03.zip","downloads/packages/cantharm_audio_spk03.zip"
"F00085_SPK03.wav","SPK03","391976","0.3738","cantharm_audio_spk03.zip","downloads/packages/cantharm_audio_spk03.zip"
"F00086_SPK03.wav","SPK03","350504","0.3343","cantharm_audio_spk03.zip","downloads/packages/cantharm_audio_spk03.zip"
"F00087_SPK03.wav","SPK03","341288","0.3255","cantharm_audio_spk03.zip","downloads/packages/cantharm_audio_spk03.zip"
"F00088_SPK03.wav","SPK03","502876","0.4796","cantharm_audio_spk03.zip","downloads/packages/cantharm_audio_spk03.zip"
"F00089_SPK03.wav","SPK03","628120","0.599","cantharm_audio_spk03.zip","downloads/packages/cantharm_audio_spk03.zip"
"F00090_SPK03.wav","SPK03","396584","0.3782","cantharm_audio_spk03.zip","downloads/packages/cantharm_audio_spk03.zip"
"F00091_SPK03.wav","SPK03","355112","0.3387","cantharm_audio_spk03.zip","downloads/packages/cantharm_audio_spk03.zip"
"F00092_SPK03.wav","SPK03","322856","0.3079","cantharm_audio_spk03.zip","downloads/packages/cantharm_audio_spk03.zip"
"F00093_SPK03.wav","SPK03","332072","0.3167","cantharm_audio_spk03.zip","downloads/packages/cantharm_audio_spk03.zip"
"F00094_SPK03.wav","SPK03","373544","0.3562","cantharm_audio_spk03.zip","downloads/packages/cantharm_audio_spk03.zip"
"F00095_SPK03.wav","SPK03","401192","0.3826","cantharm_audio_spk03.zip","downloads/packages/cantharm_audio_spk03.zip"
"F00096_SPK03.wav","SPK03","309032","0.2947","cantharm_audio_spk03.zip","downloads/packages/cantharm_audio_spk03.zip"
"F00097_SPK03.wav","SPK03","318248","0.3035","cantharm_audio_spk03.zip","downloads/packages/cantharm_audio_spk03.zip"
"F00098_SPK03.wav","SPK03","543448","0.5183","cantharm_audio_spk03.zip","downloads/packages/cantharm_audio_spk03.zip"
"F00099_SPK03.wav","SPK03","567080","0.5408","cantharm_audio_spk03.zip","downloads/packages/cantharm_audio_spk03.zip"
"F00100_SPK03.wav","SPK03","341288","0.3255","cantharm_audio_spk03.zip","downloads/packages/cantharm_audio_spk03.zip"
"F00101_SPK03.wav","SPK03","534824","0.51","cantharm_audio_spk03.zip","downloads/packages/cantharm_audio_spk03.zip"
"F00103_SPK03.wav","SPK03","484136","0.4617","cantharm_audio_spk03.zip","downloads/packages/cantharm_audio_spk03.zip"
"F00104_SPK03.wav","SPK03","401192","0.3826","cantharm_audio_spk03.zip","downloads/packages/cantharm_audio_spk03.zip"
"F00105_SPK03.wav","SPK03","433448","0.4134","cantharm_audio_spk03.zip","downloads/packages/cantharm_audio_spk03.zip"
"F00106_SPK03.wav","SPK03","396584","0.3782","cantharm_audio_spk03.zip","downloads/packages/cantharm_audio_spk03.zip"
"F00107_SPK03.wav","SPK03","299816","0.2859","cantharm_audio_spk03.zip","downloads/packages/cantharm_audio_spk03.zip"
"F00108_SPK03.wav","SPK03","309032","0.2947","cantharm_audio_spk03.zip","downloads/packages/cantharm_audio_spk03.zip"
"F00109_SPK03.wav","SPK03","304424","0.2903","cantharm_audio_spk03.zip","downloads/packages/cantharm_audio_spk03.zip"
"F00110_SPK03.wav","SPK03","304424","0.2903","cantharm_audio_spk03.zip","downloads/packages/cantharm_audio_spk03.zip"
"F00111_SPK03.wav","SPK03","332072","0.3167","cantharm_audio_spk03.zip","downloads/packages/cantharm_audio_spk03.zip"
"F00112_SPK03.wav","SPK03","327464","0.3123","cantharm_audio_spk03.zip","downloads/packages/cantharm_audio_spk03.zip"
"F00113_SPK03.wav","SPK03","341288","0.3255","cantharm_audio_spk03.zip","downloads/packages/cantharm_audio_spk03.zip"
"F00114_SPK03.wav","SPK03","424232","0.4046","cantharm_audio_spk03.zip","downloads/packages/cantharm_audio_spk03.zip"
"F00115_SPK03.wav","SPK03","322856","0.3079","cantharm_audio_spk03.zip","downloads/packages/cantharm_audio_spk03.zip"
"F00116_SPK03.wav","SPK03","336680","0.3211","cantharm_audio_spk03.zip","downloads/packages/cantharm_audio_spk03.zip"
"F00117_SPK03.wav","SPK03","368936","0.3518","cantharm_audio_spk03.zip","downloads/packages/cantharm_audio_spk03.zip"
"F00118_SPK03.wav","SPK03","327464","0.3123","cantharm_audio_spk03.zip","downloads/packages/cantharm_audio_spk03.zip"
"F00119_SPK03.wav","SPK03","359720","0.3431","cantharm_audio_spk03.zip","downloads/packages/cantharm_audio_spk03.zip"
"F00120_SPK03.wav","SPK03","479944","0.4577","cantharm_audio_spk03.zip","downloads/packages/cantharm_audio_spk03.zip"
"F00121A_SPK01.wav","SPK01","368830","0.3517","cantharm_audio_spk01.zip","downloads/packages/cantharm_audio_spk01.zip"
"F00121B_SPK01.wav","SPK01","405874","0.3871","cantharm_audio_spk01.zip","downloads/packages/cantharm_audio_spk01.zip"
"F00122_SPK03.wav","SPK03","438056","0.4178","cantharm_audio_spk03.zip","downloads/packages/cantharm_audio_spk03.zip"
"F00123_SPK03.wav","SPK03","530216","0.5057","cantharm_audio_spk03.zip","downloads/packages/cantharm_audio_spk03.zip"
"F00124_SPK03.wav","SPK03","444664","0.4241","cantharm_audio_spk03.zip","downloads/packages/cantharm_audio_spk03.zip"
"F00125_SPK03.wav","SPK03","313640","0.2991","cantharm_audio_spk03.zip","downloads/packages/cantharm_audio_spk03.zip"
"F00126_SPK03.wav","SPK03","341288","0.3255","cantharm_audio_spk03.zip","downloads/packages/cantharm_audio_spk03.zip"
"F00127_SPK03.wav","SPK03","460540","0.4392","cantharm_audio_spk03.zip","downloads/packages/cantharm_audio_spk03.zip"
"F00128_SPK03.wav","SPK03","345896","0.3299","cantharm_audio_spk03.zip","downloads/packages/cantharm_audio_spk03.zip"
"F00129_SPK03.wav","SPK03","391976","0.3738","cantharm_audio_spk03.zip","downloads/packages/cantharm_audio_spk03.zip"
"F00130_SPK03.wav","SPK03","615772","0.5872","cantharm_audio_spk03.zip","downloads/packages/cantharm_audio_spk03.zip"
"F00131_SPK03.wav","SPK03","355112","0.3387","cantharm_audio_spk03.zip","downloads/packages/cantharm_audio_spk03.zip"
"F00132_SPK03.wav","SPK03","465832","0.4443","cantharm_audio_spk03.zip","downloads/packages/cantharm_audio_spk03.zip"
"F00133_SPK03.wav","SPK03","355112","0.3387","cantharm_audio_spk03.zip","downloads/packages/cantharm_audio_spk03.zip"
"F00134_SPK03.wav","SPK03","384688","0.3669","cantharm_audio_spk03.zip","downloads/packages/cantharm_audio_spk03.zip"
"F00135_SPK03.wav","SPK03","416440","0.3971","cantharm_audio_spk03.zip","downloads/packages/cantharm_audio_spk03.zip"
"F00136_SPK01.wav","SPK01","307072","0.2928","cantharm_audio_spk01.zip","downloads/packages/cantharm_audio_spk01.zip"
"F00137_SPK01.wav","SPK01","344116","0.3282","cantharm_audio_spk01.zip","downloads/packages/cantharm_audio_spk01.zip"
"F00138_SPK03.wav","SPK03","295208","0.2815","cantharm_audio_spk03.zip","downloads/packages/cantharm_audio_spk03.zip"
"F00139_SPK03.wav","SPK03","425260","0.4056","cantharm_audio_spk03.zip","downloads/packages/cantharm_audio_spk03.zip"
"F00140_SPK03.wav","SPK03","375868","0.3585","cantharm_audio_spk03.zip","downloads/packages/cantharm_audio_spk03.zip"
"F00141_SPK03.wav","SPK03","550504","0.525","cantharm_audio_spk03.zip","downloads/packages/cantharm_audio_spk03.zip"
"F00142_SPK03.wav","SPK03","368936","0.3518","cantharm_audio_spk03.zip","downloads/packages/cantharm_audio_spk03.zip"
"F00143_SPK03.wav","SPK03","290600","0.2771","cantharm_audio_spk03.zip","downloads/packages/cantharm_audio_spk03.zip"
"F00144_SPK03.wav","SPK03","290600","0.2771","cantharm_audio_spk03.zip","downloads/packages/cantharm_audio_spk03.zip"
"F00145_SPK03.wav","SPK03","345896","0.3299","cantharm_audio_spk03.zip","downloads/packages/cantharm_audio_spk03.zip"
"F00146_SPK03.wav","SPK03","359720","0.3431","cantharm_audio_spk03.zip","downloads/packages/cantharm_audio_spk03.zip"
"F00147_SPK03.wav","SPK03","355112","0.3387","cantharm_audio_spk03.zip","downloads/packages/cantharm_audio_spk03.zip"
"F00148_SPK03.wav","SPK03","378152","0.3606","cantharm_audio_spk03.zip","downloads/packages/cantharm_audio_spk03.zip"
"F00149_SPK03.wav","SPK03","497960","0.4749","cantharm_audio_spk03.zip","downloads/packages/cantharm_audio_spk03.zip"
"F00150_SPK03.wav","SPK03","276776","0.264","cantharm_audio_spk03.zip","downloads/packages/cantharm_audio_spk03.zip"
"F00151_SPK03.wav","SPK03","318248","0.3035","cantharm_audio_spk03.zip","downloads/packages/cantharm_audio_spk03.zip"
"F00152_SPK03.wav","SPK03","332072","0.3167","cantharm_audio_spk03.zip","downloads/packages/cantharm_audio_spk03.zip"
"F00153_SPK03.wav","SPK03","332072","0.3167","cantharm_audio_spk03.zip","downloads/packages/cantharm_audio_spk03.zip"
"F00154_SPK03.wav","SPK03","304424","0.2903","cantharm_audio_spk03.zip","downloads/packages/cantharm_audio_spk03.zip"
"F00155_SPK03.wav","SPK03","327464","0.3123","cantharm_audio_spk03.zip","downloads/packages/cantharm_audio_spk03.zip"
"F00156_SPK03.wav","SPK03","419624","0.4002","cantharm_audio_spk03.zip","downloads/packages/cantharm_audio_spk03.zip"
"F00157_SPK03.wav","SPK03","332072","0.3167","cantharm_audio_spk03.zip","downloads/packages/cantharm_audio_spk03.zip"
"F00158_SPK03.wav","SPK03","364328","0.3475","cantharm_audio_spk03.zip","downloads/packages/cantharm_audio_spk03.zip"
"F00159_SPK03.wav","SPK03","341288","0.3255","cantharm_audio_spk03.zip","downloads/packages/cantharm_audio_spk03.zip"
"F00160_SPK03.wav","SPK03","378152","0.3606","cantharm_audio_spk03.zip","downloads/packages/cantharm_audio_spk03.zip"
"F00161_SPK03.wav","SPK03","396584","0.3782","cantharm_audio_spk03.zip","downloads/packages/cantharm_audio_spk03.zip"
"F00162_SPK03.wav","SPK03","415016","0.3958","cantharm_audio_spk03.zip","downloads/packages/cantharm_audio_spk03.zip"
"F00163_SPK03.wav","SPK03","207656","0.198","cantharm_audio_spk03.zip","downloads/packages/cantharm_audio_spk03.zip"
"F00164_SPK03.wav","SPK03","332072","0.3167","cantharm_audio_spk03.zip","downloads/packages/cantharm_audio_spk03.zip"
"F00165_SPK03.wav","SPK03","304424","0.2903","cantharm_audio_spk03.zip","downloads/packages/cantharm_audio_spk03.zip"
"F00166_SPK03.wav","SPK03","355112","0.3387","cantharm_audio_spk03.zip","downloads/packages/cantharm_audio_spk03.zip"
"F00167_SPK03.wav","SPK03","341288","0.3255","cantharm_audio_spk03.zip","downloads/packages/cantharm_audio_spk03.zip"
"F00168_SPK03.wav","SPK03","313640","0.2991","cantharm_audio_spk03.zip","downloads/packages/cantharm_audio_spk03.zip"
"F00169_SPK03.wav","SPK03","304424","0.2903","cantharm_audio_spk03.zip","downloads/packages/cantharm_audio_spk03.zip"
"F00170_SPK03.wav","SPK03","313640","0.2991","cantharm_audio_spk03.zip","downloads/packages/cantharm_audio_spk03.zip"
"F00171A_SPK02.wav","SPK02","347642","0.3315","cantharm_audio_spk02.zip","downloads/packages/cantharm_audio_spk02.zip"
"F00171B_SPK02.wav","SPK02","333530","0.3181","cantharm_audio_spk02.zip","downloads/packages/cantharm_audio_spk02.zip"
"F00172_SPK01.wav","SPK01","310600","0.2962","cantharm_audio_spk01.zip","downloads/packages/cantharm_audio_spk01.zip"
"F00173_SPK03.wav","SPK03","290600","0.2771","cantharm_audio_spk03.zip","downloads/packages/cantharm_audio_spk03.zip"
"F00174_SPK03.wav","SPK03","521000","0.4969","cantharm_audio_spk03.zip","downloads/packages/cantharm_audio_spk03.zip"
"F00176_SPK03.wav","SPK03","419624","0.4002","cantharm_audio_spk03.zip","downloads/packages/cantharm_audio_spk03.zip"
"F00177_SPK03.wav","SPK03","341288","0.3255","cantharm_audio_spk03.zip","downloads/packages/cantharm_audio_spk03.zip"
"F00178_SPK03.wav","SPK03","382760","0.365","cantharm_audio_spk03.zip","downloads/packages/cantharm_audio_spk03.zip"
"F00179_SPK03.wav","SPK03","442664","0.4222","cantharm_audio_spk03.zip","downloads/packages/cantharm_audio_spk03.zip"
"F00180_SPK03.wav","SPK03","484136","0.4617","cantharm_audio_spk03.zip","downloads/packages/cantharm_audio_spk03.zip"
"F00181_SPK03.wav","SPK03","295208","0.2815","cantharm_audio_spk03.zip","downloads/packages/cantharm_audio_spk03.zip"
"F00182_SPK03.wav","SPK03","309032","0.2947","cantharm_audio_spk03.zip","downloads/packages/cantharm_audio_spk03.zip"
"F00183_SPK03.wav","SPK03","332072","0.3167","cantharm_audio_spk03.zip","downloads/packages/cantharm_audio_spk03.zip"
"F00184_SPK03.wav","SPK03","313640","0.2991","cantharm_audio_spk03.zip","downloads/packages/cantharm_audio_spk03.zip"
"F00185_SPK03.wav","SPK03","382760","0.365","cantharm_audio_spk03.zip","downloads/packages/cantharm_audio_spk03.zip"
"F00186_SPK03.wav","SPK03","327464","0.3123","cantharm_audio_spk03.zip","downloads/packages/cantharm_audio_spk03.zip"
"F00187_SPK03.wav","SPK03","341288","0.3255","cantharm_audio_spk03.zip","downloads/packages/cantharm_audio_spk03.zip"
"F00188_SPK03.wav","SPK03","303544","0.2895","cantharm_audio_spk03.zip","downloads/packages/cantharm_audio_spk03.zip"
"F00189_SPK03.wav","SPK03","341288","0.3255","cantharm_audio_spk03.zip","downloads/packages/cantharm_audio_spk03.zip"
"F00190_SPK03.wav","SPK03","447272","0.4266","cantharm_audio_spk03.zip","downloads/packages/cantharm_audio_spk03.zip"
"F00191_SPK03.wav","SPK03","309032","0.2947","cantharm_audio_spk03.zip","downloads/packages/cantharm_audio_spk03.zip"
"F00192_SPK03.wav","SPK03","355112","0.3387","cantharm_audio_spk03.zip","downloads/packages/cantharm_audio_spk03.zip"
"F00193_SPK03.wav","SPK03","451880","0.4309","cantharm_audio_spk03.zip","downloads/packages/cantharm_audio_spk03.zip"
"F00194_SPK03.wav","SPK03","318248","0.3035","cantharm_audio_spk03.zip","downloads/packages/cantharm_audio_spk03.zip"
"F00195_SPK03.wav","SPK03","304424","0.2903","cantharm_audio_spk03.zip","downloads/packages/cantharm_audio_spk03.zip"
"F00196_SPK03.wav","SPK03","364328","0.3475","cantharm_audio_spk03.zip","downloads/packages/cantharm_audio_spk03.zip"
"F00197_SPK03.wav","SPK03","391976","0.3738","cantharm_audio_spk03.zip","downloads/packages/cantharm_audio_spk03.zip"
"F00198_SPK03.wav","SPK03","391976","0.3738","cantharm_audio_spk03.zip","downloads/packages/cantharm_audio_spk03.zip"
"F00199_SPK03.wav","SPK03","304424","0.2903","cantharm_audio_spk03.zip","downloads/packages/cantharm_audio_spk03.zip"
"F00200_SPK03.wav","SPK03","492292","0.4695","cantharm_audio_spk03.zip","downloads/packages/cantharm_audio_spk03.zip"
"F00201_SPK03.wav","SPK03","580492","0.5536","cantharm_audio_spk03.zip","downloads/packages/cantharm_audio_spk03.zip"
"F00202_SPK03.wav","SPK03","332072","0.3167","cantharm_audio_spk03.zip","downloads/packages/cantharm_audio_spk03.zip"
"F00203_SPK03.wav","SPK03","368936","0.3518","cantharm_audio_spk03.zip","downloads/packages/cantharm_audio_spk03.zip"
"F00204_SPK03.wav","SPK03","350504","0.3343","cantharm_audio_spk03.zip","downloads/packages/cantharm_audio_spk03.zip"
"F00205_SPK03.wav","SPK03","309032","0.2947","cantharm_audio_spk03.zip","downloads/packages/cantharm_audio_spk03.zip"
"F00206_SPK03.wav","SPK03","401192","0.3826","cantharm_audio_spk03.zip","downloads/packages/cantharm_audio_spk03.zip"
"F00207_SPK03.wav","SPK03","322856","0.3079","cantharm_audio_spk03.zip","downloads/packages/cantharm_audio_spk03.zip"
"F00208_SPK03.wav","SPK03","345896","0.3299","cantharm_audio_spk03.zip","downloads/packages/cantharm_audio_spk03.zip"
"F00209_SPK03.wav","SPK03","532864","0.5082","cantharm_audio_spk03.zip","downloads/packages/cantharm_audio_spk03.zip"
"F00210_SPK03.wav","SPK03","382760","0.365","cantharm_audio_spk03.zip","downloads/packages/cantharm_audio_spk03.zip"
"F00211_SPK03.wav","SPK03","318248","0.3035","cantharm_audio_spk03.zip","downloads/packages/cantharm_audio_spk03.zip"
"F00212_SPK03.wav","SPK03","304424","0.2903","cantharm_audio_spk03.zip","downloads/packages/cantharm_audio_spk03.zip"
"F00213_SPK03.wav","SPK03","557864","0.532","cantharm_audio_spk03.zip","downloads/packages/cantharm_audio_spk03.zip"
"F00214_SPK03.wav","SPK03","253736","0.242","cantharm_audio_spk03.zip","downloads/packages/cantharm_audio_spk03.zip"
"F00215_SPK03.wav","SPK03","350504","0.3343","cantharm_audio_spk03.zip","downloads/packages/cantharm_audio_spk03.zip"
"F00216_SPK03.wav","SPK03","405800","0.387","cantharm_audio_spk03.zip","downloads/packages/cantharm_audio_spk03.zip"
"F00217_SPK03.wav","SPK03","433448","0.4134","cantharm_audio_spk03.zip","downloads/packages/cantharm_audio_spk03.zip"
"F00218_SPK03.wav","SPK03","470312","0.4485","cantharm_audio_spk03.zip","downloads/packages/cantharm_audio_spk03.zip"
"F00219_SPK03.wav","SPK03","304424","0.2903","cantharm_audio_spk03.zip","downloads/packages/cantharm_audio_spk03.zip"
"F00220_SPK03.wav","SPK03","350504","0.3343","cantharm_audio_spk03.zip","downloads/packages/cantharm_audio_spk03.zip"
"F00221_SPK03.wav","SPK03","332072","0.3167","cantharm_audio_spk03.zip","downloads/packages/cantharm_audio_spk03.zip"
"F00222_SPK03.wav","SPK03","309032","0.2947","cantharm_audio_spk03.zip","downloads/packages/cantharm_audio_spk03.zip"
"F00223_SPK03.wav","SPK03","345896","0.3299","cantharm_audio_spk03.zip","downloads/packages/cantharm_audio_spk03.zip"
"F00224_SPK03.wav","SPK03","474920","0.4529","cantharm_audio_spk03.zip","downloads/packages/cantharm_audio_spk03.zip"
"F00225_SPK03.wav","SPK03","290600","0.2771","cantharm_audio_spk03.zip","downloads/packages/cantharm_audio_spk03.zip"
"F00226_SPK03.wav","SPK03","290600","0.2771","cantharm_audio_spk03.zip","downloads/packages/cantharm_audio_spk03.zip"
"F00227_SPK03.wav","SPK03","299816","0.2859","cantharm_audio_spk03.zip","downloads/packages/cantharm_audio_spk03.zip"
"F00228_SPK03.wav","SPK03","350504","0.3343","cantharm_audio_spk03.zip","downloads/packages/cantharm_audio_spk03.zip"
"F00229_SPK03.wav","SPK03","295208","0.2815","cantharm_audio_spk03.zip","downloads/packages/cantharm_audio_spk03.zip"
"F00230_SPK03.wav","SPK03","313640","0.2991","cantharm_audio_spk03.zip","downloads/packages/cantharm_audio_spk03.zip"
"F00231_SPK03.wav","SPK03","763948","0.7286","cantharm_audio_spk03.zip","downloads/packages/cantharm_audio_spk03.zip"
"F00232_SPK03.wav","SPK03","497960","0.4749","cantharm_audio_spk03.zip","downloads/packages/cantharm_audio_spk03.zip"
"F00233_SPK01.wav","SPK01","363520","0.3467","cantharm_audio_spk01.zip","downloads/packages/cantharm_audio_spk01.zip"
"F00234_SPK03.wav","SPK03","331768","0.3164","cantharm_audio_spk03.zip","downloads/packages/cantharm_audio_spk03.zip"
"F00235_SPK03.wav","SPK03","341288","0.3255","cantharm_audio_spk03.zip","downloads/packages/cantharm_audio_spk03.zip"
"F00237A_SPK01.wav","SPK01","358228","0.3416","cantharm_audio_spk01.zip","downloads/packages/cantharm_audio_spk01.zip"
"F00237B_SPK01.wav","SPK01","361756","0.345","cantharm_audio_spk01.zip","downloads/packages/cantharm_audio_spk01.zip"
"F00238_SPK03.wav","SPK03","378152","0.3606","cantharm_audio_spk03.zip","downloads/packages/cantharm_audio_spk03.zip"
"F00239_SPK03.wav","SPK03","211816","0.202","cantharm_audio_spk03.zip","downloads/packages/cantharm_audio_spk03.zip"
"F00240_SPK03.wav","SPK03","488764","0.4661","cantharm_audio_spk03.zip","downloads/packages/cantharm_audio_spk03.zip"
"F00241_SPK03.wav","SPK03","304424","0.2903","cantharm_audio_spk03.zip","downloads/packages/cantharm_audio_spk03.zip"
"F00242_SPK03.wav","SPK03","373544","0.3562","cantharm_audio_spk03.zip","downloads/packages/cantharm_audio_spk03.zip"
"F00243_SPK03.wav","SPK03","322856","0.3079","cantharm_audio_spk03.zip","downloads/packages/cantharm_audio_spk03.zip"
"F00244_SPK03.wav","SPK03","327464","0.3123","cantharm_audio_spk03.zip","downloads/packages/cantharm_audio_spk03.zip"
"F00245_SPK03.wav","SPK03","327464","0.3123","cantharm_audio_spk03.zip","downloads/packages/cantharm_audio_spk03.zip"
"F00246A_SPK03.wav","SPK03","520514","0.4964","cantharm_audio_spk03.zip","downloads/packages/cantharm_audio_spk03.zip"
"F00246B_SPK03.wav","SPK03","492290","0.4695","cantharm_audio_spk03.zip","downloads/packages/cantharm_audio_spk03.zip"
"F00247_SPK03.wav","SPK03","318248","0.3035","cantharm_audio_spk03.zip","downloads/packages/cantharm_audio_spk03.zip"
"F00248_SPK03.wav","SPK03","285992","0.2727","cantharm_audio_spk03.zip","downloads/packages/cantharm_audio_spk03.zip"
"F00249_SPK03.wav","SPK03","364328","0.3475","cantharm_audio_spk03.zip","downloads/packages/cantharm_audio_spk03.zip"
"F00250_SPK03.wav","SPK03","304424","0.2903","cantharm_audio_spk03.zip","downloads/packages/cantharm_audio_spk03.zip"
"F00251_SPK03.wav","SPK03","364328","0.3475","cantharm_audio_spk03.zip","downloads/packages/cantharm_audio_spk03.zip"
"F00252_SPK03.wav","SPK03","378152","0.3606","cantharm_audio_spk03.zip","downloads/packages/cantharm_audio_spk03.zip"
"F00253_SPK03.wav","SPK03","258344","0.2464","cantharm_audio_spk03.zip","downloads/packages/cantharm_audio_spk03.zip"
"F00254_SPK03.wav","SPK03","272168","0.2596","cantharm_audio_spk03.zip","downloads/packages/cantharm_audio_spk03.zip"
"F00255_SPK03.wav","SPK03","451880","0.4309","cantharm_audio_spk03.zip","downloads/packages/cantharm_audio_spk03.zip"
"F00256_SPK03.wav","SPK03","368936","0.3518","cantharm_audio_spk03.zip","downloads/packages/cantharm_audio_spk03.zip"
"F00257_SPK03.wav","SPK03","447272","0.4266","cantharm_audio_spk03.zip","downloads/packages/cantharm_audio_spk03.zip"
"F00258_SPK03.wav","SPK03","415016","0.3958","cantharm_audio_spk03.zip","downloads/packages/cantharm_audio_spk03.zip"
"F00259_SPK03.wav","SPK03","332072","0.3167","cantharm_audio_spk03.zip","downloads/packages/cantharm_audio_spk03.zip"
"F00260_SPK03.wav","SPK03","419624","0.4002","cantharm_audio_spk03.zip","downloads/packages/cantharm_audio_spk03.zip"
"F00261_SPK03.wav","SPK03","304424","0.2903","cantharm_audio_spk03.zip","downloads/packages/cantharm_audio_spk03.zip"
"F00262_SPK03.wav","SPK03","322856","0.3079","cantharm_audio_spk03.zip","downloads/packages/cantharm_audio_spk03.zip"
"F00263_SPK03.wav","SPK03","387368","0.3694","cantharm_audio_spk03.zip","downloads/packages/cantharm_audio_spk03.zip"
"F00264_SPK03.wav","SPK03","332072","0.3167","cantharm_audio_spk03.zip","downloads/packages/cantharm_audio_spk03.zip"
"F00265_SPK03.wav","SPK03","396584","0.3782","cantharm_audio_spk03.zip","downloads/packages/cantharm_audio_spk03.zip"
"F00266A_SPK05.wav","SPK05","432314","0.4123","cantharm_audio_spk05.zip","downloads/packages/cantharm_audio_spk05.zip"
"F00266B_SPK05.wav","SPK05","432314","0.4123","cantharm_audio_spk05.zip","downloads/packages/cantharm_audio_spk05.zip"
"F00267_SPK05.wav","SPK05","358228","0.3416","cantharm_audio_spk05.zip","downloads/packages/cantharm_audio_spk05.zip"
"F00268_SPK03.wav","SPK03","534824","0.51","cantharm_audio_spk03.zip","downloads/packages/cantharm_audio_spk03.zip"
"F00269_SPK03.wav","SPK03","410408","0.3914","cantharm_audio_spk03.zip","downloads/packages/cantharm_audio_spk03.zip"
"F00270_SPK03.wav","SPK03","364328","0.3475","cantharm_audio_spk03.zip","downloads/packages/cantharm_audio_spk03.zip"
"F00271_SPK03.wav","SPK03","415016","0.3958","cantharm_audio_spk03.zip","downloads/packages/cantharm_audio_spk03.zip"
"F00272_SPK03.wav","SPK03","299816","0.2859","cantharm_audio_spk03.zip","downloads/packages/cantharm_audio_spk03.zip"
"F00273_SPK03.wav","SPK03","382760","0.365","cantharm_audio_spk03.zip","downloads/packages/cantharm_audio_spk03.zip"
"F00274_SPK03.wav","SPK03","638192","0.6086","cantharm_audio_spk03.zip","downloads/packages/cantharm_audio_spk03.zip"
"F00275_SPK03.wav","SPK03","345896","0.3299","cantharm_audio_spk03.zip","downloads/packages/cantharm_audio_spk03.zip"
"F00276_SPK03.wav","SPK03","341288","0.3255","cantharm_audio_spk03.zip","downloads/packages/cantharm_audio_spk03.zip"
"F00277_SPK03.wav","SPK03","401192","0.3826","cantharm_audio_spk03.zip","downloads/packages/cantharm_audio_spk03.zip"
"F00278_SPK03.wav","SPK03","304424","0.2903","cantharm_audio_spk03.zip","downloads/packages/cantharm_audio_spk03.zip"
"F00279_SPK03.wav","SPK03","378152","0.3606","cantharm_audio_spk03.zip","downloads/packages/cantharm_audio_spk03.zip"
"F00280_SPK03.wav","SPK03","327464","0.3123","cantharm_audio_spk03.zip","downloads/packages/cantharm_audio_spk03.zip"
"F00281_SPK03.wav","SPK03","438056","0.4178","cantharm_audio_spk03.zip","downloads/packages/cantharm_audio_spk03.zip"
"F00282_SPK03.wav","SPK03","336680","0.3211","cantharm_audio_spk03.zip","downloads/packages/cantharm_audio_spk03.zip"
"F00283_SPK03.wav","SPK03","432828","0.4128","cantharm_audio_spk03.zip","downloads/packages/cantharm_audio_spk03.zip"
"F00284_SPK03.wav","SPK03","332072","0.3167","cantharm_audio_spk03.zip","downloads/packages/cantharm_audio_spk03.zip"
"F00285_SPK03.wav","SPK03","281384","0.2683","cantharm_audio_spk03.zip","downloads/packages/cantharm_audio_spk03.zip"
"F00286_SPK03.wav","SPK03","290600","0.2771","cantharm_audio_spk03.zip","downloads/packages/cantharm_audio_spk03.zip"
"F00287_SPK03.wav","SPK03","258344","0.2464","cantharm_audio_spk03.zip","downloads/packages/cantharm_audio_spk03.zip"
"F00288_SPK03.wav","SPK03","281384","0.2683","cantharm_audio_spk03.zip","downloads/packages/cantharm_audio_spk03.zip"
"F00289_SPK03.wav","SPK03","493352","0.4705","cantharm_audio_spk03.zip","downloads/packages/cantharm_audio_spk03.zip"
"F00290_SPK03.wav","SPK03","290600","0.2771","cantharm_audio_spk03.zip","downloads/packages/cantharm_audio_spk03.zip"
"F00291_SPK03.wav","SPK03","327464","0.3123","cantharm_audio_spk03.zip","downloads/packages/cantharm_audio_spk03.zip"
"F00292_SPK03.wav","SPK03","447272","0.4266","cantharm_audio_spk03.zip","downloads/packages/cantharm_audio_spk03.zip"
"F00293_SPK03.wav","SPK03","387368","0.3694","cantharm_audio_spk03.zip","downloads/packages/cantharm_audio_spk03.zip"
"F00294_SPK03.wav","SPK03","290600","0.2771","cantharm_audio_spk03.zip","downloads/packages/cantharm_audio_spk03.zip"
"F00295_SPK03.wav","SPK03","272168","0.2596","cantharm_audio_spk03.zip","downloads/packages/cantharm_audio_spk03.zip"
"F00296_SPK03.wav","SPK03","378152","0.3606","cantharm_audio_spk03.zip","downloads/packages/cantharm_audio_spk03.zip"
"F00297_SPK03.wav","SPK03","396584","0.3782","cantharm_audio_spk03.zip","downloads/packages/cantharm_audio_spk03.zip"
"F00298_SPK03.wav","SPK03","304424","0.2903","cantharm_audio_spk03.zip","downloads/packages/cantharm_audio_spk03.zip"
"F00299_SPK03.wav","SPK03","341288","0.3255","cantharm_audio_spk03.zip","downloads/packages/cantharm_audio_spk03.zip"
"F00300_SPK03.wav","SPK03","295208","0.2815","cantharm_audio_spk03.zip","downloads/packages/cantharm_audio_spk03.zip"
"F00301_SPK03.wav","SPK03","332072","0.3167","cantharm_audio_spk03.zip","downloads/packages/cantharm_audio_spk03.zip"
"F00302_SPK03.wav","SPK03","345896","0.3299","cantharm_audio_spk03.zip","downloads/packages/cantharm_audio_spk03.zip"
"F00303_SPK03.wav","SPK03","378152","0.3606","cantharm_audio_spk03.zip","downloads/packages/cantharm_audio_spk03.zip"
"F00304_SPK03.wav","SPK03","410408","0.3914","cantharm_audio_spk03.zip","downloads/packages/cantharm_audio_spk03.zip"
"F00305_SPK03.wav","SPK03","424232","0.4046","cantharm_audio_spk03.zip","downloads/packages/cantharm_audio_spk03.zip"
"F00306_SPK03.wav","SPK03","461096","0.4397","cantharm_audio_spk03.zip","downloads/packages/cantharm_audio_spk03.zip"
"F00307_SPK03.wav","SPK03","309032","0.2947","cantharm_audio_spk03.zip","downloads/packages/cantharm_audio_spk03.zip"
"F00308_SPK03.wav","SPK03","304424","0.2903","cantharm_audio_spk03.zip","downloads/packages/cantharm_audio_spk03.zip"
"F00309_SPK03.wav","SPK03","364328","0.3475","cantharm_audio_spk03.zip","downloads/packages/cantharm_audio_spk03.zip"
"F00310_SPK03.wav","SPK03","387368","0.3694","cantharm_audio_spk03.zip","downloads/packages/cantharm_audio_spk03.zip"
"F00311_SPK03.wav","SPK03","461096","0.4397","cantharm_audio_spk03.zip","downloads/packages/cantharm_audio_spk03.zip"
"F00312_SPK03.wav","SPK03","451720","0.4308","cantharm_audio_spk03.zip","downloads/packages/cantharm_audio_spk03.zip"
"F00313_SPK03.wav","SPK03","281384","0.2683","cantharm_audio_spk03.zip","downloads/packages/cantharm_audio_spk03.zip"
"F00314_SPK03.wav","SPK03","368936","0.3518","cantharm_audio_spk03.zip","downloads/packages/cantharm_audio_spk03.zip"
"F00315_SPK03.wav","SPK03","327464","0.3123","cantharm_audio_spk03.zip","downloads/packages/cantharm_audio_spk03.zip"
"F00316_SPK03.wav","SPK03","590120","0.5628","cantharm_audio_spk03.zip","downloads/packages/cantharm_audio_spk03.zip"
"F00317_SPK03.wav","SPK03","359720","0.3431","cantharm_audio_spk03.zip","downloads/packages/cantharm_audio_spk03.zip"
"F00318_SPK03.wav","SPK03","474920","0.4529","cantharm_audio_spk03.zip","downloads/packages/cantharm_audio_spk03.zip"
"F00319_SPK03.wav","SPK03","534824","0.51","cantharm_audio_spk03.zip","downloads/packages/cantharm_audio_spk03.zip"
"F00320_SPK03.wav","SPK03","378152","0.3606","cantharm_audio_spk03.zip","downloads/packages/cantharm_audio_spk03.zip"
"F00321_SPK03.wav","SPK03","387368","0.3694","cantharm_audio_spk03.zip","downloads/packages/cantharm_audio_spk03.zip"
"F00322_SPK03.wav","SPK03","401192","0.3826","cantharm_audio_spk03.zip","downloads/packages/cantharm_audio_spk03.zip"
"F00323_SPK03.wav","SPK03","338824","0.3231","cantharm_audio_spk03.zip","downloads/packages/cantharm_audio_spk03.zip"
"F00324_SPK03.wav","SPK03","382760","0.365","cantharm_audio_spk03.zip","downloads/packages/cantharm_audio_spk03.zip"
"F00325_SPK03.wav","SPK03","258344","0.2464","cantharm_audio_spk03.zip","downloads/packages/cantharm_audio_spk03.zip"
"F00326_SPK03.wav","SPK03","332072","0.3167","cantharm_audio_spk03.zip","downloads/packages/cantharm_audio_spk03.zip"
"F00327_SPK03.wav","SPK03","543448","0.5183","cantharm_audio_spk03.zip","downloads/packages/cantharm_audio_spk03.zip"
"F00328_SPK03.wav","SPK03","299816","0.2859","cantharm_audio_spk03.zip","downloads/packages/cantharm_audio_spk03.zip"
"F00329_SPK03.wav","SPK03","493352","0.4705","cantharm_audio_spk03.zip","downloads/packages/cantharm_audio_spk03.zip"
"F00330_SPK03.wav","SPK03","285992","0.2727","cantharm_audio_spk03.zip","downloads/packages/cantharm_audio_spk03.zip"
"F00331_SPK03.wav","SPK03","309032","0.2947","cantharm_audio_spk03.zip","downloads/packages/cantharm_audio_spk03.zip"
"F00332_SPK03.wav","SPK03","401192","0.3826","cantharm_audio_spk03.zip","downloads/packages/cantharm_audio_spk03.zip"
"F00333_SPK03.wav","SPK03","594604","0.5671","cantharm_audio_spk03.zip","downloads/packages/cantharm_audio_spk03.zip"
"F00334_SPK03.wav","SPK03","281384","0.2683","cantharm_audio_spk03.zip","downloads/packages/cantharm_audio_spk03.zip"
"F00335_SPK03.wav","SPK03","332072","0.3167","cantharm_audio_spk03.zip","downloads/packages/cantharm_audio_spk03.zip"
"F00336_SPK03.wav","SPK03","461096","0.4397","cantharm_audio_spk03.zip","downloads/packages/cantharm_audio_spk03.zip"
"F00337_SPK03.wav","SPK03","548648","0.5232","cantharm_audio_spk03.zip","downloads/packages/cantharm_audio_spk03.zip"
"F00338_SPK03.wav","SPK03","299816","0.2859","cantharm_audio_spk03.zip","downloads/packages/cantharm_audio_spk03.zip"
"F00339_SPK03.wav","SPK03","373544","0.3562","cantharm_audio_spk03.zip","downloads/packages/cantharm_audio_spk03.zip"
"F00340_SPK03.wav","SPK03","341288","0.3255","cantharm_audio_spk03.zip","downloads/packages/cantharm_audio_spk03.zip"
"F00341_SPK03.wav","SPK03","424232","0.4046","cantharm_audio_spk03.zip","downloads/packages/cantharm_audio_spk03.zip"
"F00342_SPK03.wav","SPK03","424232","0.4046","cantharm_audio_spk03.zip","downloads/packages/cantharm_audio_spk03.zip"
"F00343_SPK03.wav","SPK03","322856","0.3079","cantharm_audio_spk03.zip","downloads/packages/cantharm_audio_spk03.zip"
"F00344_SPK03.wav","SPK03","262952","0.2508","cantharm_audio_spk03.zip","downloads/packages/cantharm_audio_spk03.zip"
"F00345_SPK03.wav","SPK03","438056","0.4178","cantharm_audio_spk03.zip","downloads/packages/cantharm_audio_spk03.zip"
"F00346_SPK03.wav","SPK03","304424","0.2903","cantharm_audio_spk03.zip","downloads/packages/cantharm_audio_spk03.zip"
"F00347_SPK03.wav","SPK03","281384","0.2683","cantharm_audio_spk03.zip","downloads/packages/cantharm_audio_spk03.zip"
"F00348_SPK03.wav","SPK03","285992","0.2727","cantharm_audio_spk03.zip","downloads/packages/cantharm_audio_spk03.zip"
"F00349_SPK03.wav","SPK03","299816","0.2859","cantharm_audio_spk03.zip","downloads/packages/cantharm_audio_spk03.zip"
"F00350_SPK03.wav","SPK03","378152","0.3606","cantharm_audio_spk03.zip","downloads/packages/cantharm_audio_spk03.zip"
"F00351_SPK03.wav","SPK03","304424","0.2903","cantharm_audio_spk03.zip","downloads/packages/cantharm_audio_spk03.zip"
"F00352_SPK03.wav","SPK03","350504","0.3343","cantharm_audio_spk03.zip","downloads/packages/cantharm_audio_spk03.zip"
"F00353_SPK03.wav","SPK03","382760","0.365","cantharm_audio_spk03.zip","downloads/packages/cantharm_audio_spk03.zip"
"F00354_SPK03.wav","SPK03","355112","0.3387","cantharm_audio_spk03.zip","downloads/packages/cantharm_audio_spk03.zip"
"F00355_SPK03.wav","SPK03","276776","0.264","cantharm_audio_spk03.zip","downloads/packages/cantharm_audio_spk03.zip"
"F00356_SPK03.wav","SPK03","336680","0.3211","cantharm_audio_spk03.zip","downloads/packages/cantharm_audio_spk03.zip"
"F00357_SPK03.wav","SPK03","322856","0.3079","cantharm_audio_spk03.zip","downloads/packages/cantharm_audio_spk03.zip"
"F00358_SPK03.wav","SPK03","341288","0.3255","cantharm_audio_spk03.zip","downloads/packages/cantharm_audio_spk03.zip"
"F00359_SPK03.wav","SPK03","309032","0.2947","cantharm_audio_spk03.zip","downloads/packages/cantharm_audio_spk03.zip"
"F00360_SPK03.wav","SPK03","295208","0.2815","cantharm_audio_spk03.zip","downloads/packages/cantharm_audio_spk03.zip"
"F00361_SPK03.wav","SPK03","373544","0.3562","cantharm_audio_spk03.zip","downloads/packages/cantharm_audio_spk03.zip"
"F00362_SPK03.wav","SPK03","313640","0.2991","cantharm_audio_spk03.zip","downloads/packages/cantharm_audio_spk03.zip"
"F00363_SPK03.wav","SPK03","313640","0.2991","cantharm_audio_spk03.zip","downloads/packages/cantharm_audio_spk03.zip"
"F00364_SPK03.wav","SPK03","336680","0.3211","cantharm_audio_spk03.zip","downloads/packages/cantharm_audio_spk03.zip"
"F00365_SPK03.wav","SPK03","350504","0.3343","cantharm_audio_spk03.zip","downloads/packages/cantharm_audio_spk03.zip"
"F00366_SPK03.wav","SPK03","332072","0.3167","cantharm_audio_spk03.zip","downloads/packages/cantharm_audio_spk03.zip"
"F00367A_SPK07.wav","SPK07","434078","0.414","cantharm_audio_spk07.zip","downloads/packages/cantharm_audio_spk07.zip"
"F00367B_SPK07.wav","SPK07","434078","0.414","cantharm_audio_spk07.zip","downloads/packages/cantharm_audio_spk07.zip"
"F00368_SPK03.wav","SPK03","285992","0.2727","cantharm_audio_spk03.zip","downloads/packages/cantharm_audio_spk03.zip"
"F00369_SPK03.wav","SPK03","332072","0.3167","cantharm_audio_spk03.zip","downloads/packages/cantharm_audio_spk03.zip"
"F00370_SPK03.wav","SPK03","396584","0.3782","cantharm_audio_spk03.zip","downloads/packages/cantharm_audio_spk03.zip"
"F00371_SPK03.wav","SPK03","235304","0.2244","cantharm_audio_spk03.zip","downloads/packages/cantharm_audio_spk03.zip"
"F00372_SPK03.wav","SPK03","404092","0.3854","cantharm_audio_spk03.zip","downloads/packages/cantharm_audio_spk03.zip"
"F00373_SPK03.wav","SPK03","444664","0.4241","cantharm_audio_spk03.zip","downloads/packages/cantharm_audio_spk03.zip"
"F00374_SPK03.wav","SPK03","419624","0.4002","cantharm_audio_spk03.zip","downloads/packages/cantharm_audio_spk03.zip"
"F00375_SPK03.wav","SPK03","415016","0.3958","cantharm_audio_spk03.zip","downloads/packages/cantharm_audio_spk03.zip"
"F00376_SPK03.wav","SPK03","458776","0.4375","cantharm_audio_spk03.zip","downloads/packages/cantharm_audio_spk03.zip"
"F00377_SPK03.wav","SPK03","368936","0.3518","cantharm_audio_spk03.zip","downloads/packages/cantharm_audio_spk03.zip"
"F00378_SPK03.wav","SPK03","396584","0.3782","cantharm_audio_spk03.zip","downloads/packages/cantharm_audio_spk03.zip"
"F00379_SPK03.wav","SPK03","410408","0.3914","cantharm_audio_spk03.zip","downloads/packages/cantharm_audio_spk03.zip"
"F00380_SPK03.wav","SPK03","285992","0.2727","cantharm_audio_spk03.zip","downloads/packages/cantharm_audio_spk03.zip"
"F00381_SPK03.wav","SPK03","336680","0.3211","cantharm_audio_spk03.zip","downloads/packages/cantharm_audio_spk03.zip"
"F00382A_SPK08.wav","SPK08","411166","0.3921","cantharm_audio_spk08.zip","downloads/packages/cantharm_audio_spk08.zip"
"F00382B_SPK08.wav","SPK08","321202","0.3063","cantharm_audio_spk08.zip","downloads/packages/cantharm_audio_spk08.zip"
"F00383_SPK03.wav","SPK03","448192","0.4274","cantharm_audio_spk03.zip","downloads/packages/cantharm_audio_spk03.zip"
"F00384_SPK03.wav","SPK03","424232","0.4046","cantharm_audio_spk03.zip","downloads/packages/cantharm_audio_spk03.zip"
"F00385_SPK03.wav","SPK03","267560","0.2552","cantharm_audio_spk03.zip","downloads/packages/cantharm_audio_spk03.zip"
"F00386_SPK03.wav","SPK03","336680","0.3211","cantharm_audio_spk03.zip","downloads/packages/cantharm_audio_spk03.zip"
"F00387_SPK03.wav","SPK03","378152","0.3606","cantharm_audio_spk03.zip","downloads/packages/cantharm_audio_spk03.zip"
"F00388_SPK03.wav","SPK03","309032","0.2947","cantharm_audio_spk03.zip","downloads/packages/cantharm_audio_spk03.zip"
"F00389_SPK03.wav","SPK03","285992","0.2727","cantharm_audio_spk03.zip","downloads/packages/cantharm_audio_spk03.zip"
"F00390_SPK03.wav","SPK03","490528","0.4678","cantharm_audio_spk03.zip","downloads/packages/cantharm_audio_spk03.zip"
"F00391_SPK03.wav","SPK03","525808","0.5014","cantharm_audio_spk03.zip","downloads/packages/cantharm_audio_spk03.zip"
"F00392_SPK03.wav","SPK03","309032","0.2947","cantharm_audio_spk03.zip","downloads/packages/cantharm_audio_spk03.zip"
"F00393_SPK03.wav","SPK03","336680","0.3211","cantharm_audio_spk03.zip","downloads/packages/cantharm_audio_spk03.zip"
"F00394_SPK03.wav","SPK03","359720","0.3431","cantharm_audio_spk03.zip","downloads/packages/cantharm_audio_spk03.zip"
"F00395_SPK03.wav","SPK03","424232","0.4046","cantharm_audio_spk03.zip","downloads/packages/cantharm_audio_spk03.zip"
"F00396_SPK03.wav","SPK03","313640","0.2991","cantharm_audio_spk03.zip","downloads/packages/cantharm_audio_spk03.zip"
"F00397_SPK03.wav","SPK03","309032","0.2947","cantharm_audio_spk03.zip","downloads/packages/cantharm_audio_spk03.zip"
"F00398_SPK03.wav","SPK03","336680","0.3211","cantharm_audio_spk03.zip","downloads/packages/cantharm_audio_spk03.zip"
"F00399_SPK03.wav","SPK03","474920","0.4529","cantharm_audio_spk03.zip","downloads/packages/cantharm_audio_spk03.zip"
"F00400_SPK03.wav","SPK03","465704","0.4441","cantharm_audio_spk03.zip","downloads/packages/cantharm_audio_spk03.zip"
"F00401_SPK03.wav","SPK03","272168","0.2596","cantharm_audio_spk03.zip","downloads/packages/cantharm_audio_spk03.zip"
"F00402_SPK03.wav","SPK03","391976","0.3738","cantharm_audio_spk03.zip","downloads/packages/cantharm_audio_spk03.zip"
"F00403_SPK03.wav","SPK03","373544","0.3562","cantharm_audio_spk03.zip","downloads/packages/cantharm_audio_spk03.zip"
"F00404_SPK03.wav","SPK03","258344","0.2464","cantharm_audio_spk03.zip","downloads/packages/cantharm_audio_spk03.zip"
"F00405_SPK03.wav","SPK03","318248","0.3035","cantharm_audio_spk03.zip","downloads/packages/cantharm_audio_spk03.zip"
"F00406_SPK03.wav","SPK03","299816","0.2859","cantharm_audio_spk03.zip","downloads/packages/cantharm_audio_spk03.zip"
"F00407_SPK03.wav","SPK03","364328","0.3475","cantharm_audio_spk03.zip","downloads/packages/cantharm_audio_spk03.zip"
"F00408_SPK03.wav","SPK03","276776","0.264","cantharm_audio_spk03.zip","downloads/packages/cantharm_audio_spk03.zip"
"F00409_SPK03.wav","SPK03","396584","0.3782","cantharm_audio_spk03.zip","downloads/packages/cantharm_audio_spk03.zip"
"F00410_SPK03.wav","SPK03","327464","0.3123","cantharm_audio_spk03.zip","downloads/packages/cantharm_audio_spk03.zip"
"F00411_SPK03.wav","SPK03","309032","0.2947","cantharm_audio_spk03.zip","downloads/packages/cantharm_audio_spk03.zip"
"F00412_SPK03.wav","SPK03","332072","0.3167","cantharm_audio_spk03.zip","downloads/packages/cantharm_audio_spk03.zip"
"F00413_SPK03.wav","SPK03","470312","0.4485","cantharm_audio_spk03.zip","downloads/packages/cantharm_audio_spk03.zip"
"F00414_SPK03.wav","SPK03","401192","0.3826","cantharm_audio_spk03.zip","downloads/packages/cantharm_audio_spk03.zip"
"F00415_SPK03.wav","SPK03","415016","0.3958","cantharm_audio_spk03.zip","downloads/packages/cantharm_audio_spk03.zip"
"F00416_SPK03.wav","SPK03","332072","0.3167","cantharm_audio_spk03.zip","downloads/packages/cantharm_audio_spk03.zip"
"F00417_SPK03.wav","SPK03","355112","0.3387","cantharm_audio_spk03.zip","downloads/packages/cantharm_audio_spk03.zip"
"F00418_SPK03.wav","SPK03","341288","0.3255","cantharm_audio_spk03.zip","downloads/packages/cantharm_audio_spk03.zip"
"F00419_SPK03.wav","SPK03","309032","0.2947","cantharm_audio_spk03.zip","downloads/packages/cantharm_audio_spk03.zip"
"F00420_SPK03.wav","SPK03","378152","0.3606","cantharm_audio_spk03.zip","downloads/packages/cantharm_audio_spk03.zip"
"F00421_SPK03.wav","SPK03","471124","0.4493","cantharm_audio_spk03.zip","downloads/packages/cantharm_audio_spk03.zip"
"F00422_SPK03.wav","SPK03","332072","0.3167","cantharm_audio_spk03.zip","downloads/packages/cantharm_audio_spk03.zip"
"F00423_SPK03.wav","SPK03","350504","0.3343","cantharm_audio_spk03.zip","downloads/packages/cantharm_audio_spk03.zip"
"F00424_SPK03.wav","SPK03","309032","0.2947","cantharm_audio_spk03.zip","downloads/packages/cantharm_audio_spk03.zip"
"F00425_SPK03.wav","SPK03","373544","0.3562","cantharm_audio_spk03.zip","downloads/packages/cantharm_audio_spk03.zip"
"F00426_SPK03.wav","SPK03","322856","0.3079","cantharm_audio_spk03.zip","downloads/packages/cantharm_audio_spk03.zip"
"F00427_SPK03.wav","SPK03","327464","0.3123","cantharm_audio_spk03.zip","downloads/packages/cantharm_audio_spk03.zip"
"F00428_SPK03.wav","SPK03","313640","0.2991","cantharm_audio_spk03.zip","downloads/packages/cantharm_audio_spk03.zip"
"F00429_SPK03.wav","SPK03","373544","0.3562","cantharm_audio_spk03.zip","downloads/packages/cantharm_audio_spk03.zip"
"F00430_SPK03.wav","SPK03","368936","0.3518","cantharm_audio_spk03.zip","downloads/packages/cantharm_audio_spk03.zip"
"F00431_SPK03.wav","SPK03","313640","0.2991","cantharm_audio_spk03.zip","downloads/packages/cantharm_audio_spk03.zip"
"F00432_SPK03.wav","SPK03","355112","0.3387","cantharm_audio_spk03.zip","downloads/packages/cantharm_audio_spk03.zip"
"F00433_SPK03.wav","SPK03","446428","0.4257","cantharm_audio_spk03.zip","downloads/packages/cantharm_audio_spk03.zip"
"F00434_SPK03.wav","SPK03","318248","0.3035","cantharm_audio_spk03.zip","downloads/packages/cantharm_audio_spk03.zip"
"F00435_SPK03.wav","SPK03","332072","0.3167","cantharm_audio_spk03.zip","downloads/packages/cantharm_audio_spk03.zip"
"F00436_SPK03.wav","SPK03","345896","0.3299","cantharm_audio_spk03.zip","downloads/packages/cantharm_audio_spk03.zip"
"F00437_SPK03.wav","SPK03","299816","0.2859","cantharm_audio_spk03.zip","downloads/packages/cantharm_audio_spk03.zip"
"F00438_SPK03.wav","SPK03","424232","0.4046","cantharm_audio_spk03.zip","downloads/packages/cantharm_audio_spk03.zip"
"F00439_SPK03.wav","SPK03","327464","0.3123","cantharm_audio_spk03.zip","downloads/packages/cantharm_audio_spk03.zip"
"F00440_SPK03.wav","SPK03","304424","0.2903","cantharm_audio_spk03.zip","downloads/packages/cantharm_audio_spk03.zip"
"F00441_SPK03.wav","SPK03","309032","0.2947","cantharm_audio_spk03.zip","downloads/packages/cantharm_audio_spk03.zip"
"F00442_SPK03.wav","SPK03","359720","0.3431","cantharm_audio_spk03.zip","downloads/packages/cantharm_audio_spk03.zip"
"F00443_SPK03.wav","SPK03","304424","0.2903","cantharm_audio_spk03.zip","downloads/packages/cantharm_audio_spk03.zip"
"F00444_SPK03.wav","SPK03","336680","0.3211","cantharm_audio_spk03.zip","downloads/packages/cantharm_audio_spk03.zip"
"F00445_SPK03.wav","SPK03","401192","0.3826","cantharm_audio_spk03.zip","downloads/packages/cantharm_audio_spk03.zip"
"F00446_SPK03.wav","SPK03","322856","0.3079","cantharm_audio_spk03.zip","downloads/packages/cantharm_audio_spk03.zip"
"F00447_SPK03.wav","SPK03","378152","0.3606","cantharm_audio_spk03.zip","downloads/packages/cantharm_audio_spk03.zip"
"F00448_SPK03.wav","SPK03","332072","0.3167","cantharm_audio_spk03.zip","downloads/packages/cantharm_audio_spk03.zip"
"F00449_SPK03.wav","SPK03","359720","0.3431","cantharm_audio_spk03.zip","downloads/packages/cantharm_audio_spk03.zip"
"F00450_SPK03.wav","SPK03","378152","0.3606","cantharm_audio_spk03.zip","downloads/packages/cantharm_audio_spk03.zip"
"F00451_SPK03.wav","SPK03","332072","0.3167","cantharm_audio_spk03.zip","downloads/packages/cantharm_audio_spk03.zip"
"F00452_SPK03.wav","SPK03","373544","0.3562","cantharm_audio_spk03.zip","downloads/packages/cantharm_audio_spk03.zip"
"F00453_SPK03.wav","SPK03","355112","0.3387","cantharm_audio_spk03.zip","downloads/packages/cantharm_audio_spk03.zip"
"F00454_SPK03.wav","SPK03","318248","0.3035","cantharm_audio_spk03.zip","downloads/packages/cantharm_audio_spk03.zip"
"F00455_SPK03.wav","SPK03","299816","0.2859","cantharm_audio_spk03.zip","downloads/packages/cantharm_audio_spk03.zip"
"F00456_SPK03.wav","SPK03","511784","0.4881","cantharm_audio_spk03.zip","downloads/packages/cantharm_audio_spk03.zip"
"F00457_SPK03.wav","SPK03","396584","0.3782","cantharm_audio_spk03.zip","downloads/packages/cantharm_audio_spk03.zip"
"F00458_SPK03.wav","SPK03","295208","0.2815","cantharm_audio_spk03.zip","downloads/packages/cantharm_audio_spk03.zip"
"F00459_SPK03.wav","SPK03","451880","0.4309","cantharm_audio_spk03.zip","downloads/packages/cantharm_audio_spk03.zip"
"F00460_SPK03.wav","SPK03","442664","0.4222","cantharm_audio_spk03.zip","downloads/packages/cantharm_audio_spk03.zip"
"F00461_SPK03.wav","SPK03","272168","0.2596","cantharm_audio_spk03.zip","downloads/packages/cantharm_audio_spk03.zip"
"F00462_SPK03.wav","SPK03","249128","0.2376","cantharm_audio_spk03.zip","downloads/packages/cantharm_audio_spk03.zip"
"F00463_SPK03.wav","SPK03","474920","0.4529","cantharm_audio_spk03.zip","downloads/packages/cantharm_audio_spk03.zip"
"F00464_SPK03.wav","SPK03","451880","0.4309","cantharm_audio_spk03.zip","downloads/packages/cantharm_audio_spk03.zip"
"F00465_SPK03.wav","SPK03","405800","0.387","cantharm_audio_spk03.zip","downloads/packages/cantharm_audio_spk03.zip"
"F00466_SPK03.wav","SPK03","428840","0.409","cantharm_audio_spk03.zip","downloads/packages/cantharm_audio_spk03.zip"
"F00467_SPK03.wav","SPK03","428840","0.409","cantharm_audio_spk03.zip","downloads/packages/cantharm_audio_spk03.zip"
"F00468_SPK03.wav","SPK03","461096","0.4397","cantharm_audio_spk03.zip","downloads/packages/cantharm_audio_spk03.zip"
"F00469_SPK03.wav","SPK03","327464","0.3123","cantharm_audio_spk03.zip","downloads/packages/cantharm_audio_spk03.zip"
"F00470_SPK03.wav","SPK03","350504","0.3343","cantharm_audio_spk03.zip","downloads/packages/cantharm_audio_spk03.zip"
"F00471_SPK03.wav","SPK03","309032","0.2947","cantharm_audio_spk03.zip","downloads/packages/cantharm_audio_spk03.zip"
"F00472_SPK03.wav","SPK03","309032","0.2947","cantharm_audio_spk03.zip","downloads/packages/cantharm_audio_spk03.zip"
"F00473_SPK03.wav","SPK03","419624","0.4002","cantharm_audio_spk03.zip","downloads/packages/cantharm_audio_spk03.zip"
"F00474_SPK03.wav","SPK03","267560","0.2552","cantharm_audio_spk03.zip","downloads/packages/cantharm_audio_spk03.zip"
"F00475_SPK03.wav","SPK03","290600","0.2771","cantharm_audio_spk03.zip","downloads/packages/cantharm_audio_spk03.zip"
"F00476_SPK03.wav","SPK03","455552","0.4344","cantharm_audio_spk03.zip","downloads/packages/cantharm_audio_spk03.zip"
"F00477_SPK03.wav","SPK03","262952","0.2508","cantharm_audio_spk03.zip","downloads/packages/cantharm_audio_spk03.zip"
"F00478_SPK03.wav","SPK03","438056","0.4178","cantharm_audio_spk03.zip","downloads/packages/cantharm_audio_spk03.zip"
"F00479_SPK03.wav","SPK03","396584","0.3782","cantharm_audio_spk03.zip","downloads/packages/cantharm_audio_spk03.zip"
"F00480_SPK03.wav","SPK03","378152","0.3606","cantharm_audio_spk03.zip","downloads/packages/cantharm_audio_spk03.zip"
"F00481_SPK03.wav","SPK03","309032","0.2947","cantharm_audio_spk03.zip","downloads/packages/cantharm_audio_spk03.zip"
"F00482_SPK03.wav","SPK03","272168","0.2596","cantharm_audio_spk03.zip","downloads/packages/cantharm_audio_spk03.zip"
"F00483_SPK03.wav","SPK03","391976","0.3738","cantharm_audio_spk03.zip","downloads/packages/cantharm_audio_spk03.zip"
"F00484_SPK03.wav","SPK03","368936","0.3518","cantharm_audio_spk03.zip","downloads/packages/cantharm_audio_spk03.zip"
"F00485_SPK10.wav","SPK10","347644","0.3315","cantharm_audio_spk10.zip","downloads/packages/cantharm_audio_spk10.zip"
"F00486_SPK06.wav","SPK06","212086","0.2023","cantharm_audio_spk06.zip","downloads/packages/cantharm_audio_spk06.zip"
"F00487_SPK06.wav","SPK06","377974","0.3605","cantharm_audio_spk06.zip","downloads/packages/cantharm_audio_spk06.zip"
"F00488_SPK06.wav","SPK06","391798","0.3736","cantharm_audio_spk06.zip","downloads/packages/cantharm_audio_spk06.zip"
"F00489_SPK06.wav","SPK06","364150","0.3473","cantharm_audio_spk06.zip","downloads/packages/cantharm_audio_spk06.zip"
"F00490_SPK06.wav","SPK06","308856","0.2945","cantharm_audio_spk06.zip","downloads/packages/cantharm_audio_spk06.zip"
"F00491_SPK06.wav","SPK06","424056","0.4044","cantharm_audio_spk06.zip","downloads/packages/cantharm_audio_spk06.zip"
"F00492_SPK06.wav","SPK06","460920","0.4396","cantharm_audio_spk06.zip","downloads/packages/cantharm_audio_spk06.zip"
"F00493_SPK06.wav","SPK06","460920","0.4396","cantharm_audio_spk06.zip","downloads/packages/cantharm_audio_spk06.zip"
"F00494_SPK06.wav","SPK06","612984","0.5846","cantharm_audio_spk06.zip","downloads/packages/cantharm_audio_spk06.zip"
"F00495_SPK06.wav","SPK06","391800","0.3736","cantharm_audio_spk06.zip","downloads/packages/cantharm_audio_spk06.zip"
"F00496_SPK06.wav","SPK06","456312","0.4352","cantharm_audio_spk06.zip","downloads/packages/cantharm_audio_spk06.zip"
"F00497_SPK06.wav","SPK06","304248","0.2902","cantharm_audio_spk06.zip","downloads/packages/cantharm_audio_spk06.zip"
"F00498_SPK06.wav","SPK06","483960","0.4615","cantharm_audio_spk06.zip","downloads/packages/cantharm_audio_spk06.zip"
"F00499_SPK06.wav","SPK06","299640","0.2858","cantharm_audio_spk06.zip","downloads/packages/cantharm_audio_spk06.zip"
"F00500_SPK06.wav","SPK06","479352","0.4571","cantharm_audio_spk06.zip","downloads/packages/cantharm_audio_spk06.zip"
"F00501_SPK06.wav","SPK06","364152","0.3473","cantharm_audio_spk06.zip","downloads/packages/cantharm_audio_spk06.zip"
"F00502_SPK06.wav","SPK06","391800","0.3736","cantharm_audio_spk06.zip","downloads/packages/cantharm_audio_spk06.zip"
"F00503_SPK06.wav","SPK06","437880","0.4176","cantharm_audio_spk06.zip","downloads/packages/cantharm_audio_spk06.zip"
"F00504_SPK06.wav","SPK06","410232","0.3912","cantharm_audio_spk06.zip","downloads/packages/cantharm_audio_spk06.zip"
"F00505_SPK06.wav","SPK06","479352","0.4571","cantharm_audio_spk06.zip","downloads/packages/cantharm_audio_spk06.zip"
"F00506_SPK06.wav","SPK06","530040","0.5055","cantharm_audio_spk06.zip","downloads/packages/cantharm_audio_spk06.zip"
"F00507_SPK06.wav","SPK06","474744","0.4528","cantharm_audio_spk06.zip","downloads/packages/cantharm_audio_spk06.zip"
"F00508_SPK06.wav","SPK06","401016","0.3824","cantharm_audio_spk06.zip","downloads/packages/cantharm_audio_spk06.zip"
"F00509_SPK06.wav","SPK06","433272","0.4132","cantharm_audio_spk06.zip","downloads/packages/cantharm_audio_spk06.zip"
"F00510_SPK06.wav","SPK06","456312","0.4352","cantharm_audio_spk06.zip","downloads/packages/cantharm_audio_spk06.zip"
"F00511_SPK06.wav","SPK06","414840","0.3956","cantharm_audio_spk06.zip","downloads/packages/cantharm_audio_spk06.zip"
"F00512_SPK06.wav","SPK06","516216","0.4923","cantharm_audio_spk06.zip","downloads/packages/cantharm_audio_spk06.zip"
"F00513_SPK06.wav","SPK06","391800","0.3736","cantharm_audio_spk06.zip","downloads/packages/cantharm_audio_spk06.zip"
"F00514_SPK06.wav","SPK06","553080","0.5275","cantharm_audio_spk06.zip","downloads/packages/cantharm_audio_spk06.zip"
"F00515_SPK06.wav","SPK06","534648","0.5099","cantharm_audio_spk06.zip","downloads/packages/cantharm_audio_spk06.zip"
"F00516_SPK06.wav","SPK06","377976","0.3605","cantharm_audio_spk06.zip","downloads/packages/cantharm_audio_spk06.zip"
"F00517_SPK06.wav","SPK06","502392","0.4791","cantharm_audio_spk06.zip","downloads/packages/cantharm_audio_spk06.zip"
"F00518_SPK06.wav","SPK06","483960","0.4615","cantharm_audio_spk06.zip","downloads/packages/cantharm_audio_spk06.zip"
"F00519_SPK06.wav","SPK06","373368","0.3561","cantharm_audio_spk06.zip","downloads/packages/cantharm_audio_spk06.zip"
"F00520_SPK06.wav","SPK06","414840","0.3956","cantharm_audio_spk06.zip","downloads/packages/cantharm_audio_spk06.zip"
"F00521_SPK06.wav","SPK06","507000","0.4835","cantharm_audio_spk06.zip","downloads/packages/cantharm_audio_spk06.zip"
"F00522_SPK06.wav","SPK06","465528","0.444","cantharm_audio_spk06.zip","downloads/packages/cantharm_audio_spk06.zip"
"F00523_SPK06.wav","SPK06","410232","0.3912","cantharm_audio_spk06.zip","downloads/packages/cantharm_audio_spk06.zip"
"F00524_SPK06.wav","SPK06","327288","0.3121","cantharm_audio_spk06.zip","downloads/packages/cantharm_audio_spk06.zip"
"F00525_SPK06.wav","SPK06","341112","0.3253","cantharm_audio_spk06.zip","downloads/packages/cantharm_audio_spk06.zip"
"F00526_SPK06.wav","SPK06","391800","0.3736","cantharm_audio_spk06.zip","downloads/packages/cantharm_audio_spk06.zip"
"F00527_SPK06.wav","SPK06","368760","0.3517","cantharm_audio_spk06.zip","downloads/packages/cantharm_audio_spk06.zip"
"F00528_SPK10.wav","SPK10","483472","0.4611","cantharm_audio_spk10.zip","downloads/packages/cantharm_audio_spk10.zip"
"F00529_SPK06.wav","SPK06","474744","0.4528","cantharm_audio_spk06.zip","downloads/packages/cantharm_audio_spk06.zip"
"F00530_SPK06.wav","SPK06","456312","0.4352","cantharm_audio_spk06.zip","downloads/packages/cantharm_audio_spk06.zip"
"F00531_SPK06.wav","SPK06","437880","0.4176","cantharm_audio_spk06.zip","downloads/packages/cantharm_audio_spk06.zip"
"F00532_SPK06.wav","SPK06","474744","0.4528","cantharm_audio_spk06.zip","downloads/packages/cantharm_audio_spk06.zip"
"F00533_SPK06.wav","SPK06","382584","0.3649","cantharm_audio_spk06.zip","downloads/packages/cantharm_audio_spk06.zip"
"F00534_SPK06.wav","SPK06","433272","0.4132","cantharm_audio_spk06.zip","downloads/packages/cantharm_audio_spk06.zip"
"F00535_SPK06.wav","SPK06","364152","0.3473","cantharm_audio_spk06.zip","downloads/packages/cantharm_audio_spk06.zip"
"F00536_SPK10.wav","SPK10","741016","0.7067","cantharm_audio_spk10.zip","downloads/packages/cantharm_audio_spk10.zip"
"F00537_SPK06.wav","SPK06","377976","0.3605","cantharm_audio_spk06.zip","downloads/packages/cantharm_audio_spk06.zip"
"F00538_SPK06.wav","SPK06","479352","0.4571","cantharm_audio_spk06.zip","downloads/packages/cantharm_audio_spk06.zip"
"F00539_SPK06.wav","SPK06","396408","0.378","cantharm_audio_spk06.zip","downloads/packages/cantharm_audio_spk06.zip"
"F00540_SPK11.wav","SPK11","280632","0.2676","cantharm_audio_spk11.zip","downloads/packages/cantharm_audio_spk11.zip"
"F00541_SPK06.wav","SPK06","529306","0.5048","cantharm_audio_spk06.zip","downloads/packages/cantharm_audio_spk06.zip"
"F00542_SPK06.wav","SPK06","239736","0.2286","cantharm_audio_spk06.zip","downloads/packages/cantharm_audio_spk06.zip"
"F00543_SPK06.wav","SPK06","493176","0.4703","cantharm_audio_spk06.zip","downloads/packages/cantharm_audio_spk06.zip"
"F00544_SPK06.wav","SPK06","318072","0.3033","cantharm_audio_spk06.zip","downloads/packages/cantharm_audio_spk06.zip"
"F00545_SPK06.wav","SPK06","405624","0.3868","cantharm_audio_spk06.zip","downloads/packages/cantharm_audio_spk06.zip"
"F00546_SPK06.wav","SPK06","281208","0.2682","cantharm_audio_spk06.zip","downloads/packages/cantharm_audio_spk06.zip"
"F00547_SPK06.wav","SPK06","345720","0.3297","cantharm_audio_spk06.zip","downloads/packages/cantharm_audio_spk06.zip"
"F00548_SPK06.wav","SPK06","267384","0.255","cantharm_audio_spk06.zip","downloads/packages/cantharm_audio_spk06.zip"
"F00549_SPK06.wav","SPK06","322680","0.3077","cantharm_audio_spk06.zip","downloads/packages/cantharm_audio_spk06.zip"
"F00550_SPK06.wav","SPK06","470136","0.4484","cantharm_audio_spk06.zip","downloads/packages/cantharm_audio_spk06.zip"
"F00551_SPK06.wav","SPK06","198264","0.1891","cantharm_audio_spk06.zip","downloads/packages/cantharm_audio_spk06.zip"
"F00552_SPK06.wav","SPK06","557688","0.5319","cantharm_audio_spk06.zip","downloads/packages/cantharm_audio_spk06.zip"
"F00553_SPK06.wav","SPK06","364152","0.3473","cantharm_audio_spk06.zip","downloads/packages/cantharm_audio_spk06.zip"
"F00554_SPK06.wav","SPK06","447096","0.4264","cantharm_audio_spk06.zip","downloads/packages/cantharm_audio_spk06.zip"
"F00555_SPK06.wav","SPK06","331896","0.3165","cantharm_audio_spk06.zip","downloads/packages/cantharm_audio_spk06.zip"
"F00556_SPK06.wav","SPK06","295032","0.2814","cantharm_audio_spk06.zip","downloads/packages/cantharm_audio_spk06.zip"
"F00557_SPK06.wav","SPK06","331896","0.3165","cantharm_audio_spk06.zip","downloads/packages/cantharm_audio_spk06.zip"
"F00558_SPK06.wav","SPK06","331896","0.3165","cantharm_audio_spk06.zip","downloads/packages/cantharm_audio_spk06.zip"
"F00559_SPK06.wav","SPK06","313464","0.2989","cantharm_audio_spk06.zip","downloads/packages/cantharm_audio_spk06.zip"
"F00560_SPK06.wav","SPK06","308856","0.2945","cantharm_audio_spk06.zip","downloads/packages/cantharm_audio_spk06.zip"
"F00561_SPK06.wav","SPK06","410232","0.3912","cantharm_audio_spk06.zip","downloads/packages/cantharm_audio_spk06.zip"
"F00562_SPK06.wav","SPK06","451704","0.4308","cantharm_audio_spk06.zip","downloads/packages/cantharm_audio_spk06.zip"
"F00563_SPK06.wav","SPK06","391800","0.3736","cantharm_audio_spk06.zip","downloads/packages/cantharm_audio_spk06.zip"
"F00564_SPK06.wav","SPK06","350328","0.3341","cantharm_audio_spk06.zip","downloads/packages/cantharm_audio_spk06.zip"
"F00565_SPK06.wav","SPK06","276600","0.2638","cantharm_audio_spk06.zip","downloads/packages/cantharm_audio_spk06.zip"
"F00566_SPK06.wav","SPK06","404062","0.3853","cantharm_audio_spk06.zip","downloads/packages/cantharm_audio_spk06.zip"
"F00567_SPK06.wav","SPK06","424056","0.4044","cantharm_audio_spk06.zip","downloads/packages/cantharm_audio_spk06.zip"
"F00568_SPK06.wav","SPK06","474744","0.4528","cantharm_audio_spk06.zip","downloads/packages/cantharm_audio_spk06.zip"
"F00569_SPK06.wav","SPK06","295032","0.2814","cantharm_audio_spk06.zip","downloads/packages/cantharm_audio_spk06.zip"
"F00570_SPK06.wav","SPK06","336704","0.3211","cantharm_audio_spk06.zip","downloads/packages/cantharm_audio_spk06.zip"
"F00571_SPK06.wav","SPK06","341112","0.3253","cantharm_audio_spk06.zip","downloads/packages/cantharm_audio_spk06.zip"
"F00572_SPK06.wav","SPK06","451704","0.4308","cantharm_audio_spk06.zip","downloads/packages/cantharm_audio_spk06.zip"
"F00573_SPK06.wav","SPK06","377976","0.3605","cantharm_audio_spk06.zip","downloads/packages/cantharm_audio_spk06.zip"
"F00574_SPK06.wav","SPK06","304248","0.2902","cantharm_audio_spk06.zip","downloads/packages/cantharm_audio_spk06.zip"
"F00575_SPK06.wav","SPK06","281208","0.2682","cantharm_audio_spk06.zip","downloads/packages/cantharm_audio_spk06.zip"
"F00576_SPK06.wav","SPK06","359544","0.3429","cantharm_audio_spk06.zip","downloads/packages/cantharm_audio_spk06.zip"
"F00577_SPK06.wav","SPK06","285816","0.2726","cantharm_audio_spk06.zip","downloads/packages/cantharm_audio_spk06.zip"
"F00578_SPK06.wav","SPK06","318072","0.3033","cantharm_audio_spk06.zip","downloads/packages/cantharm_audio_spk06.zip"
"F00579_SPK06.wav","SPK06","465528","0.444","cantharm_audio_spk06.zip","downloads/packages/cantharm_audio_spk06.zip"
"F00580_SPK06.wav","SPK06","424056","0.4044","cantharm_audio_spk06.zip","downloads/packages/cantharm_audio_spk06.zip"
"F00581_SPK06.wav","SPK06","359544","0.3429","cantharm_audio_spk06.zip","downloads/packages/cantharm_audio_spk06.zip"
"F00582_SPK06.wav","SPK06","437880","0.4176","cantharm_audio_spk06.zip","downloads/packages/cantharm_audio_spk06.zip"
"F00583_SPK06.wav","SPK06","479352","0.4571","cantharm_audio_spk06.zip","downloads/packages/cantharm_audio_spk06.zip"
"F00584_SPK06.wav","SPK06","410232","0.3912","cantharm_audio_spk06.zip","downloads/packages/cantharm_audio_spk06.zip"
"F00585_SPK06.wav","SPK06","290424","0.277","cantharm_audio_spk06.zip","downloads/packages/cantharm_audio_spk06.zip"
"F00586_SPK06.wav","SPK06","331896","0.3165","cantharm_audio_spk06.zip","downloads/packages/cantharm_audio_spk06.zip"
"F00587_SPK06.wav","SPK06","488568","0.4659","cantharm_audio_spk06.zip","downloads/packages/cantharm_audio_spk06.zip"
"F00588_SPK06.wav","SPK06","368478","0.3514","cantharm_audio_spk06.zip","downloads/packages/cantharm_audio_spk06.zip"
"F00589_SPK06.wav","SPK06","322680","0.3077","cantharm_audio_spk06.zip","downloads/packages/cantharm_audio_spk06.zip"
"F00590_SPK06.wav","SPK06","327288","0.3121","cantharm_audio_spk06.zip","downloads/packages/cantharm_audio_spk06.zip"
"F00591_SPK06.wav","SPK06","373368","0.3561","cantharm_audio_spk06.zip","downloads/packages/cantharm_audio_spk06.zip"
"F00592_SPK06.wav","SPK06","391800","0.3736","cantharm_audio_spk06.zip","downloads/packages/cantharm_audio_spk06.zip"
"F00593_SPK06.wav","SPK06","350328","0.3341","cantharm_audio_spk06.zip","downloads/packages/cantharm_audio_spk06.zip"
"F00594_SPK06.wav","SPK06","331896","0.3165","cantharm_audio_spk06.zip","downloads/packages/cantharm_audio_spk06.zip"
"F00595_SPK06.wav","SPK06","364152","0.3473","cantharm_audio_spk06.zip","downloads/packages/cantharm_audio_spk06.zip"
"F00596_SPK06.wav","SPK06","336504","0.3209","cantharm_audio_spk06.zip","downloads/packages/cantharm_audio_spk06.zip"
"F00597_SPK10.wav","SPK10","358228","0.3416","cantharm_audio_spk10.zip","downloads/packages/cantharm_audio_spk10.zip"
"F00598_SPK06.wav","SPK06","322680","0.3077","cantharm_audio_spk06.zip","downloads/packages/cantharm_audio_spk06.zip"
"F00599_SPK06.wav","SPK06","304248","0.2902","cantharm_audio_spk06.zip","downloads/packages/cantharm_audio_spk06.zip"
"F00600_SPK06.wav","SPK06","341112","0.3253","cantharm_audio_spk06.zip","downloads/packages/cantharm_audio_spk06.zip"
"F00601_SPK06.wav","SPK06","493176","0.4703","cantharm_audio_spk06.zip","downloads/packages/cantharm_audio_spk06.zip"
"F00602_SPK06.wav","SPK06","382584","0.3649","cantharm_audio_spk06.zip","downloads/packages/cantharm_audio_spk06.zip"
"F00603_SPK06.wav","SPK06","455218","0.4341","cantharm_audio_spk06.zip","downloads/packages/cantharm_audio_spk06.zip"
"F00604_SPK06.wav","SPK06","318072","0.3033","cantharm_audio_spk06.zip","downloads/packages/cantharm_audio_spk06.zip"
"F00605_SPK06.wav","SPK06","401016","0.3824","cantharm_audio_spk06.zip","downloads/packages/cantharm_audio_spk06.zip"
"F00606_SPK06.wav","SPK06","465528","0.444","cantharm_audio_spk06.zip","downloads/packages/cantharm_audio_spk06.zip"
"F00607_SPK06.wav","SPK06","424056","0.4044","cantharm_audio_spk06.zip","downloads/packages/cantharm_audio_spk06.zip"
"F00608_SPK06.wav","SPK06","354936","0.3385","cantharm_audio_spk06.zip","downloads/packages/cantharm_audio_spk06.zip"
"F00609_SPK06.wav","SPK06","502392","0.4791","cantharm_audio_spk06.zip","downloads/packages/cantharm_audio_spk06.zip"
"F00610_SPK06.wav","SPK06","493176","0.4703","cantharm_audio_spk06.zip","downloads/packages/cantharm_audio_spk06.zip"
"F00611_SPK06.wav","SPK06","354936","0.3385","cantharm_audio_spk06.zip","downloads/packages/cantharm_audio_spk06.zip"
"F00612_SPK06.wav","SPK06","359544","0.3429","cantharm_audio_spk06.zip","downloads/packages/cantharm_audio_spk06.zip"
"F00613_SPK06.wav","SPK06","437880","0.4176","cantharm_audio_spk06.zip","downloads/packages/cantharm_audio_spk06.zip"
"F00614_SPK06.wav","SPK06","387192","0.3693","cantharm_audio_spk06.zip","downloads/packages/cantharm_audio_spk06.zip"
"F00615_SPK06.wav","SPK06","456312","0.4352","cantharm_audio_spk06.zip","downloads/packages/cantharm_audio_spk06.zip"
"F00616_SPK06.wav","SPK06","410232","0.3912","cantharm_audio_spk06.zip","downloads/packages/cantharm_audio_spk06.zip"
"F00617_SPK06.wav","SPK06","493176","0.4703","cantharm_audio_spk06.zip","downloads/packages/cantharm_audio_spk06.zip"
"F00618_SPK06.wav","SPK06","507000","0.4835","cantharm_audio_spk06.zip","downloads/packages/cantharm_audio_spk06.zip"
"F00619_SPK06.wav","SPK06","410232","0.3912","cantharm_audio_spk06.zip","downloads/packages/cantharm_audio_spk06.zip"
"F00620_SPK06.wav","SPK06","437880","0.4176","cantharm_audio_spk06.zip","downloads/packages/cantharm_audio_spk06.zip"
"F00621_SPK06.wav","SPK06","493176","0.4703","cantharm_audio_spk06.zip","downloads/packages/cantharm_audio_spk06.zip"
"F00622_SPK06.wav","SPK06","345720","0.3297","cantharm_audio_spk06.zip","downloads/packages/cantharm_audio_spk06.zip"
"F00623_SPK06.wav","SPK06","410232","0.3912","cantharm_audio_spk06.zip","downloads/packages/cantharm_audio_spk06.zip"
"F00624_SPK06.wav","SPK06","350328","0.3341","cantharm_audio_spk06.zip","downloads/packages/cantharm_audio_spk06.zip"
"F00625_SPK06.wav","SPK06","567242","0.541","cantharm_audio_spk06.zip","downloads/packages/cantharm_audio_spk06.zip"
"F00626_SPK06.wav","SPK06","345720","0.3297","cantharm_audio_spk06.zip","downloads/packages/cantharm_audio_spk06.zip"
"F00627_SPK06.wav","SPK06","313464","0.2989","cantharm_audio_spk06.zip","downloads/packages/cantharm_audio_spk06.zip"
"F00628_SPK06.wav","SPK06","350328","0.3341","cantharm_audio_spk06.zip","downloads/packages/cantharm_audio_spk06.zip"
"F00629_SPK06.wav","SPK06","447096","0.4264","cantharm_audio_spk06.zip","downloads/packages/cantharm_audio_spk06.zip"
"F00630_SPK06.wav","SPK06","341112","0.3253","cantharm_audio_spk06.zip","downloads/packages/cantharm_audio_spk06.zip"
"F00631_SPK06.wav","SPK06","364152","0.3473","cantharm_audio_spk06.zip","downloads/packages/cantharm_audio_spk06.zip"
"F00632_SPK06.wav","SPK06","460920","0.4396","cantharm_audio_spk06.zip","downloads/packages/cantharm_audio_spk06.zip"
"F00633_SPK06.wav","SPK06","341112","0.3253","cantharm_audio_spk06.zip","downloads/packages/cantharm_audio_spk06.zip"
"F00634_SPK06.wav","SPK06","451704","0.4308","cantharm_audio_spk06.zip","downloads/packages/cantharm_audio_spk06.zip"
"F00635_SPK06.wav","SPK06","414840","0.3956","cantharm_audio_spk06.zip","downloads/packages/cantharm_audio_spk06.zip"
"F00636_SPK06.wav","SPK06","479352","0.4571","cantharm_audio_spk06.zip","downloads/packages/cantharm_audio_spk06.zip"
"F00637_SPK06.wav","SPK06","285816","0.2726","cantharm_audio_spk06.zip","downloads/packages/cantharm_audio_spk06.zip"
"F00638_SPK06.wav","SPK06","327288","0.3121","cantharm_audio_spk06.zip","downloads/packages/cantharm_audio_spk06.zip"
"F00639_SPK10.wav","SPK10","404092","0.3854","cantharm_audio_spk10.zip","downloads/packages/cantharm_audio_spk10.zip"
"F00640_SPK06.wav","SPK06","451704","0.4308","cantharm_audio_spk06.zip","downloads/packages/cantharm_audio_spk06.zip"
"F00641_SPK06.wav","SPK06","447096","0.4264","cantharm_audio_spk06.zip","downloads/packages/cantharm_audio_spk06.zip"
"F00642_SPK06.wav","SPK06","304248","0.2902","cantharm_audio_spk06.zip","downloads/packages/cantharm_audio_spk06.zip"
"F00643_SPK06.wav","SPK06","345720","0.3297","cantharm_audio_spk06.zip","downloads/packages/cantharm_audio_spk06.zip"
"F00644_SPK06.wav","SPK06","382584","0.3649","cantharm_audio_spk06.zip","downloads/packages/cantharm_audio_spk06.zip"
"F00645_SPK06.wav","SPK06","387192","0.3693","cantharm_audio_spk06.zip","downloads/packages/cantharm_audio_spk06.zip"
"F00646_SPK06.wav","SPK06","331896","0.3165","cantharm_audio_spk06.zip","downloads/packages/cantharm_audio_spk06.zip"
"F00647_SPK06.wav","SPK06","212088","0.2023","cantharm_audio_spk06.zip","downloads/packages/cantharm_audio_spk06.zip"
"F00648_SPK06.wav","SPK06","391800","0.3736","cantharm_audio_spk06.zip","downloads/packages/cantharm_audio_spk06.zip"
"F00649_SPK06.wav","SPK06","442488","0.422","cantharm_audio_spk06.zip","downloads/packages/cantharm_audio_spk06.zip"
"F00650_SPK06.wav","SPK06","414840","0.3956","cantharm_audio_spk06.zip","downloads/packages/cantharm_audio_spk06.zip"
"F00651_SPK06.wav","SPK06","442488","0.422","cantharm_audio_spk06.zip","downloads/packages/cantharm_audio_spk06.zip"
"F00652_SPK06.wav","SPK06","377976","0.3605","cantharm_audio_spk06.zip","downloads/packages/cantharm_audio_spk06.zip"
"F00653_SPK06.wav","SPK06","419448","0.4","cantharm_audio_spk06.zip","downloads/packages/cantharm_audio_spk06.zip"
"F00654_SPK06.wav","SPK06","511608","0.4879","cantharm_audio_spk06.zip","downloads/packages/cantharm_audio_spk06.zip"
"F00655_SPK06.wav","SPK06","338690","0.323","cantharm_audio_spk06.zip","downloads/packages/cantharm_audio_spk06.zip"
"F00656_SPK06.wav","SPK06","424056","0.4044","cantharm_audio_spk06.zip","downloads/packages/cantharm_audio_spk06.zip"
"F00657_SPK06.wav","SPK06","386528","0.3686","cantharm_audio_spk06.zip","downloads/packages/cantharm_audio_spk06.zip"
"F00658_SPK06.wav","SPK06","371792","0.3546","cantharm_audio_spk06.zip","downloads/packages/cantharm_audio_spk06.zip"
"F00659_SPK06.wav","SPK06","447096","0.4264","cantharm_audio_spk06.zip","downloads/packages/cantharm_audio_spk06.zip"
"F00660_SPK06.wav","SPK06","295032","0.2814","cantharm_audio_spk06.zip","downloads/packages/cantharm_audio_spk06.zip"
"F00661_SPK06.wav","SPK06","394000","0.3757","cantharm_audio_spk06.zip","downloads/packages/cantharm_audio_spk06.zip"
"F00662_SPK06.wav","SPK06","276600","0.2638","cantharm_audio_spk06.zip","downloads/packages/cantharm_audio_spk06.zip"
"F00663_SPK06.wav","SPK06","405624","0.3868","cantharm_audio_spk06.zip","downloads/packages/cantharm_audio_spk06.zip"
"F00664_SPK06.wav","SPK06","267384","0.255","cantharm_audio_spk06.zip","downloads/packages/cantharm_audio_spk06.zip"
"F00665_SPK06.wav","SPK06","322680","0.3077","cantharm_audio_spk06.zip","downloads/packages/cantharm_audio_spk06.zip"
"F00666_SPK10.wav","SPK10","307072","0.2928","cantharm_audio_spk10.zip","downloads/packages/cantharm_audio_spk10.zip"
"F00667_SPK06.wav","SPK06","354936","0.3385","cantharm_audio_spk06.zip","downloads/packages/cantharm_audio_spk06.zip"
"F00668_SPK06.wav","SPK06","345720","0.3297","cantharm_audio_spk06.zip","downloads/packages/cantharm_audio_spk06.zip"
"F00669_SPK06.wav","SPK06","377976","0.3605","cantharm_audio_spk06.zip","downloads/packages/cantharm_audio_spk06.zip"
"F00670_SPK06.wav","SPK06","313464","0.2989","cantharm_audio_spk06.zip","downloads/packages/cantharm_audio_spk06.zip"
"F00671_SPK06.wav","SPK06","543864","0.5187","cantharm_audio_spk06.zip","downloads/packages/cantharm_audio_spk06.zip"
"F00672_SPK06.wav","SPK06","357148","0.3406","cantharm_audio_spk06.zip","downloads/packages/cantharm_audio_spk06.zip"
"F00673_SPK06.wav","SPK06","350328","0.3341","cantharm_audio_spk06.zip","downloads/packages/cantharm_audio_spk06.zip"
"F00674_SPK06.wav","SPK06","396408","0.378","cantharm_audio_spk06.zip","downloads/packages/cantharm_audio_spk06.zip"
"F00675_SPK06.wav","SPK06","407260","0.3884","cantharm_audio_spk06.zip","downloads/packages/cantharm_audio_spk06.zip"
"F00676_SPK06.wav","SPK06","395244","0.3769","cantharm_audio_spk06.zip","downloads/packages/cantharm_audio_spk06.zip"
"F00677_SPK06.wav","SPK06","310572","0.2962","cantharm_audio_spk06.zip","downloads/packages/cantharm_audio_spk06.zip"
"F00678_SPK06.wav","SPK06","295032","0.2814","cantharm_audio_spk06.zip","downloads/packages/cantharm_audio_spk06.zip"
"F00679_SPK06.wav","SPK06","341112","0.3253","cantharm_audio_spk06.zip","downloads/packages/cantharm_audio_spk06.zip"
"F00680_SPK06.wav","SPK06","354936","0.3385","cantharm_audio_spk06.zip","downloads/packages/cantharm_audio_spk06.zip"
"F00681_SPK06.wav","SPK06","401016","0.3824","cantharm_audio_spk06.zip","downloads/packages/cantharm_audio_spk06.zip"
"F00682_SPK06.wav","SPK06","368760","0.3517","cantharm_audio_spk06.zip","downloads/packages/cantharm_audio_spk06.zip"
"F00683_SPK06.wav","SPK06","341112","0.3253","cantharm_audio_spk06.zip","downloads/packages/cantharm_audio_spk06.zip"
"F00684_SPK06.wav","SPK06","382584","0.3649","cantharm_audio_spk06.zip","downloads/packages/cantharm_audio_spk06.zip"
"F00685_SPK06.wav","SPK06","368760","0.3517","cantharm_audio_spk06.zip","downloads/packages/cantharm_audio_spk06.zip"
"F00686_SPK06.wav","SPK06","488568","0.4659","cantharm_audio_spk06.zip","downloads/packages/cantharm_audio_spk06.zip"
"F00687_SPK06.wav","SPK06","354936","0.3385","cantharm_audio_spk06.zip","downloads/packages/cantharm_audio_spk06.zip"
"F00688_SPK06.wav","SPK06","336504","0.3209","cantharm_audio_spk06.zip","downloads/packages/cantharm_audio_spk06.zip"
"F00689_SPK06.wav","SPK06","359544","0.3429","cantharm_audio_spk06.zip","downloads/packages/cantharm_audio_spk06.zip"
"F00690_SPK06.wav","SPK06","465528","0.444","cantharm_audio_spk06.zip","downloads/packages/cantharm_audio_spk06.zip"
"F00691_SPK06.wav","SPK06","410232","0.3912","cantharm_audio_spk06.zip","downloads/packages/cantharm_audio_spk06.zip"
"F00692_SPK06.wav","SPK06","433272","0.4132","cantharm_audio_spk06.zip","downloads/packages/cantharm_audio_spk06.zip"
"F00693_SPK06.wav","SPK06","345720","0.3297","cantharm_audio_spk06.zip","downloads/packages/cantharm_audio_spk06.zip"
"F00694_SPK06.wav","SPK06","341112","0.3253","cantharm_audio_spk06.zip","downloads/packages/cantharm_audio_spk06.zip"
"F00695_SPK06.wav","SPK06","428664","0.4088","cantharm_audio_spk06.zip","downloads/packages/cantharm_audio_spk06.zip"
"F00696_SPK06.wav","SPK06","437880","0.4176","cantharm_audio_spk06.zip","downloads/packages/cantharm_audio_spk06.zip"
"F00697_SPK06.wav","SPK06","329976","0.3147","cantharm_audio_spk06.zip","downloads/packages/cantharm_audio_spk06.zip"
"F00698_SPK06.wav","SPK06","359544","0.3429","cantharm_audio_spk06.zip","downloads/packages/cantharm_audio_spk06.zip"
"F00699_SPK06.wav","SPK06","281208","0.2682","cantharm_audio_spk06.zip","downloads/packages/cantharm_audio_spk06.zip"
"F00700_SPK06.wav","SPK06","345852","0.3298","cantharm_audio_spk06.zip","downloads/packages/cantharm_audio_spk06.zip"
"F00701A_SPK10.wav","SPK10","347642","0.3315","cantharm_audio_spk10.zip","downloads/packages/cantharm_audio_spk10.zip"
"F00701B_SPK10.wav","SPK10","469358","0.4476","cantharm_audio_spk10.zip","downloads/packages/cantharm_audio_spk10.zip"
"F00702_SPK06.wav","SPK06","391800","0.3736","cantharm_audio_spk06.zip","downloads/packages/cantharm_audio_spk06.zip"
"F00703_SPK06.wav","SPK06","387192","0.3693","cantharm_audio_spk06.zip","downloads/packages/cantharm_audio_spk06.zip"
"F00704_SPK06.wav","SPK06","327288","0.3121","cantharm_audio_spk06.zip","downloads/packages/cantharm_audio_spk06.zip"
"F00705_SPK06.wav","SPK06","497784","0.4747","cantharm_audio_spk06.zip","downloads/packages/cantharm_audio_spk06.zip"
"F00706_SPK06.wav","SPK06","377976","0.3605","cantharm_audio_spk06.zip","downloads/packages/cantharm_audio_spk06.zip"
"F00707_SPK06.wav","SPK06","373796","0.3565","cantharm_audio_spk06.zip","downloads/packages/cantharm_audio_spk06.zip"
"F00708_SPK06.wav","SPK06","553080","0.5275","cantharm_audio_spk06.zip","downloads/packages/cantharm_audio_spk06.zip"
"F00709_SPK06.wav","SPK06","354936","0.3385","cantharm_audio_spk06.zip","downloads/packages/cantharm_audio_spk06.zip"
"F00710_SPK06.wav","SPK06","433272","0.4132","cantharm_audio_spk06.zip","downloads/packages/cantharm_audio_spk06.zip"
"F00711_SPK06.wav","SPK06","295032","0.2814","cantharm_audio_spk06.zip","downloads/packages/cantharm_audio_spk06.zip"
"F00712_SPK06.wav","SPK06","479352","0.4571","cantharm_audio_spk06.zip","downloads/packages/cantharm_audio_spk06.zip"
"F00713_SPK06.wav","SPK06","290424","0.277","cantharm_audio_spk06.zip","downloads/packages/cantharm_audio_spk06.zip"
"F00714_SPK06.wav","SPK06","364152","0.3473","cantharm_audio_spk06.zip","downloads/packages/cantharm_audio_spk06.zip"
"F00715_SPK08.wav","SPK08","367068","0.3501","cantharm_audio_spk08.zip","downloads/packages/cantharm_audio_spk08.zip"
"F00716_SPK06.wav","SPK06","373368","0.3561","cantharm_audio_spk06.zip","downloads/packages/cantharm_audio_spk06.zip"
"F00718_SPK06.wav","SPK06","304248","0.2902","cantharm_audio_spk06.zip","downloads/packages/cantharm_audio_spk06.zip"
"F00719_SPK06.wav","SPK06","281208","0.2682","cantharm_audio_spk06.zip","downloads/packages/cantharm_audio_spk06.zip"
"F00720_SPK06.wav","SPK06","424056","0.4044","cantharm_audio_spk06.zip","downloads/packages/cantharm_audio_spk06.zip"
"F00721_SPK06.wav","SPK06","396408","0.378","cantharm_audio_spk06.zip","downloads/packages/cantharm_audio_spk06.zip"
"F00722_SPK06.wav","SPK06","470136","0.4484","cantharm_audio_spk06.zip","downloads/packages/cantharm_audio_spk06.zip"
"F00723_SPK06.wav","SPK06","442636","0.4221","cantharm_audio_spk06.zip","downloads/packages/cantharm_audio_spk06.zip"
"F00724_SPK06.wav","SPK06","267532","0.2551","cantharm_audio_spk06.zip","downloads/packages/cantharm_audio_spk06.zip"
"F00725_SPK06.wav","SPK06","198464","0.1893","cantharm_audio_spk06.zip","downloads/packages/cantharm_audio_spk06.zip"
"F00726_SPK06.wav","SPK06","271992","0.2594","cantharm_audio_spk06.zip","downloads/packages/cantharm_audio_spk06.zip"
"F00727_SPK06.wav","SPK06","304248","0.2902","cantharm_audio_spk06.zip","downloads/packages/cantharm_audio_spk06.zip"
"F00728_SPK06.wav","SPK06","419448","0.4","cantharm_audio_spk06.zip","downloads/packages/cantharm_audio_spk06.zip"
"F00729_SPK06.wav","SPK06","377976","0.3605","cantharm_audio_spk06.zip","downloads/packages/cantharm_audio_spk06.zip"
"F00730_SPK06.wav","SPK06","391800","0.3736","cantharm_audio_spk06.zip","downloads/packages/cantharm_audio_spk06.zip"
"F00731_SPK06.wav","SPK06","345720","0.3297","cantharm_audio_spk06.zip","downloads/packages/cantharm_audio_spk06.zip"
"F00732_SPK06.wav","SPK06","405624","0.3868","cantharm_audio_spk06.zip","downloads/packages/cantharm_audio_spk06.zip"
"F00733_SPK06.wav","SPK06","377976","0.3605","cantharm_audio_spk06.zip","downloads/packages/cantharm_audio_spk06.zip"
"F00734_SPK06.wav","SPK06","345720","0.3297","cantharm_audio_spk06.zip","downloads/packages/cantharm_audio_spk06.zip"
"F00735_SPK06.wav","SPK06","387192","0.3693","cantharm_audio_spk06.zip","downloads/packages/cantharm_audio_spk06.zip"
"F00736_SPK06.wav","SPK06","336504","0.3209","cantharm_audio_spk06.zip","downloads/packages/cantharm_audio_spk06.zip"
"F00737_SPK06.wav","SPK06","285816","0.2726","cantharm_audio_spk06.zip","downloads/packages/cantharm_audio_spk06.zip"
"F00738_SPK06.wav","SPK06","322680","0.3077","cantharm_audio_spk06.zip","downloads/packages/cantharm_audio_spk06.zip"
"F00739_SPK06.wav","SPK06","258168","0.2462","cantharm_audio_spk06.zip","downloads/packages/cantharm_audio_spk06.zip"
"F00740_SPK06.wav","SPK06","290424","0.277","cantharm_audio_spk06.zip","downloads/packages/cantharm_audio_spk06.zip"
"F00741_SPK06.wav","SPK06","318072","0.3033","cantharm_audio_spk06.zip","downloads/packages/cantharm_audio_spk06.zip"
"F00742_SPK06.wav","SPK06","364152","0.3473","cantharm_audio_spk06.zip","downloads/packages/cantharm_audio_spk06.zip"
"F00743_SPK06.wav","SPK06","391800","0.3736","cantharm_audio_spk06.zip","downloads/packages/cantharm_audio_spk06.zip"
"F00744_SPK06.wav","SPK06","327288","0.3121","cantharm_audio_spk06.zip","downloads/packages/cantharm_audio_spk06.zip"
"F00745_SPK06.wav","SPK06","336504","0.3209","cantharm_audio_spk06.zip","downloads/packages/cantharm_audio_spk06.zip"
"F00746_SPK06.wav","SPK06","382584","0.3649","cantharm_audio_spk06.zip","downloads/packages/cantharm_audio_spk06.zip"
"F00747_SPK06.wav","SPK06","424056","0.4044","cantharm_audio_spk06.zip","downloads/packages/cantharm_audio_spk06.zip"
"F00748_SPK06.wav","SPK06","456312","0.4352","cantharm_audio_spk06.zip","downloads/packages/cantharm_audio_spk06.zip"
"F00749_SPK06.wav","SPK06","345852","0.3298","cantharm_audio_spk06.zip","downloads/packages/cantharm_audio_spk06.zip"
"F00750_SPK06.wav","SPK06","364152","0.3473","cantharm_audio_spk06.zip","downloads/packages/cantharm_audio_spk06.zip"
"F00751_SPK06.wav","SPK06","326448","0.3113","cantharm_audio_spk06.zip","downloads/packages/cantharm_audio_spk06.zip"
"F00752_SPK06.wav","SPK06","391800","0.3736","cantharm_audio_spk06.zip","downloads/packages/cantharm_audio_spk06.zip"
"F00753_SPK06.wav","SPK06","318072","0.3033","cantharm_audio_spk06.zip","downloads/packages/cantharm_audio_spk06.zip"
"F00754_SPK06.wav","SPK06","318072","0.3033","cantharm_audio_spk06.zip","downloads/packages/cantharm_audio_spk06.zip"
"F00755_SPK06.wav","SPK06","313464","0.2989","cantharm_audio_spk06.zip","downloads/packages/cantharm_audio_spk06.zip"
"F00756_SPK06.wav","SPK06","308856","0.2945","cantharm_audio_spk06.zip","downloads/packages/cantharm_audio_spk06.zip"
"F00757_SPK06.wav","SPK06","258168","0.2462","cantharm_audio_spk06.zip","downloads/packages/cantharm_audio_spk06.zip"
"F00758_SPK06.wav","SPK06","364152","0.3473","cantharm_audio_spk06.zip","downloads/packages/cantharm_audio_spk06.zip"
"F00759_SPK06.wav","SPK06","318072","0.3033","cantharm_audio_spk06.zip","downloads/packages/cantharm_audio_spk06.zip"
"F00760_SPK06.wav","SPK06","290424","0.277","cantharm_audio_spk06.zip","downloads/packages/cantharm_audio_spk06.zip"
"F00761_SPK06.wav","SPK06","299640","0.2858","cantharm_audio_spk06.zip","downloads/packages/cantharm_audio_spk06.zip"
"F00762_SPK06.wav","SPK06","281208","0.2682","cantharm_audio_spk06.zip","downloads/packages/cantharm_audio_spk06.zip"
"F00763_SPK06.wav","SPK06","290424","0.277","cantharm_audio_spk06.zip","downloads/packages/cantharm_audio_spk06.zip"
"F00764_SPK06.wav","SPK06","451692","0.4308","cantharm_audio_spk06.zip","downloads/packages/cantharm_audio_spk06.zip"
"F00765_SPK06.wav","SPK06","424056","0.4044","cantharm_audio_spk06.zip","downloads/packages/cantharm_audio_spk06.zip"
"F00766_SPK06.wav","SPK06","345720","0.3297","cantharm_audio_spk06.zip","downloads/packages/cantharm_audio_spk06.zip"
"F00767_SPK06.wav","SPK06","303516","0.2895","cantharm_audio_spk06.zip","downloads/packages/cantharm_audio_spk06.zip"
"F00768_SPK06.wav","SPK06","230520","0.2198","cantharm_audio_spk06.zip","downloads/packages/cantharm_audio_spk06.zip"
"F00769_SPK06.wav","SPK06","331896","0.3165","cantharm_audio_spk06.zip","downloads/packages/cantharm_audio_spk06.zip"
"F00770_SPK06.wav","SPK06","396408","0.378","cantharm_audio_spk06.zip","downloads/packages/cantharm_audio_spk06.zip"
"F00771_SPK06.wav","SPK06","447096","0.4264","cantharm_audio_spk06.zip","downloads/packages/cantharm_audio_spk06.zip"
"F00772_SPK06.wav","SPK06","326448","0.3113","cantharm_audio_spk06.zip","downloads/packages/cantharm_audio_spk06.zip"
"F00773_SPK06.wav","SPK06","391800","0.3736","cantharm_audio_spk06.zip","downloads/packages/cantharm_audio_spk06.zip"
"F00774_SPK06.wav","SPK06","271992","0.2594","cantharm_audio_spk06.zip","downloads/packages/cantharm_audio_spk06.zip"
"F00775_SPK06.wav","SPK06","262776","0.2506","cantharm_audio_spk06.zip","downloads/packages/cantharm_audio_spk06.zip"
"F00776_SPK06.wav","SPK06","304248","0.2902","cantharm_audio_spk06.zip","downloads/packages/cantharm_audio_spk06.zip"
"F00777_SPK06.wav","SPK06","428664","0.4088","cantharm_audio_spk06.zip","downloads/packages/cantharm_audio_spk06.zip"
"F00778_SPK06.wav","SPK06","322680","0.3077","cantharm_audio_spk06.zip","downloads/packages/cantharm_audio_spk06.zip"
"F00779_SPK06.wav","SPK06","345720","0.3297","cantharm_audio_spk06.zip","downloads/packages/cantharm_audio_spk06.zip"
"F00780_SPK06.wav","SPK06","253560","0.2418","cantharm_audio_spk06.zip","downloads/packages/cantharm_audio_spk06.zip"
"F00781_SPK06.wav","SPK06","248952","0.2374","cantharm_audio_spk06.zip","downloads/packages/cantharm_audio_spk06.zip"
"F00782_SPK06.wav","SPK06","235128","0.2242","cantharm_audio_spk06.zip","downloads/packages/cantharm_audio_spk06.zip"
"F00783_SPK06.wav","SPK06","221304","0.2111","cantharm_audio_spk06.zip","downloads/packages/cantharm_audio_spk06.zip"
"F00784_SPK06.wav","SPK06","313464","0.2989","cantharm_audio_spk06.zip","downloads/packages/cantharm_audio_spk06.zip"
"F00785_SPK06.wav","SPK06","341112","0.3253","cantharm_audio_spk06.zip","downloads/packages/cantharm_audio_spk06.zip"
"F00786_SPK06.wav","SPK06","322680","0.3077","cantharm_audio_spk06.zip","downloads/packages/cantharm_audio_spk06.zip"
"F00787_SPK06.wav","SPK06","354936","0.3385","cantharm_audio_spk06.zip","downloads/packages/cantharm_audio_spk06.zip"
"F00788_SPK06.wav","SPK06","364152","0.3473","cantharm_audio_spk06.zip","downloads/packages/cantharm_audio_spk06.zip"
"F00789_SPK06.wav","SPK06","336504","0.3209","cantharm_audio_spk06.zip","downloads/packages/cantharm_audio_spk06.zip"
"F00790_SPK06.wav","SPK06","313464","0.2989","cantharm_audio_spk06.zip","downloads/packages/cantharm_audio_spk06.zip"
"F00791_SPK06.wav","SPK06","428664","0.4088","cantharm_audio_spk06.zip","downloads/packages/cantharm_audio_spk06.zip"
"F00792_SPK06.wav","SPK06","304248","0.2902","cantharm_audio_spk06.zip","downloads/packages/cantharm_audio_spk06.zip"
"F00793_SPK06.wav","SPK06","336504","0.3209","cantharm_audio_spk06.zip","downloads/packages/cantharm_audio_spk06.zip"
"F00794_SPK06.wav","SPK06","387192","0.3693","cantharm_audio_spk06.zip","downloads/packages/cantharm_audio_spk06.zip"
"F00795_SPK06.wav","SPK06","424056","0.4044","cantharm_audio_spk06.zip","downloads/packages/cantharm_audio_spk06.zip"
"F00796_SPK06.wav","SPK06","382584","0.3649","cantharm_audio_spk06.zip","downloads/packages/cantharm_audio_spk06.zip"
"F00797_SPK06.wav","SPK06","438080","0.4178","cantharm_audio_spk06.zip","downloads/packages/cantharm_audio_spk06.zip"
"F00798A_SPK11.wav","SPK11","298270","0.2845","cantharm_audio_spk11.zip","downloads/packages/cantharm_audio_spk11.zip"
"F00798B_SPK11.wav","SPK11","377650","0.3602","cantharm_audio_spk11.zip","downloads/packages/cantharm_audio_spk11.zip"
"F00799_SPK06.wav","SPK06","438080","0.4178","cantharm_audio_spk06.zip","downloads/packages/cantharm_audio_spk06.zip"
"F00800_SPK06.wav","SPK06","244344","0.233","cantharm_audio_spk06.zip","downloads/packages/cantharm_audio_spk06.zip"
"F00801_SPK06.wav","SPK06","248952","0.2374","cantharm_audio_spk06.zip","downloads/packages/cantharm_audio_spk06.zip"
"F00802_SPK06.wav","SPK06","281208","0.2682","cantharm_audio_spk06.zip","downloads/packages/cantharm_audio_spk06.zip"
"F00803_SPK06.wav","SPK06","556940","0.5311","cantharm_audio_spk06.zip","downloads/packages/cantharm_audio_spk06.zip"
"F00804_SPK06.wav","SPK06","473816","0.4519","cantharm_audio_spk06.zip","downloads/packages/cantharm_audio_spk06.zip"
"F00805A_SPK01.wav","SPK01","554050","0.5284","cantharm_audio_spk01.zip","downloads/packages/cantharm_audio_spk01.zip"
"F00805B_SPK01.wav","SPK01","599914","0.5721","cantharm_audio_spk01.zip","downloads/packages/cantharm_audio_spk01.zip"
"F00806_SPK06.wav","SPK06","401016","0.3824","cantharm_audio_spk06.zip","downloads/packages/cantharm_audio_spk06.zip"
"F00807_SPK06.wav","SPK06","299640","0.2858","cantharm_audio_spk06.zip","downloads/packages/cantharm_audio_spk06.zip"
"F00808_SPK10.wav","SPK10","293162","0.2796","cantharm_audio_spk10.zip","downloads/packages/cantharm_audio_spk10.zip"
"F00809_SPK06.wav","SPK06","387192","0.3693","cantharm_audio_spk06.zip","downloads/packages/cantharm_audio_spk06.zip"
"F00810_SPK06.wav","SPK06","373368","0.3561","cantharm_audio_spk06.zip","downloads/packages/cantharm_audio_spk06.zip"
"F00811_SPK06.wav","SPK06","368760","0.3517","cantharm_audio_spk06.zip","downloads/packages/cantharm_audio_spk06.zip"
"F00812A_SPK02.wav","SPK02","635174","0.6057","cantharm_audio_spk02.zip","downloads/packages/cantharm_audio_spk02.zip"
"F00812B_SPK02.wav","SPK02","626354","0.5973","cantharm_audio_spk02.zip","downloads/packages/cantharm_audio_spk02.zip"
"F00813_SPK06.wav","SPK06","557688","0.5319","cantharm_audio_spk06.zip","downloads/packages/cantharm_audio_spk06.zip"
"F00814_SPK06.wav","SPK06","516216","0.4923","cantharm_audio_spk06.zip","downloads/packages/cantharm_audio_spk06.zip"
"F00815_SPK06.wav","SPK06","405624","0.3868","cantharm_audio_spk06.zip","downloads/packages/cantharm_audio_spk06.zip"
"F00816_SPK06.wav","SPK06","525432","0.5011","cantharm_audio_spk06.zip","downloads/packages/cantharm_audio_spk06.zip"
"F00817_SPK06.wav","SPK06","424056","0.4044","cantharm_audio_spk06.zip","downloads/packages/cantharm_audio_spk06.zip"
"F00818_SPK06.wav","SPK06","345720","0.3297","cantharm_audio_spk06.zip","downloads/packages/cantharm_audio_spk06.zip"
"F00819_SPK06.wav","SPK06","364152","0.3473","cantharm_audio_spk06.zip","downloads/packages/cantharm_audio_spk06.zip"
"F00820_SPK06.wav","SPK06","258168","0.2462","cantharm_audio_spk06.zip","downloads/packages/cantharm_audio_spk06.zip"
"F00821_SPK06.wav","SPK06","313464","0.2989","cantharm_audio_spk06.zip","downloads/packages/cantharm_audio_spk06.zip"
"F00822_SPK06.wav","SPK06","341112","0.3253","cantharm_audio_spk06.zip","downloads/packages/cantharm_audio_spk06.zip"
"F00823_SPK06.wav","SPK06","410232","0.3912","cantharm_audio_spk06.zip","downloads/packages/cantharm_audio_spk06.zip"
"F00824_SPK06.wav","SPK06","377976","0.3605","cantharm_audio_spk06.zip","downloads/packages/cantharm_audio_spk06.zip"
"F00825_SPK06.wav","SPK06","318072","0.3033","cantharm_audio_spk06.zip","downloads/packages/cantharm_audio_spk06.zip"
"F00826_SPK06.wav","SPK06","271992","0.2594","cantharm_audio_spk06.zip","downloads/packages/cantharm_audio_spk06.zip"
"F00827_SPK06.wav","SPK06","377976","0.3605","cantharm_audio_spk06.zip","downloads/packages/cantharm_audio_spk06.zip"
"F00828_SPK06.wav","SPK06","295032","0.2814","cantharm_audio_spk06.zip","downloads/packages/cantharm_audio_spk06.zip"
"F00829_SPK06.wav","SPK06","382584","0.3649","cantharm_audio_spk06.zip","downloads/packages/cantharm_audio_spk06.zip"
"F00830_SPK06.wav","SPK06","405624","0.3868","cantharm_audio_spk06.zip","downloads/packages/cantharm_audio_spk06.zip"
"F00831_SPK06.wav","SPK06","235128","0.2242","cantharm_audio_spk06.zip","downloads/packages/cantharm_audio_spk06.zip"
"F00832_SPK06.wav","SPK06","221304","0.2111","cantharm_audio_spk06.zip","downloads/packages/cantharm_audio_spk06.zip"
"F00833_SPK06.wav","SPK06","304248","0.2902","cantharm_audio_spk06.zip","downloads/packages/cantharm_audio_spk06.zip"
"F00834_SPK06.wav","SPK06","281208","0.2682","cantharm_audio_spk06.zip","downloads/packages/cantharm_audio_spk06.zip"
"F00835_SPK06.wav","SPK06","387192","0.3693","cantharm_audio_spk06.zip","downloads/packages/cantharm_audio_spk06.zip"
"F00836_SPK06.wav","SPK06","295032","0.2814","cantharm_audio_spk06.zip","downloads/packages/cantharm_audio_spk06.zip"
"F00837_SPK06.wav","SPK06","313996","0.2994","cantharm_audio_spk06.zip","downloads/packages/cantharm_audio_spk06.zip"
"F00838_SPK06.wav","SPK06","277644","0.2648","cantharm_audio_spk06.zip","downloads/packages/cantharm_audio_spk06.zip"
"F00839_SPK06.wav","SPK06","340924","0.3251","cantharm_audio_spk06.zip","downloads/packages/cantharm_audio_spk06.zip"
"F00840_SPK06.wav","SPK06","333276","0.3178","cantharm_audio_spk06.zip","downloads/packages/cantharm_audio_spk06.zip"
"F00841_SPK06.wav","SPK06","409100","0.3901","cantharm_audio_spk06.zip","downloads/packages/cantharm_audio_spk06.zip"
"F00842_SPK06.wav","SPK06","304248","0.2902","cantharm_audio_spk06.zip","downloads/packages/cantharm_audio_spk06.zip"
"F00843_SPK06.wav","SPK06","230520","0.2198","cantharm_audio_spk06.zip","downloads/packages/cantharm_audio_spk06.zip"
"F00844_SPK06.wav","SPK06","253560","0.2418","cantharm_audio_spk06.zip","downloads/packages/cantharm_audio_spk06.zip"
"F00845_SPK06.wav","SPK06","248952","0.2374","cantharm_audio_spk06.zip","downloads/packages/cantharm_audio_spk06.zip"
"F00846_SPK06.wav","SPK06","281208","0.2682","cantharm_audio_spk06.zip","downloads/packages/cantharm_audio_spk06.zip"
"F00847_SPK06.wav","SPK06","271992","0.2594","cantharm_audio_spk06.zip","downloads/packages/cantharm_audio_spk06.zip"
"F00848_SPK06.wav","SPK06","290424","0.277","cantharm_audio_spk06.zip","downloads/packages/cantharm_audio_spk06.zip"
"F00849_SPK06.wav","SPK06","331896","0.3165","cantharm_audio_spk06.zip","downloads/packages/cantharm_audio_spk06.zip"
"F00850_SPK06.wav","SPK06","373368","0.3561","cantharm_audio_spk06.zip","downloads/packages/cantharm_audio_spk06.zip"
"F00851_SPK06.wav","SPK06","304248","0.2902","cantharm_audio_spk06.zip","downloads/packages/cantharm_audio_spk06.zip"
"F00852_SPK06.wav","SPK06","341112","0.3253","cantharm_audio_spk06.zip","downloads/packages/cantharm_audio_spk06.zip"
"F00853_SPK06.wav","SPK06","308856","0.2945","cantharm_audio_spk06.zip","downloads/packages/cantharm_audio_spk06.zip"
"F00854_SPK06.wav","SPK06","230520","0.2198","cantharm_audio_spk06.zip","downloads/packages/cantharm_audio_spk06.zip"
"F00855_SPK06.wav","SPK06","258168","0.2462","cantharm_audio_spk06.zip","downloads/packages/cantharm_audio_spk06.zip"
"F00856_SPK06.wav","SPK06","258168","0.2462","cantharm_audio_spk06.zip","downloads/packages/cantharm_audio_spk06.zip"
"F00857_SPK06.wav","SPK06","253560","0.2418","cantharm_audio_spk06.zip","downloads/packages/cantharm_audio_spk06.zip"
"F00858_SPK06.wav","SPK06","271992","0.2594","cantharm_audio_spk06.zip","downloads/packages/cantharm_audio_spk06.zip"
"F00859_SPK06.wav","SPK06","304248","0.2902","cantharm_audio_spk06.zip","downloads/packages/cantharm_audio_spk06.zip"
"F00860_SPK06.wav","SPK06","401016","0.3824","cantharm_audio_spk06.zip","downloads/packages/cantharm_audio_spk06.zip"
"F00861_SPK06.wav","SPK06","424056","0.4044","cantharm_audio_spk06.zip","downloads/packages/cantharm_audio_spk06.zip"
"F00862_SPK06.wav","SPK06","308856","0.2945","cantharm_audio_spk06.zip","downloads/packages/cantharm_audio_spk06.zip"
"F00863_SPK06.wav","SPK06","349020","0.3329","cantharm_audio_spk06.zip","downloads/packages/cantharm_audio_spk06.zip"
"F00864_SPK06.wav","SPK06","262776","0.2506","cantharm_audio_spk06.zip","downloads/packages/cantharm_audio_spk06.zip"
"F00865_SPK06.wav","SPK06","202872","0.1935","cantharm_audio_spk06.zip","downloads/packages/cantharm_audio_spk06.zip"
"F00866_SPK06.wav","SPK06","290424","0.277","cantharm_audio_spk06.zip","downloads/packages/cantharm_audio_spk06.zip"
"F00867_SPK06.wav","SPK06","221304","0.2111","cantharm_audio_spk06.zip","downloads/packages/cantharm_audio_spk06.zip"
"F00868_SPK06.wav","SPK06","290424","0.277","cantharm_audio_spk06.zip","downloads/packages/cantharm_audio_spk06.zip"
"F00869_SPK06.wav","SPK06","295032","0.2814","cantharm_audio_spk06.zip","downloads/packages/cantharm_audio_spk06.zip"
"F00870_SPK06.wav","SPK06","331896","0.3165","cantharm_audio_spk06.zip","downloads/packages/cantharm_audio_spk06.zip"
"F00871_SPK06.wav","SPK06","285816","0.2726","cantharm_audio_spk06.zip","downloads/packages/cantharm_audio_spk06.zip"
"F00872_SPK06.wav","SPK06","248952","0.2374","cantharm_audio_spk06.zip","downloads/packages/cantharm_audio_spk06.zip"
"F00873_SPK06.wav","SPK06","331896","0.3165","cantharm_audio_spk06.zip","downloads/packages/cantharm_audio_spk06.zip"
"F00874_SPK06.wav","SPK06","327288","0.3121","cantharm_audio_spk06.zip","downloads/packages/cantharm_audio_spk06.zip"
"F00875_SPK06.wav","SPK06","313464","0.2989","cantharm_audio_spk06.zip","downloads/packages/cantharm_audio_spk06.zip"
"F00876_SPK06.wav","SPK06","304248","0.2902","cantharm_audio_spk06.zip","downloads/packages/cantharm_audio_spk06.zip"
"F00877_SPK06.wav","SPK06","391800","0.3736","cantharm_audio_spk06.zip","downloads/packages/cantharm_audio_spk06.zip"
"F00878_SPK06.wav","SPK06","308856","0.2945","cantharm_audio_spk06.zip","downloads/packages/cantharm_audio_spk06.zip"
"F00879_SPK06.wav","SPK06","424056","0.4044","cantharm_audio_spk06.zip","downloads/packages/cantharm_audio_spk06.zip"
"F00880_SPK06.wav","SPK06","244344","0.233","cantharm_audio_spk06.zip","downloads/packages/cantharm_audio_spk06.zip"
"F00881_SPK06.wav","SPK06","308856","0.2945","cantharm_audio_spk06.zip","downloads/packages/cantharm_audio_spk06.zip"
"F00882_SPK06.wav","SPK06","331896","0.3165","cantharm_audio_spk06.zip","downloads/packages/cantharm_audio_spk06.zip"
"F00883_SPK06.wav","SPK06","364152","0.3473","cantharm_audio_spk06.zip","downloads/packages/cantharm_audio_spk06.zip"
"F00884_SPK06.wav","SPK06","336504","0.3209","cantharm_audio_spk06.zip","downloads/packages/cantharm_audio_spk06.zip"
"F00885_SPK06.wav","SPK06","239736","0.2286","cantharm_audio_spk06.zip","downloads/packages/cantharm_audio_spk06.zip"
"F00886_SPK06.wav","SPK06","285816","0.2726","cantharm_audio_spk06.zip","downloads/packages/cantharm_audio_spk06.zip"
"F00887_SPK06.wav","SPK06","212088","0.2023","cantharm_audio_spk06.zip","downloads/packages/cantharm_audio_spk06.zip"
"F00888_SPK06.wav","SPK06","336504","0.3209","cantharm_audio_spk06.zip","downloads/packages/cantharm_audio_spk06.zip"
"F00889_SPK06.wav","SPK06","290424","0.277","cantharm_audio_spk06.zip","downloads/packages/cantharm_audio_spk06.zip"
"F00890_SPK06.wav","SPK06","318072","0.3033","cantharm_audio_spk06.zip","downloads/packages/cantharm_audio_spk06.zip"
"F00891_SPK06.wav","SPK06","341112","0.3253","cantharm_audio_spk06.zip","downloads/packages/cantharm_audio_spk06.zip"
"F00892_SPK06.wav","SPK06","341112","0.3253","cantharm_audio_spk06.zip","downloads/packages/cantharm_audio_spk06.zip"
"F00893_SPK06.wav","SPK06","290424","0.277","cantharm_audio_spk06.zip","downloads/packages/cantharm_audio_spk06.zip"
"F00894_SPK06.wav","SPK06","318072","0.3033","cantharm_audio_spk06.zip","downloads/packages/cantharm_audio_spk06.zip"
"F00895_SPK06.wav","SPK06","262776","0.2506","cantharm_audio_spk06.zip","downloads/packages/cantharm_audio_spk06.zip"
"F00896_SPK06.wav","SPK06","313464","0.2989","cantharm_audio_spk06.zip","downloads/packages/cantharm_audio_spk06.zip"
"F00897_SPK06.wav","SPK06","290624","0.2772","cantharm_audio_spk06.zip","downloads/packages/cantharm_audio_spk06.zip"
"F00898_SPK06.wav","SPK06","308856","0.2945","cantharm_audio_spk06.zip","downloads/packages/cantharm_audio_spk06.zip"
"F00899_SPK06.wav","SPK06","354936","0.3385","cantharm_audio_spk06.zip","downloads/packages/cantharm_audio_spk06.zip"
"F00900_SPK06.wav","SPK06","350328","0.3341","cantharm_audio_spk06.zip","downloads/packages/cantharm_audio_spk06.zip"
"F00901_SPK06.wav","SPK06","377976","0.3605","cantharm_audio_spk06.zip","downloads/packages/cantharm_audio_spk06.zip"
"F00902_SPK06.wav","SPK06","373368","0.3561","cantharm_audio_spk06.zip","downloads/packages/cantharm_audio_spk06.zip"
"F00903_SPK06.wav","SPK06","437880","0.4176","cantharm_audio_spk06.zip","downloads/packages/cantharm_audio_spk06.zip"
"F00904_SPK06.wav","SPK06","350328","0.3341","cantharm_audio_spk06.zip","downloads/packages/cantharm_audio_spk06.zip"
"F00905_SPK06.wav","SPK06","322680","0.3077","cantharm_audio_spk06.zip","downloads/packages/cantharm_audio_spk06.zip"
"F00906_SPK06.wav","SPK06","451704","0.4308","cantharm_audio_spk06.zip","downloads/packages/cantharm_audio_spk06.zip"
"F00907_SPK06.wav","SPK06","271992","0.2594","cantharm_audio_spk06.zip","downloads/packages/cantharm_audio_spk06.zip"
"F00908_SPK06.wav","SPK06","313464","0.2989","cantharm_audio_spk06.zip","downloads/packages/cantharm_audio_spk06.zip"
"F00909_SPK06.wav","SPK06","605632","0.5776","cantharm_audio_spk06.zip","downloads/packages/cantharm_audio_spk06.zip"
"F00910_SPK06.wav","SPK06","368760","0.3517","cantharm_audio_spk06.zip","downloads/packages/cantharm_audio_spk06.zip"
"F00911_SPK06.wav","SPK06","295032","0.2814","cantharm_audio_spk06.zip","downloads/packages/cantharm_audio_spk06.zip"
"F00912_SPK06.wav","SPK06","354936","0.3385","cantharm_audio_spk06.zip","downloads/packages/cantharm_audio_spk06.zip"
"F00913_SPK06.wav","SPK06","377976","0.3605","cantharm_audio_spk06.zip","downloads/packages/cantharm_audio_spk06.zip"
"F00914_SPK06.wav","SPK06","313464","0.2989","cantharm_audio_spk06.zip","downloads/packages/cantharm_audio_spk06.zip"
"F00915_SPK06.wav","SPK06","299640","0.2858","cantharm_audio_spk06.zip","downloads/packages/cantharm_audio_spk06.zip"
"F00916_SPK06.wav","SPK06","341112","0.3253","cantharm_audio_spk06.zip","downloads/packages/cantharm_audio_spk06.zip"
"F00917_SPK06.wav","SPK06","368760","0.3517","cantharm_audio_spk06.zip","downloads/packages/cantharm_audio_spk06.zip"
"F00918_SPK06.wav","SPK06","435404","0.4152","cantharm_audio_spk06.zip","downloads/packages/cantharm_audio_spk06.zip"
"F00919_SPK06.wav","SPK06","511608","0.4879","cantharm_audio_spk06.zip","downloads/packages/cantharm_audio_spk06.zip"
"F00920_SPK06.wav","SPK06","493176","0.4703","cantharm_audio_spk06.zip","downloads/packages/cantharm_audio_spk06.zip"
"F00921_SPK06.wav","SPK06","304248","0.2902","cantharm_audio_spk06.zip","downloads/packages/cantharm_audio_spk06.zip"
"F00922_SPK06.wav","SPK06","285816","0.2726","cantharm_audio_spk06.zip","downloads/packages/cantharm_audio_spk06.zip"
"F00923_SPK06.wav","SPK06","304248","0.2902","cantharm_audio_spk06.zip","downloads/packages/cantharm_audio_spk06.zip"
"F00924_SPK06.wav","SPK06","465528","0.444","cantharm_audio_spk06.zip","downloads/packages/cantharm_audio_spk06.zip"
"F00925_SPK06.wav","SPK06","668712","0.6377","cantharm_audio_spk06.zip","downloads/packages/cantharm_audio_spk06.zip"
"F00926_SPK06.wav","SPK06","405624","0.3868","cantharm_audio_spk06.zip","downloads/packages/cantharm_audio_spk06.zip"
"F00927_SPK06.wav","SPK06","456312","0.4352","cantharm_audio_spk06.zip","downloads/packages/cantharm_audio_spk06.zip"
"F00928_SPK06.wav","SPK06","391800","0.3736","cantharm_audio_spk06.zip","downloads/packages/cantharm_audio_spk06.zip"
"F00929_SPK06.wav","SPK06","447096","0.4264","cantharm_audio_spk06.zip","downloads/packages/cantharm_audio_spk06.zip"
"F00930_SPK06.wav","SPK06","451704","0.4308","cantharm_audio_spk06.zip","downloads/packages/cantharm_audio_spk06.zip"
"F00931_SPK06.wav","SPK06","539256","0.5143","cantharm_audio_spk06.zip","downloads/packages/cantharm_audio_spk06.zip"
"F00932_SPK06.wav","SPK06","313464","0.2989","cantharm_audio_spk06.zip","downloads/packages/cantharm_audio_spk06.zip"
"F00933_SPK06.wav","SPK06","345720","0.3297","cantharm_audio_spk06.zip","downloads/packages/cantharm_audio_spk06.zip"
"F00934_SPK06.wav","SPK06","304248","0.2902","cantharm_audio_spk06.zip","downloads/packages/cantharm_audio_spk06.zip"
"F00935A_SPK03.wav","SPK03","430550","0.4106","cantharm_audio_spk03.zip","downloads/packages/cantharm_audio_spk03.zip"
"F00935B_SPK03.wav","SPK03","460538","0.4392","cantharm_audio_spk03.zip","downloads/packages/cantharm_audio_spk03.zip"
"F00936_SPK06.wav","SPK06","267384","0.255","cantharm_audio_spk06.zip","downloads/packages/cantharm_audio_spk06.zip"
"F00937_SPK06.wav","SPK06","313464","0.2989","cantharm_audio_spk06.zip","downloads/packages/cantharm_audio_spk06.zip"
"F00938_SPK06.wav","SPK06","230520","0.2198","cantharm_audio_spk06.zip","downloads/packages/cantharm_audio_spk06.zip"
"F00939_SPK06.wav","SPK06","216696","0.2067","cantharm_audio_spk06.zip","downloads/packages/cantharm_audio_spk06.zip"
"F00940_SPK06.wav","SPK06","313464","0.2989","cantharm_audio_spk06.zip","downloads/packages/cantharm_audio_spk06.zip"
"F00941_SPK06.wav","SPK06","391800","0.3736","cantharm_audio_spk06.zip","downloads/packages/cantharm_audio_spk06.zip"
"F00942_SPK06.wav","SPK06","456312","0.4352","cantharm_audio_spk06.zip","downloads/packages/cantharm_audio_spk06.zip"
"F00943_SPK06.wav","SPK06","253560","0.2418","cantharm_audio_spk06.zip","downloads/packages/cantharm_audio_spk06.zip"
"F00944_SPK06.wav","SPK06","258168","0.2462","cantharm_audio_spk06.zip","downloads/packages/cantharm_audio_spk06.zip"
"F00945_SPK06.wav","SPK06","286016","0.2728","cantharm_audio_spk06.zip","downloads/packages/cantharm_audio_spk06.zip"
"F00946_SPK06.wav","SPK06","271992","0.2594","cantharm_audio_spk06.zip","downloads/packages/cantharm_audio_spk06.zip"
"F00947_SPK06.wav","SPK06","774464","0.7386","cantharm_audio_spk06.zip","downloads/packages/cantharm_audio_spk06.zip"
"F00948_SPK06.wav","SPK06","774464","0.7386","cantharm_audio_spk06.zip","downloads/packages/cantharm_audio_spk06.zip"
"F00949A_SPK06.wav","SPK06","500504","0.4773","cantharm_audio_spk06.zip","downloads/packages/cantharm_audio_spk06.zip"
"F00949B_SPK06.wav","SPK06","378444","0.3609","cantharm_audio_spk06.zip","downloads/packages/cantharm_audio_spk06.zip"
"F00950_SPK06.wav","SPK06","271992","0.2594","cantharm_audio_spk06.zip","downloads/packages/cantharm_audio_spk06.zip"
"F00951_SPK06.wav","SPK06","318072","0.3033","cantharm_audio_spk06.zip","downloads/packages/cantharm_audio_spk06.zip"
"F00952_SPK06.wav","SPK06","414840","0.3956","cantharm_audio_spk06.zip","downloads/packages/cantharm_audio_spk06.zip"
"F00953_SPK06.wav","SPK06","276600","0.2638","cantharm_audio_spk06.zip","downloads/packages/cantharm_audio_spk06.zip"
"F00954_SPK06.wav","SPK06","336504","0.3209","cantharm_audio_spk06.zip","downloads/packages/cantharm_audio_spk06.zip"
"F00955_SPK06.wav","SPK06","271992","0.2594","cantharm_audio_spk06.zip","downloads/packages/cantharm_audio_spk06.zip"
"F00956_SPK06.wav","SPK06","235128","0.2242","cantharm_audio_spk06.zip","downloads/packages/cantharm_audio_spk06.zip"
"F00957_SPK06.wav","SPK06","267384","0.255","cantharm_audio_spk06.zip","downloads/packages/cantharm_audio_spk06.zip"
"F00958_SPK06.wav","SPK06","299640","0.2858","cantharm_audio_spk06.zip","downloads/packages/cantharm_audio_spk06.zip"
"F00959_SPK06.wav","SPK06","295032","0.2814","cantharm_audio_spk06.zip","downloads/packages/cantharm_audio_spk06.zip"
"F00960_SPK06.wav","SPK06","285816","0.2726","cantharm_audio_spk06.zip","downloads/packages/cantharm_audio_spk06.zip"
"F00961_SPK10.wav","SPK10","395474","0.3772","cantharm_audio_spk10.zip","downloads/packages/cantharm_audio_spk10.zip"
"F00962_SPK06.wav","SPK06","410232","0.3912","cantharm_audio_spk06.zip","downloads/packages/cantharm_audio_spk06.zip"
"F00963_SPK06.wav","SPK06","359544","0.3429","cantharm_audio_spk06.zip","downloads/packages/cantharm_audio_spk06.zip"
"F00964_SPK06.wav","SPK06","364152","0.3473","cantharm_audio_spk06.zip","downloads/packages/cantharm_audio_spk06.zip"
"F00965_SPK06.wav","SPK06","309528","0.2952","cantharm_audio_spk06.zip","downloads/packages/cantharm_audio_spk06.zip"
"F00966_SPK07.wav","SPK07","402326","0.3837","cantharm_audio_spk07.zip","downloads/packages/cantharm_audio_spk07.zip"
"F00967_SPK06.wav","SPK06","373368","0.3561","cantharm_audio_spk06.zip","downloads/packages/cantharm_audio_spk06.zip"
"F00968_SPK06.wav","SPK06","387192","0.3693","cantharm_audio_spk06.zip","downloads/packages/cantharm_audio_spk06.zip"
"F00969_SPK06.wav","SPK06","354936","0.3385","cantharm_audio_spk06.zip","downloads/packages/cantharm_audio_spk06.zip"
"F00970A_SPK06.wav","SPK06","308856","0.2945","cantharm_audio_spk06.zip","downloads/packages/cantharm_audio_spk06.zip"
"F00970B_SPK06.wav","SPK06","428664","0.4088","cantharm_audio_spk06.zip","downloads/packages/cantharm_audio_spk06.zip"
"F00971_SPK06.wav","SPK06","553080","0.5275","cantharm_audio_spk06.zip","downloads/packages/cantharm_audio_spk06.zip"
"F00972_SPK06.wav","SPK06","345720","0.3297","cantharm_audio_spk06.zip","downloads/packages/cantharm_audio_spk06.zip"
"F00973_SPK06.wav","SPK06","253560","0.2418","cantharm_audio_spk06.zip","downloads/packages/cantharm_audio_spk06.zip"
"F00974_SPK06.wav","SPK06","299640","0.2858","cantharm_audio_spk06.zip","downloads/packages/cantharm_audio_spk06.zip"
"F00975_SPK06.wav","SPK06","281208","0.2682","cantharm_audio_spk06.zip","downloads/packages/cantharm_audio_spk06.zip"
"F00976_SPK06.wav","SPK06","308856","0.2945","cantharm_audio_spk06.zip","downloads/packages/cantharm_audio_spk06.zip"
"F00977_SPK06.wav","SPK06","313464","0.2989","cantharm_audio_spk06.zip","downloads/packages/cantharm_audio_spk06.zip"
"F00978_SPK06.wav","SPK06","327288","0.3121","cantharm_audio_spk06.zip","downloads/packages/cantharm_audio_spk06.zip"
"F00979_SPK06.wav","SPK06","470136","0.4484","cantharm_audio_spk06.zip","downloads/packages/cantharm_audio_spk06.zip"
"F00980A_SPK04.wav","SPK04","349406","0.3332","cantharm_audio_spk04.zip","downloads/packages/cantharm_audio_spk04.zip"
"F00980B_SPK04.wav","SPK04","434078","0.414","cantharm_audio_spk04.zip","downloads/packages/cantharm_audio_spk04.zip"
"F00981_SPK06.wav","SPK06","451704","0.4308","cantharm_audio_spk06.zip","downloads/packages/cantharm_audio_spk06.zip"
"F00982_SPK06.wav","SPK06","239736","0.2286","cantharm_audio_spk06.zip","downloads/packages/cantharm_audio_spk06.zip"
"F00983_SPK06.wav","SPK06","359544","0.3429","cantharm_audio_spk06.zip","downloads/packages/cantharm_audio_spk06.zip"
"F00984_SPK06.wav","SPK06","248952","0.2374","cantharm_audio_spk06.zip","downloads/packages/cantharm_audio_spk06.zip"
"F00985_SPK06.wav","SPK06","290424","0.277","cantharm_audio_spk06.zip","downloads/packages/cantharm_audio_spk06.zip"
"F00986_SPK06.wav","SPK06","299640","0.2858","cantharm_audio_spk06.zip","downloads/packages/cantharm_audio_spk06.zip"
"F00987_SPK06.wav","SPK06","299640","0.2858","cantharm_audio_spk06.zip","downloads/packages/cantharm_audio_spk06.zip"
"F00988_SPK06.wav","SPK06","447096","0.4264","cantharm_audio_spk06.zip","downloads/packages/cantharm_audio_spk06.zip"
"F00989_SPK06.wav","SPK06","331896","0.3165","cantharm_audio_spk06.zip","downloads/packages/cantharm_audio_spk06.zip"
"F00990_SPK06.wav","SPK06","345720","0.3297","cantharm_audio_spk06.zip","downloads/packages/cantharm_audio_spk06.zip"
"F00991_SPK06.wav","SPK06","428664","0.4088","cantharm_audio_spk06.zip","downloads/packages/cantharm_audio_spk06.zip"
"F00992_SPK06.wav","SPK06","405624","0.3868","cantharm_audio_spk06.zip","downloads/packages/cantharm_audio_spk06.zip"
"F00993_SPK06.wav","SPK06","354936","0.3385","cantharm_audio_spk06.zip","downloads/packages/cantharm_audio_spk06.zip"
"F00994_SPK06.wav","SPK06","366932","0.3499","cantharm_audio_spk06.zip","downloads/packages/cantharm_audio_spk06.zip"
"F00995_SPK06.wav","SPK06","202872","0.1935","cantharm_audio_spk06.zip","downloads/packages/cantharm_audio_spk06.zip"
"F00996_SPK06.wav","SPK06","285816","0.2726","cantharm_audio_spk06.zip","downloads/packages/cantharm_audio_spk06.zip"
"F00997_SPK06.wav","SPK06","373368","0.3561","cantharm_audio_spk06.zip","downloads/packages/cantharm_audio_spk06.zip"
"F00998_SPK06.wav","SPK06","331896","0.3165","cantharm_audio_spk06.zip","downloads/packages/cantharm_audio_spk06.zip"
"F00999_SPK06.wav","SPK06","295032","0.2814","cantharm_audio_spk06.zip","downloads/packages/cantharm_audio_spk06.zip"
"F01000_SPK06.wav","SPK06","308856","0.2945","cantharm_audio_spk06.zip","downloads/packages/cantharm_audio_spk06.zip"
"F01001_SPK06.wav","SPK06","442488","0.422","cantharm_audio_spk06.zip","downloads/packages/cantharm_audio_spk06.zip"
"F01002_SPK06.wav","SPK06","285816","0.2726","cantharm_audio_spk06.zip","downloads/packages/cantharm_audio_spk06.zip"
"F01003_SPK06.wav","SPK06","377976","0.3605","cantharm_audio_spk06.zip","downloads/packages/cantharm_audio_spk06.zip"
"F01004_SPK06.wav","SPK06","396408","0.378","cantharm_audio_spk06.zip","downloads/packages/cantharm_audio_spk06.zip"
"F01005_SPK06.wav","SPK06","322680","0.3077","cantharm_audio_spk06.zip","downloads/packages/cantharm_audio_spk06.zip"
"F01006_SPK06.wav","SPK06","318072","0.3033","cantharm_audio_spk06.zip","downloads/packages/cantharm_audio_spk06.zip"
"F01007_SPK06.wav","SPK06","579466","0.5526","cantharm_audio_spk06.zip","downloads/packages/cantharm_audio_spk06.zip"
"F01008_SPK06.wav","SPK06","447394","0.4267","cantharm_audio_spk06.zip","downloads/packages/cantharm_audio_spk06.zip"
"F01009_SPK06.wav","SPK06","299640","0.2858","cantharm_audio_spk06.zip","downloads/packages/cantharm_audio_spk06.zip"
"F01010_SPK06.wav","SPK06","290424","0.277","cantharm_audio_spk06.zip","downloads/packages/cantharm_audio_spk06.zip"
"F01011_SPK06.wav","SPK06","416458","0.3972","cantharm_audio_spk06.zip","downloads/packages/cantharm_audio_spk06.zip"
"F01012_SPK06.wav","SPK06","491606","0.4688","cantharm_audio_spk06.zip","downloads/packages/cantharm_audio_spk06.zip"
"F01013_SPK06.wav","SPK06","520946","0.4968","cantharm_audio_spk06.zip","downloads/packages/cantharm_audio_spk06.zip"
"F01014_SPK06.wav","SPK06","960766","0.9163","cantharm_audio_spk06.zip","downloads/packages/cantharm_audio_spk06.zip"
"F01015_SPK06.wav","SPK06","410380","0.3914","cantharm_audio_spk06.zip","downloads/packages/cantharm_audio_spk06.zip"
"F01016_SPK06.wav","SPK06","271992","0.2594","cantharm_audio_spk06.zip","downloads/packages/cantharm_audio_spk06.zip"
"F01017_SPK06.wav","SPK06","331896","0.3165","cantharm_audio_spk06.zip","downloads/packages/cantharm_audio_spk06.zip"
"F01018_SPK06.wav","SPK06","318072","0.3033","cantharm_audio_spk06.zip","downloads/packages/cantharm_audio_spk06.zip"
"F01019_SPK06.wav","SPK06","262776","0.2506","cantharm_audio_spk06.zip","downloads/packages/cantharm_audio_spk06.zip"
"F01020_SPK06.wav","SPK06","235128","0.2242","cantharm_audio_spk06.zip","downloads/packages/cantharm_audio_spk06.zip"
"F01021_SPK06.wav","SPK06","585336","0.5582","cantharm_audio_spk06.zip","downloads/packages/cantharm_audio_spk06.zip"
"F01022_SPK08.wav","SPK08","424460","0.4048","cantharm_audio_spk08.zip","downloads/packages/cantharm_audio_spk08.zip"
"F01023_SPK08.wav","SPK08","410408","0.3914","cantharm_audio_spk08.zip","downloads/packages/cantharm_audio_spk08.zip"
"F01024_SPK08.wav","SPK08","405800","0.387","cantharm_audio_spk08.zip","downloads/packages/cantharm_audio_spk08.zip"
"F01025_SPK08.wav","SPK08","415016","0.3958","cantharm_audio_spk08.zip","downloads/packages/cantharm_audio_spk08.zip"
"F01026_SPK08.wav","SPK08","368936","0.3518","cantharm_audio_spk08.zip","downloads/packages/cantharm_audio_spk08.zip"
"F01027_SPK08.wav","SPK08","336680","0.3211","cantharm_audio_spk08.zip","downloads/packages/cantharm_audio_spk08.zip"
"F01028_SPK08.wav","SPK08","401192","0.3826","cantharm_audio_spk08.zip","downloads/packages/cantharm_audio_spk08.zip"
"F01029_SPK08.wav","SPK08","368936","0.3518","cantharm_audio_spk08.zip","downloads/packages/cantharm_audio_spk08.zip"
"F01030_SPK08.wav","SPK08","410408","0.3914","cantharm_audio_spk08.zip","downloads/packages/cantharm_audio_spk08.zip"
"F01031_SPK08.wav","SPK08","502568","0.4793","cantharm_audio_spk08.zip","downloads/packages/cantharm_audio_spk08.zip"
"F01032_SPK08.wav","SPK08","445580","0.4249","cantharm_audio_spk08.zip","downloads/packages/cantharm_audio_spk08.zip"
"F01033_SPK08.wav","SPK08","451880","0.4309","cantharm_audio_spk08.zip","downloads/packages/cantharm_audio_spk08.zip"
"F01034_SPK08.wav","SPK08","608552","0.5804","cantharm_audio_spk08.zip","downloads/packages/cantharm_audio_spk08.zip"
"F01035_SPK08.wav","SPK08","378152","0.3606","cantharm_audio_spk08.zip","downloads/packages/cantharm_audio_spk08.zip"
"F01036_SPK08.wav","SPK08","364328","0.3475","cantharm_audio_spk08.zip","downloads/packages/cantharm_audio_spk08.zip"
"F01037_SPK08.wav","SPK08","378152","0.3606","cantharm_audio_spk08.zip","downloads/packages/cantharm_audio_spk08.zip"
"F01038_SPK08.wav","SPK08","378152","0.3606","cantharm_audio_spk08.zip","downloads/packages/cantharm_audio_spk08.zip"
"F01039_SPK08.wav","SPK08","401192","0.3826","cantharm_audio_spk08.zip","downloads/packages/cantharm_audio_spk08.zip"
"F01040_SPK08.wav","SPK08","451880","0.4309","cantharm_audio_spk08.zip","downloads/packages/cantharm_audio_spk08.zip"
"F01041_SPK08.wav","SPK08","415016","0.3958","cantharm_audio_spk08.zip","downloads/packages/cantharm_audio_spk08.zip"
"F01042_SPK08.wav","SPK08","493352","0.4705","cantharm_audio_spk08.zip","downloads/packages/cantharm_audio_spk08.zip"
"F01043_SPK08.wav","SPK08","419624","0.4002","cantharm_audio_spk08.zip","downloads/packages/cantharm_audio_spk08.zip"
"F01044_SPK08.wav","SPK08","456488","0.4353","cantharm_audio_spk08.zip","downloads/packages/cantharm_audio_spk08.zip"
"F01045_SPK10.wav","SPK10","414676","0.3955","cantharm_audio_spk10.zip","downloads/packages/cantharm_audio_spk10.zip"
"F01046_SPK08.wav","SPK08","479528","0.4573","cantharm_audio_spk08.zip","downloads/packages/cantharm_audio_spk08.zip"
"F01047_SPK08.wav","SPK08","447272","0.4266","cantharm_audio_spk08.zip","downloads/packages/cantharm_audio_spk08.zip"
"F01048_SPK08.wav","SPK08","507176","0.4837","cantharm_audio_spk08.zip","downloads/packages/cantharm_audio_spk08.zip"
"F01049_SPK08.wav","SPK08","544040","0.5188","cantharm_audio_spk08.zip","downloads/packages/cantharm_audio_spk08.zip"
"F01050_SPK08.wav","SPK08","585512","0.5584","cantharm_audio_spk08.zip","downloads/packages/cantharm_audio_spk08.zip"
"F01051_SPK08.wav","SPK08","424232","0.4046","cantharm_audio_spk08.zip","downloads/packages/cantharm_audio_spk08.zip"
"F01053_SPK08.wav","SPK08","345896","0.3299","cantharm_audio_spk08.zip","downloads/packages/cantharm_audio_spk08.zip"
"F01054_SPK08.wav","SPK08","364328","0.3475","cantharm_audio_spk08.zip","downloads/packages/cantharm_audio_spk08.zip"
"F01055_SPK08.wav","SPK08","403340","0.3847","cantharm_audio_spk08.zip","downloads/packages/cantharm_audio_spk08.zip"
"F01056_SPK08.wav","SPK08","518540","0.4945","cantharm_audio_spk08.zip","downloads/packages/cantharm_audio_spk08.zip"
"F01057_SPK08.wav","SPK08","397580","0.3792","cantharm_audio_spk08.zip","downloads/packages/cantharm_audio_spk08.zip"
"F01058_SPK08.wav","SPK08","338812","0.3231","cantharm_audio_spk08.zip","downloads/packages/cantharm_audio_spk08.zip"
"F01059_SPK08.wav","SPK08","415016","0.3958","cantharm_audio_spk08.zip","downloads/packages/cantharm_audio_spk08.zip"
"F01060_SPK08.wav","SPK08","451880","0.4309","cantharm_audio_spk08.zip","downloads/packages/cantharm_audio_spk08.zip"
"F01061_SPK08.wav","SPK08","401192","0.3826","cantharm_audio_spk08.zip","downloads/packages/cantharm_audio_spk08.zip"
"F01062_SPK08.wav","SPK08","447272","0.4266","cantharm_audio_spk08.zip","downloads/packages/cantharm_audio_spk08.zip"
"F01063_SPK08.wav","SPK08","415016","0.3958","cantharm_audio_spk08.zip","downloads/packages/cantharm_audio_spk08.zip"
"F01064_SPK08.wav","SPK08","419624","0.4002","cantharm_audio_spk08.zip","downloads/packages/cantharm_audio_spk08.zip"
"F01065_SPK08.wav","SPK08","355112","0.3387","cantharm_audio_spk08.zip","downloads/packages/cantharm_audio_spk08.zip"
"F01066_SPK08.wav","SPK08","350504","0.3343","cantharm_audio_spk08.zip","downloads/packages/cantharm_audio_spk08.zip"
"F01067_SPK08.wav","SPK08","709928","0.677","cantharm_audio_spk08.zip","downloads/packages/cantharm_audio_spk08.zip"
"F01068_SPK08.wav","SPK08","359720","0.3431","cantharm_audio_spk08.zip","downloads/packages/cantharm_audio_spk08.zip"
"F01069_SPK08.wav","SPK08","470312","0.4485","cantharm_audio_spk08.zip","downloads/packages/cantharm_audio_spk08.zip"
"F01070_SPK08.wav","SPK08","488744","0.4661","cantharm_audio_spk08.zip","downloads/packages/cantharm_audio_spk08.zip"
"F01071_SPK08.wav","SPK08","378152","0.3606","cantharm_audio_spk08.zip","downloads/packages/cantharm_audio_spk08.zip"
"F01072_SPK08.wav","SPK08","341288","0.3255","cantharm_audio_spk08.zip","downloads/packages/cantharm_audio_spk08.zip"
"F01073_SPK08.wav","SPK08","341288","0.3255","cantharm_audio_spk08.zip","downloads/packages/cantharm_audio_spk08.zip"
"F01074_SPK08.wav","SPK08","415016","0.3958","cantharm_audio_spk08.zip","downloads/packages/cantharm_audio_spk08.zip"
"F01075_SPK08.wav","SPK08","433448","0.4134","cantharm_audio_spk08.zip","downloads/packages/cantharm_audio_spk08.zip"
"F01076_SPK08.wav","SPK08","373544","0.3562","cantharm_audio_spk08.zip","downloads/packages/cantharm_audio_spk08.zip"
"F01077A_SPK05.wav","SPK05","391742","0.3736","cantharm_audio_spk05.zip","downloads/packages/cantharm_audio_spk05.zip"
"F01077B_SPK05.wav","SPK05","441134","0.4207","cantharm_audio_spk05.zip","downloads/packages/cantharm_audio_spk05.zip"
"F01078_SPK08.wav","SPK08","401192","0.3826","cantharm_audio_spk08.zip","downloads/packages/cantharm_audio_spk08.zip"
"F01079_SPK08.wav","SPK08","428840","0.409","cantharm_audio_spk08.zip","downloads/packages/cantharm_audio_spk08.zip"
"F01080_SPK08.wav","SPK08","378152","0.3606","cantharm_audio_spk08.zip","downloads/packages/cantharm_audio_spk08.zip"
"F01081_SPK08.wav","SPK08","405800","0.387","cantharm_audio_spk08.zip","downloads/packages/cantharm_audio_spk08.zip"
"F01082_SPK08.wav","SPK08","401192","0.3826","cantharm_audio_spk08.zip","downloads/packages/cantharm_audio_spk08.zip"
"F01083_SPK08.wav","SPK08","433448","0.4134","cantharm_audio_spk08.zip","downloads/packages/cantharm_audio_spk08.zip"
"F01084_SPK08.wav","SPK08","447272","0.4266","cantharm_audio_spk08.zip","downloads/packages/cantharm_audio_spk08.zip"
"F01085_SPK08.wav","SPK08","534824","0.51","cantharm_audio_spk08.zip","downloads/packages/cantharm_audio_spk08.zip"
"F01086_SPK08.wav","SPK08","368936","0.3518","cantharm_audio_spk08.zip","downloads/packages/cantharm_audio_spk08.zip"
"F01087_SPK08.wav","SPK08","350504","0.3343","cantharm_audio_spk08.zip","downloads/packages/cantharm_audio_spk08.zip"
"F01088_SPK08.wav","SPK08","359720","0.3431","cantharm_audio_spk08.zip","downloads/packages/cantharm_audio_spk08.zip"
"F01089_SPK08.wav","SPK08","313640","0.2991","cantharm_audio_spk08.zip","downloads/packages/cantharm_audio_spk08.zip"
"F01090_SPK08.wav","SPK08","387368","0.3694","cantharm_audio_spk08.zip","downloads/packages/cantharm_audio_spk08.zip"
"F01091_SPK08.wav","SPK08","387368","0.3694","cantharm_audio_spk08.zip","downloads/packages/cantharm_audio_spk08.zip"
"F01092_SPK08.wav","SPK08","391976","0.3738","cantharm_audio_spk08.zip","downloads/packages/cantharm_audio_spk08.zip"
"F01093_SPK08.wav","SPK08","401192","0.3826","cantharm_audio_spk08.zip","downloads/packages/cantharm_audio_spk08.zip"
"F01094_SPK08.wav","SPK08","567080","0.5408","cantharm_audio_spk08.zip","downloads/packages/cantharm_audio_spk08.zip"
"F01095_SPK08.wav","SPK08","387368","0.3694","cantharm_audio_spk08.zip","downloads/packages/cantharm_audio_spk08.zip"
"F01096_SPK08.wav","SPK08","387368","0.3694","cantharm_audio_spk08.zip","downloads/packages/cantharm_audio_spk08.zip"
"F01097_SPK08.wav","SPK08","396584","0.3782","cantharm_audio_spk08.zip","downloads/packages/cantharm_audio_spk08.zip"
"F01098_SPK08.wav","SPK08","419624","0.4002","cantharm_audio_spk08.zip","downloads/packages/cantharm_audio_spk08.zip"
"F01099_SPK08.wav","SPK08","438056","0.4178","cantharm_audio_spk08.zip","downloads/packages/cantharm_audio_spk08.zip"
"F01100_SPK08.wav","SPK08","359720","0.3431","cantharm_audio_spk08.zip","downloads/packages/cantharm_audio_spk08.zip"
"F01101_SPK08.wav","SPK08","493352","0.4705","cantharm_audio_spk08.zip","downloads/packages/cantharm_audio_spk08.zip"
"F01102_SPK08.wav","SPK08","355112","0.3387","cantharm_audio_spk08.zip","downloads/packages/cantharm_audio_spk08.zip"
"F01103_SPK08.wav","SPK08","419624","0.4002","cantharm_audio_spk08.zip","downloads/packages/cantharm_audio_spk08.zip"
"F01104_SPK08.wav","SPK08","442664","0.4222","cantharm_audio_spk08.zip","downloads/packages/cantharm_audio_spk08.zip"
"F01105_SPK08.wav","SPK08","470312","0.4485","cantharm_audio_spk08.zip","downloads/packages/cantharm_audio_spk08.zip"
"F01106_SPK08.wav","SPK08","364328","0.3475","cantharm_audio_spk08.zip","downloads/packages/cantharm_audio_spk08.zip"
"F01107_SPK08.wav","SPK08","410408","0.3914","cantharm_audio_spk08.zip","downloads/packages/cantharm_audio_spk08.zip"
"F01108_SPK08.wav","SPK08","341288","0.3255","cantharm_audio_spk08.zip","downloads/packages/cantharm_audio_spk08.zip"
"F01109_SPK08.wav","SPK08","345896","0.3299","cantharm_audio_spk08.zip","downloads/packages/cantharm_audio_spk08.zip"
"F01110_SPK08.wav","SPK08","355112","0.3387","cantharm_audio_spk08.zip","downloads/packages/cantharm_audio_spk08.zip"
"F01111_SPK08.wav","SPK08","364328","0.3475","cantharm_audio_spk08.zip","downloads/packages/cantharm_audio_spk08.zip"
"F01112_SPK08.wav","SPK08","562472","0.5364","cantharm_audio_spk08.zip","downloads/packages/cantharm_audio_spk08.zip"
"F01113_SPK08.wav","SPK08","442664","0.4222","cantharm_audio_spk08.zip","downloads/packages/cantharm_audio_spk08.zip"
"F01114_SPK08.wav","SPK08","507176","0.4837","cantharm_audio_spk08.zip","downloads/packages/cantharm_audio_spk08.zip"
"F01115_SPK08.wav","SPK08","544040","0.5188","cantharm_audio_spk08.zip","downloads/packages/cantharm_audio_spk08.zip"
"F01116_SPK08.wav","SPK08","470312","0.4485","cantharm_audio_spk08.zip","downloads/packages/cantharm_audio_spk08.zip"
"F01117_SPK08.wav","SPK08","378152","0.3606","cantharm_audio_spk08.zip","downloads/packages/cantharm_audio_spk08.zip"
"F01118_SPK08.wav","SPK08","516392","0.4925","cantharm_audio_spk08.zip","downloads/packages/cantharm_audio_spk08.zip"
"F01119_SPK08.wav","SPK08","350504","0.3343","cantharm_audio_spk08.zip","downloads/packages/cantharm_audio_spk08.zip"
"F01120_SPK08.wav","SPK08","336680","0.3211","cantharm_audio_spk08.zip","downloads/packages/cantharm_audio_spk08.zip"
"F01121_SPK08.wav","SPK08","336680","0.3211","cantharm_audio_spk08.zip","downloads/packages/cantharm_audio_spk08.zip"
"F01122_SPK08.wav","SPK08","327464","0.3123","cantharm_audio_spk08.zip","downloads/packages/cantharm_audio_spk08.zip"
"F01123_SPK08.wav","SPK08","364328","0.3475","cantharm_audio_spk08.zip","downloads/packages/cantharm_audio_spk08.zip"
"F01124_SPK08.wav","SPK08","401192","0.3826","cantharm_audio_spk08.zip","downloads/packages/cantharm_audio_spk08.zip"
"F01125_SPK08.wav","SPK08","350504","0.3343","cantharm_audio_spk08.zip","downloads/packages/cantharm_audio_spk08.zip"
"F01126_SPK08.wav","SPK08","396584","0.3782","cantharm_audio_spk08.zip","downloads/packages/cantharm_audio_spk08.zip"
"F01127_SPK08.wav","SPK08","350504","0.3343","cantharm_audio_spk08.zip","downloads/packages/cantharm_audio_spk08.zip"
"F01128_SPK08.wav","SPK08","442664","0.4222","cantharm_audio_spk08.zip","downloads/packages/cantharm_audio_spk08.zip"
"F01129_SPK08.wav","SPK08","359720","0.3431","cantharm_audio_spk08.zip","downloads/packages/cantharm_audio_spk08.zip"
"F01130_SPK08.wav","SPK08","410408","0.3914","cantharm_audio_spk08.zip","downloads/packages/cantharm_audio_spk08.zip"
"F01131_SPK08.wav","SPK08","364328","0.3475","cantharm_audio_spk08.zip","downloads/packages/cantharm_audio_spk08.zip"
"F01132_SPK08.wav","SPK08","345896","0.3299","cantharm_audio_spk08.zip","downloads/packages/cantharm_audio_spk08.zip"
"F01133_SPK08.wav","SPK08","447272","0.4266","cantharm_audio_spk08.zip","downloads/packages/cantharm_audio_spk08.zip"
"F01134_SPK08.wav","SPK08","401192","0.3826","cantharm_audio_spk08.zip","downloads/packages/cantharm_audio_spk08.zip"
"F01135_SPK08.wav","SPK08","364328","0.3475","cantharm_audio_spk08.zip","downloads/packages/cantharm_audio_spk08.zip"
"F01136_SPK10.wav","SPK10","324914","0.3099","cantharm_audio_spk10.zip","downloads/packages/cantharm_audio_spk10.zip"
"F01137_SPK08.wav","SPK08","474920","0.4529","cantharm_audio_spk08.zip","downloads/packages/cantharm_audio_spk08.zip"
"F01138_SPK08.wav","SPK08","488744","0.4661","cantharm_audio_spk08.zip","downloads/packages/cantharm_audio_spk08.zip"
"F01139_SPK08.wav","SPK08","483490","0.4611","cantharm_audio_spk08.zip","downloads/packages/cantharm_audio_spk08.zip"
"F01140_SPK08.wav","SPK08","484136","0.4617","cantharm_audio_spk08.zip","downloads/packages/cantharm_audio_spk08.zip"
"F01141_SPK08.wav","SPK08","585512","0.5584","cantharm_audio_spk08.zip","downloads/packages/cantharm_audio_spk08.zip"
"F01142_SPK08.wav","SPK08","756008","0.721","cantharm_audio_spk08.zip","downloads/packages/cantharm_audio_spk08.zip"
"F01143_SPK08.wav","SPK08","423842","0.4042","cantharm_audio_spk08.zip","downloads/packages/cantharm_audio_spk08.zip"
"F01144_SPK08.wav","SPK08","221480","0.2112","cantharm_audio_spk08.zip","downloads/packages/cantharm_audio_spk08.zip"
"F01145_SPK08.wav","SPK08","350504","0.3343","cantharm_audio_spk08.zip","downloads/packages/cantharm_audio_spk08.zip"
"F01146_SPK08.wav","SPK08","285992","0.2727","cantharm_audio_spk08.zip","downloads/packages/cantharm_audio_spk08.zip"
"F01147_SPK08.wav","SPK08","433448","0.4134","cantharm_audio_spk08.zip","downloads/packages/cantharm_audio_spk08.zip"
"F01148_SPK08.wav","SPK08","461096","0.4397","cantharm_audio_spk08.zip","downloads/packages/cantharm_audio_spk08.zip"
"F01149_SPK08.wav","SPK08","378152","0.3606","cantharm_audio_spk08.zip","downloads/packages/cantharm_audio_spk08.zip"
"F01150_SPK08.wav","SPK08","391976","0.3738","cantharm_audio_spk08.zip","downloads/packages/cantharm_audio_spk08.zip"
"F01151_SPK08.wav","SPK08","650024","0.6199","cantharm_audio_spk08.zip","downloads/packages/cantharm_audio_spk08.zip"
"F01152_SPK08.wav","SPK08","427042","0.4073","cantharm_audio_spk08.zip","downloads/packages/cantharm_audio_spk08.zip"
"F01153_SPK08.wav","SPK08","349582","0.3334","cantharm_audio_spk08.zip","downloads/packages/cantharm_audio_spk08.zip"
"F01154_SPK08.wav","SPK08","433448","0.4134","cantharm_audio_spk08.zip","downloads/packages/cantharm_audio_spk08.zip"
"F01155_SPK08.wav","SPK08","415016","0.3958","cantharm_audio_spk08.zip","downloads/packages/cantharm_audio_spk08.zip"
"F01156_SPK08.wav","SPK08","295208","0.2815","cantharm_audio_spk08.zip","downloads/packages/cantharm_audio_spk08.zip"
"F01157_SPK08.wav","SPK08","368936","0.3518","cantharm_audio_spk08.zip","downloads/packages/cantharm_audio_spk08.zip"
"F01158_SPK08.wav","SPK08","318248","0.3035","cantharm_audio_spk08.zip","downloads/packages/cantharm_audio_spk08.zip"
"F01159_SPK08.wav","SPK08","474920","0.4529","cantharm_audio_spk08.zip","downloads/packages/cantharm_audio_spk08.zip"
"F01160_SPK08.wav","SPK08","336680","0.3211","cantharm_audio_spk08.zip","downloads/packages/cantharm_audio_spk08.zip"
"F01161_SPK08.wav","SPK08","341288","0.3255","cantharm_audio_spk08.zip","downloads/packages/cantharm_audio_spk08.zip"
"F01162_SPK08.wav","SPK08","474920","0.4529","cantharm_audio_spk08.zip","downloads/packages/cantharm_audio_spk08.zip"
"F01163_SPK08.wav","SPK08","313640","0.2991","cantharm_audio_spk08.zip","downloads/packages/cantharm_audio_spk08.zip"
"F01164_SPK08.wav","SPK08","410408","0.3914","cantharm_audio_spk08.zip","downloads/packages/cantharm_audio_spk08.zip"
"F01165_SPK08.wav","SPK08","422542","0.403","cantharm_audio_spk08.zip","downloads/packages/cantharm_audio_spk08.zip"
"F01166_SPK08.wav","SPK08","534824","0.51","cantharm_audio_spk08.zip","downloads/packages/cantharm_audio_spk08.zip"
"F01167_SPK08.wav","SPK08","470312","0.4485","cantharm_audio_spk08.zip","downloads/packages/cantharm_audio_spk08.zip"
"F01168_SPK08.wav","SPK08","336680","0.3211","cantharm_audio_spk08.zip","downloads/packages/cantharm_audio_spk08.zip"
"F01169_SPK08.wav","SPK08","488744","0.4661","cantharm_audio_spk08.zip","downloads/packages/cantharm_audio_spk08.zip"
"F01170_SPK08.wav","SPK08","359720","0.3431","cantharm_audio_spk08.zip","downloads/packages/cantharm_audio_spk08.zip"
"F01171_SPK08.wav","SPK08","415016","0.3958","cantharm_audio_spk08.zip","downloads/packages/cantharm_audio_spk08.zip"
"F01172_SPK08.wav","SPK08","350504","0.3343","cantharm_audio_spk08.zip","downloads/packages/cantharm_audio_spk08.zip"
"F01173_SPK08.wav","SPK08","705320","0.6726","cantharm_audio_spk08.zip","downloads/packages/cantharm_audio_spk08.zip"
"F01174_SPK08.wav","SPK08","239912","0.2288","cantharm_audio_spk08.zip","downloads/packages/cantharm_audio_spk08.zip"
"F01175_SPK08.wav","SPK08","355112","0.3387","cantharm_audio_spk08.zip","downloads/packages/cantharm_audio_spk08.zip"
"F01176_SPK08.wav","SPK08","415016","0.3958","cantharm_audio_spk08.zip","downloads/packages/cantharm_audio_spk08.zip"
"F01177_SPK08.wav","SPK08","272168","0.2596","cantharm_audio_spk08.zip","downloads/packages/cantharm_audio_spk08.zip"
"F01178_SPK08.wav","SPK08","438056","0.4178","cantharm_audio_spk08.zip","downloads/packages/cantharm_audio_spk08.zip"
"F01179_SPK08.wav","SPK08","433448","0.4134","cantharm_audio_spk08.zip","downloads/packages/cantharm_audio_spk08.zip"
"F01180_SPK08.wav","SPK08","488744","0.4661","cantharm_audio_spk08.zip","downloads/packages/cantharm_audio_spk08.zip"
"F01181_SPK08.wav","SPK08","378152","0.3606","cantharm_audio_spk08.zip","downloads/packages/cantharm_audio_spk08.zip"
"F01182_SPK08.wav","SPK08","700712","0.6683","cantharm_audio_spk08.zip","downloads/packages/cantharm_audio_spk08.zip"
"F01183_SPK08.wav","SPK08","442664","0.4222","cantharm_audio_spk08.zip","downloads/packages/cantharm_audio_spk08.zip"
"F01184A_SPK10.wav","SPK10","365284","0.3484","cantharm_audio_spk10.zip","downloads/packages/cantharm_audio_spk10.zip"
"F01184B_SPK10.wav","SPK10","351172","0.3349","cantharm_audio_spk10.zip","downloads/packages/cantharm_audio_spk10.zip"
"F01185_SPK08.wav","SPK08","355112","0.3387","cantharm_audio_spk08.zip","downloads/packages/cantharm_audio_spk08.zip"
"F01186_SPK08.wav","SPK08","350504","0.3343","cantharm_audio_spk08.zip","downloads/packages/cantharm_audio_spk08.zip"
"F01187_SPK08.wav","SPK08","419624","0.4002","cantharm_audio_spk08.zip","downloads/packages/cantharm_audio_spk08.zip"
"F01188_SPK08.wav","SPK08","378152","0.3606","cantharm_audio_spk08.zip","downloads/packages/cantharm_audio_spk08.zip"
"F01189_SPK08.wav","SPK08","355112","0.3387","cantharm_audio_spk08.zip","downloads/packages/cantharm_audio_spk08.zip"
"F01190_SPK08.wav","SPK08","313640","0.2991","cantharm_audio_spk08.zip","downloads/packages/cantharm_audio_spk08.zip"
"F01191_SPK08.wav","SPK08","309032","0.2947","cantharm_audio_spk08.zip","downloads/packages/cantharm_audio_spk08.zip"
"F01192_SPK08.wav","SPK08","327464","0.3123","cantharm_audio_spk08.zip","downloads/packages/cantharm_audio_spk08.zip"
"F01193_SPK08.wav","SPK08","318248","0.3035","cantharm_audio_spk08.zip","downloads/packages/cantharm_audio_spk08.zip"
"F01194_SPK08.wav","SPK08","336680","0.3211","cantharm_audio_spk08.zip","downloads/packages/cantharm_audio_spk08.zip"
"F01195_SPK08.wav","SPK08","626984","0.5979","cantharm_audio_spk08.zip","downloads/packages/cantharm_audio_spk08.zip"
"F01196_SPK08.wav","SPK08","382760","0.365","cantharm_audio_spk08.zip","downloads/packages/cantharm_audio_spk08.zip"
"F01197_SPK08.wav","SPK08","419624","0.4002","cantharm_audio_spk08.zip","downloads/packages/cantharm_audio_spk08.zip"
"F01198_SPK08.wav","SPK08","373544","0.3562","cantharm_audio_spk08.zip","downloads/packages/cantharm_audio_spk08.zip"
"F01199_SPK08.wav","SPK08","396584","0.3782","cantharm_audio_spk08.zip","downloads/packages/cantharm_audio_spk08.zip"
"F01200_SPK08.wav","SPK08","318248","0.3035","cantharm_audio_spk08.zip","downloads/packages/cantharm_audio_spk08.zip"
"F01201_SPK08.wav","SPK08","387368","0.3694","cantharm_audio_spk08.zip","downloads/packages/cantharm_audio_spk08.zip"
"F01202_SPK08.wav","SPK08","387368","0.3694","cantharm_audio_spk08.zip","downloads/packages/cantharm_audio_spk08.zip"
"F01203_SPK08.wav","SPK08","410408","0.3914","cantharm_audio_spk08.zip","downloads/packages/cantharm_audio_spk08.zip"
"F01204_SPK08.wav","SPK08","415016","0.3958","cantharm_audio_spk08.zip","downloads/packages/cantharm_audio_spk08.zip"
"F01205_SPK08.wav","SPK08","327464","0.3123","cantharm_audio_spk08.zip","downloads/packages/cantharm_audio_spk08.zip"
"F01206_SPK08.wav","SPK08","391976","0.3738","cantharm_audio_spk08.zip","downloads/packages/cantharm_audio_spk08.zip"
"F01207_SPK08.wav","SPK08","345896","0.3299","cantharm_audio_spk08.zip","downloads/packages/cantharm_audio_spk08.zip"
"F01208_SPK08.wav","SPK08","341288","0.3255","cantharm_audio_spk08.zip","downloads/packages/cantharm_audio_spk08.zip"
"F01209_SPK08.wav","SPK08","355112","0.3387","cantharm_audio_spk08.zip","downloads/packages/cantharm_audio_spk08.zip"
"F01210_SPK08.wav","SPK08","438056","0.4178","cantharm_audio_spk08.zip","downloads/packages/cantharm_audio_spk08.zip"
"F01211_SPK08.wav","SPK08","332072","0.3167","cantharm_audio_spk08.zip","downloads/packages/cantharm_audio_spk08.zip"
"F01212_SPK08.wav","SPK08","442664","0.4222","cantharm_audio_spk08.zip","downloads/packages/cantharm_audio_spk08.zip"
"F01213_SPK08.wav","SPK08","309032","0.2947","cantharm_audio_spk08.zip","downloads/packages/cantharm_audio_spk08.zip"
"F01214_SPK08.wav","SPK08","373544","0.3562","cantharm_audio_spk08.zip","downloads/packages/cantharm_audio_spk08.zip"
"F01215_SPK08.wav","SPK08","461096","0.4397","cantharm_audio_spk08.zip","downloads/packages/cantharm_audio_spk08.zip"
"F01216_SPK08.wav","SPK08","415016","0.3958","cantharm_audio_spk08.zip","downloads/packages/cantharm_audio_spk08.zip"
"F01217_SPK08.wav","SPK08","401192","0.3826","cantharm_audio_spk08.zip","downloads/packages/cantharm_audio_spk08.zip"
"F01218_SPK08.wav","SPK08","410408","0.3914","cantharm_audio_spk08.zip","downloads/packages/cantharm_audio_spk08.zip"
"F01219_SPK08.wav","SPK08","322856","0.3079","cantharm_audio_spk08.zip","downloads/packages/cantharm_audio_spk08.zip"
"F01220_SPK08.wav","SPK08","364328","0.3475","cantharm_audio_spk08.zip","downloads/packages/cantharm_audio_spk08.zip"
"F01221_SPK08.wav","SPK08","313640","0.2991","cantharm_audio_spk08.zip","downloads/packages/cantharm_audio_spk08.zip"
"F01222_SPK08.wav","SPK08","341288","0.3255","cantharm_audio_spk08.zip","downloads/packages/cantharm_audio_spk08.zip"
"F01223_SPK08.wav","SPK08","281384","0.2683","cantharm_audio_spk08.zip","downloads/packages/cantharm_audio_spk08.zip"
"F01224_SPK08.wav","SPK08","322856","0.3079","cantharm_audio_spk08.zip","downloads/packages/cantharm_audio_spk08.zip"
"F01225_SPK08.wav","SPK08","318248","0.3035","cantharm_audio_spk08.zip","downloads/packages/cantharm_audio_spk08.zip"
"F01226_SPK08.wav","SPK08","373544","0.3562","cantharm_audio_spk08.zip","downloads/packages/cantharm_audio_spk08.zip"
"F01227_SPK08.wav","SPK08","410408","0.3914","cantharm_audio_spk08.zip","downloads/packages/cantharm_audio_spk08.zip"
"F01228_SPK08.wav","SPK08","364328","0.3475","cantharm_audio_spk08.zip","downloads/packages/cantharm_audio_spk08.zip"
"F01229_SPK08.wav","SPK08","410408","0.3914","cantharm_audio_spk08.zip","downloads/packages/cantharm_audio_spk08.zip"
"F01230_SPK08.wav","SPK08","295208","0.2815","cantharm_audio_spk08.zip","downloads/packages/cantharm_audio_spk08.zip"
"F01231_SPK08.wav","SPK08","359720","0.3431","cantharm_audio_spk08.zip","downloads/packages/cantharm_audio_spk08.zip"
"F01232_SPK08.wav","SPK08","368936","0.3518","cantharm_audio_spk08.zip","downloads/packages/cantharm_audio_spk08.zip"
"F01233_SPK08.wav","SPK08","332072","0.3167","cantharm_audio_spk08.zip","downloads/packages/cantharm_audio_spk08.zip"
"F01234_SPK08.wav","SPK08","451880","0.4309","cantharm_audio_spk08.zip","downloads/packages/cantharm_audio_spk08.zip"
"F01235_SPK08.wav","SPK08","424232","0.4046","cantharm_audio_spk08.zip","downloads/packages/cantharm_audio_spk08.zip"
"F01236_SPK08.wav","SPK08","304424","0.2903","cantharm_audio_spk08.zip","downloads/packages/cantharm_audio_spk08.zip"
"F01237_SPK08.wav","SPK08","479528","0.4573","cantharm_audio_spk08.zip","downloads/packages/cantharm_audio_spk08.zip"
"F01238_SPK08.wav","SPK08","411022","0.392","cantharm_audio_spk08.zip","downloads/packages/cantharm_audio_spk08.zip"
"F01239_SPK10.wav","SPK10","469360","0.4476","cantharm_audio_spk10.zip","downloads/packages/cantharm_audio_spk10.zip"
"F01240_SPK08.wav","SPK08","562472","0.5364","cantharm_audio_spk08.zip","downloads/packages/cantharm_audio_spk08.zip"
"F01241_SPK08.wav","SPK08","447272","0.4266","cantharm_audio_spk08.zip","downloads/packages/cantharm_audio_spk08.zip"
"F01242_SPK08.wav","SPK08","350504","0.3343","cantharm_audio_spk08.zip","downloads/packages/cantharm_audio_spk08.zip"
"F01243_SPK08.wav","SPK08","242062","0.2308","cantharm_audio_spk08.zip","downloads/packages/cantharm_audio_spk08.zip"
"F01244_SPK08.wav","SPK08","309032","0.2947","cantharm_audio_spk08.zip","downloads/packages/cantharm_audio_spk08.zip"
"F01245_SPK08.wav","SPK08","391976","0.3738","cantharm_audio_spk08.zip","downloads/packages/cantharm_audio_spk08.zip"
"F01246_SPK08.wav","SPK08","313640","0.2991","cantharm_audio_spk08.zip","downloads/packages/cantharm_audio_spk08.zip"
"F01247_SPK08.wav","SPK08","332072","0.3167","cantharm_audio_spk08.zip","downloads/packages/cantharm_audio_spk08.zip"
"F01248_SPK08.wav","SPK08","488744","0.4661","cantharm_audio_spk08.zip","downloads/packages/cantharm_audio_spk08.zip"
"F01249_SPK08.wav","SPK08","299816","0.2859","cantharm_audio_spk08.zip","downloads/packages/cantharm_audio_spk08.zip"
"F01250_SPK08.wav","SPK08","341288","0.3255","cantharm_audio_spk08.zip","downloads/packages/cantharm_audio_spk08.zip"
"F01251_SPK08.wav","SPK08","404542","0.3858","cantharm_audio_spk08.zip","downloads/packages/cantharm_audio_spk08.zip"
"F01252_SPK08.wav","SPK08","387368","0.3694","cantharm_audio_spk08.zip","downloads/packages/cantharm_audio_spk08.zip"
"F01253_SPK08.wav","SPK08","359720","0.3431","cantharm_audio_spk08.zip","downloads/packages/cantharm_audio_spk08.zip"
"F01254_SPK08.wav","SPK08","405800","0.387","cantharm_audio_spk08.zip","downloads/packages/cantharm_audio_spk08.zip"
"F01255_SPK08.wav","SPK08","304424","0.2903","cantharm_audio_spk08.zip","downloads/packages/cantharm_audio_spk08.zip"
"F01256_SPK08.wav","SPK08","109292","0.1042","cantharm_audio_spk08.zip","downloads/packages/cantharm_audio_spk08.zip"
"F01257_SPK08.wav","SPK08","1378088","1.3142","cantharm_audio_spk08.zip","downloads/packages/cantharm_audio_spk08.zip"
"F01258_SPK08.wav","SPK08","355112","0.3387","cantharm_audio_spk08.zip","downloads/packages/cantharm_audio_spk08.zip"
"F01259_SPK08.wav","SPK08","281384","0.2683","cantharm_audio_spk08.zip","downloads/packages/cantharm_audio_spk08.zip"
"F01260_SPK08.wav","SPK08","322856","0.3079","cantharm_audio_spk08.zip","downloads/packages/cantharm_audio_spk08.zip"
"F01261_SPK08.wav","SPK08","418222","0.3988","cantharm_audio_spk08.zip","downloads/packages/cantharm_audio_spk08.zip"
"F01262_SPK08.wav","SPK08","364328","0.3475","cantharm_audio_spk08.zip","downloads/packages/cantharm_audio_spk08.zip"
"F01263_SPK08.wav","SPK08","557864","0.532","cantharm_audio_spk08.zip","downloads/packages/cantharm_audio_spk08.zip"
"F01264_SPK08.wav","SPK08","290600","0.2771","cantharm_audio_spk08.zip","downloads/packages/cantharm_audio_spk08.zip"
"F01265_SPK08.wav","SPK08","359720","0.3431","cantharm_audio_spk08.zip","downloads/packages/cantharm_audio_spk08.zip"
"F01266_SPK08.wav","SPK08","359720","0.3431","cantharm_audio_spk08.zip","downloads/packages/cantharm_audio_spk08.zip"
"F01267_SPK08.wav","SPK08","341288","0.3255","cantharm_audio_spk08.zip","downloads/packages/cantharm_audio_spk08.zip"
"F01268_SPK08.wav","SPK08","410408","0.3914","cantharm_audio_spk08.zip","downloads/packages/cantharm_audio_spk08.zip"
"F01269_SPK08.wav","SPK08","709928","0.677","cantharm_audio_spk08.zip","downloads/packages/cantharm_audio_spk08.zip"
"F01270_SPK08.wav","SPK08","663848","0.6331","cantharm_audio_spk08.zip","downloads/packages/cantharm_audio_spk08.zip"
"F01271_SPK08.wav","SPK08","659240","0.6287","cantharm_audio_spk08.zip","downloads/packages/cantharm_audio_spk08.zip"
"F01272_SPK08.wav","SPK08","322856","0.3079","cantharm_audio_spk08.zip","downloads/packages/cantharm_audio_spk08.zip"
"F01273_SPK08.wav","SPK08","309032","0.2947","cantharm_audio_spk08.zip","downloads/packages/cantharm_audio_spk08.zip"
"F01274_SPK08.wav","SPK08","322856","0.3079","cantharm_audio_spk08.zip","downloads/packages/cantharm_audio_spk08.zip"
"F01275_SPK08.wav","SPK08","350504","0.3343","cantharm_audio_spk08.zip","downloads/packages/cantharm_audio_spk08.zip"
"F01276_SPK08.wav","SPK08","433448","0.4134","cantharm_audio_spk08.zip","downloads/packages/cantharm_audio_spk08.zip"
"F01277_SPK08.wav","SPK08","340606","0.3248","cantharm_audio_spk08.zip","downloads/packages/cantharm_audio_spk08.zip"
"F01278_SPK08.wav","SPK08","368936","0.3518","cantharm_audio_spk08.zip","downloads/packages/cantharm_audio_spk08.zip"
"F01279_SPK08.wav","SPK08","322856","0.3079","cantharm_audio_spk08.zip","downloads/packages/cantharm_audio_spk08.zip"
"F01280_SPK08.wav","SPK08","290600","0.2771","cantharm_audio_spk08.zip","downloads/packages/cantharm_audio_spk08.zip"
"F01281_SPK08.wav","SPK08","396584","0.3782","cantharm_audio_spk08.zip","downloads/packages/cantharm_audio_spk08.zip"
"F01282_SPK08.wav","SPK08","774440","0.7386","cantharm_audio_spk08.zip","downloads/packages/cantharm_audio_spk08.zip"
"F01283_SPK08.wav","SPK08","585512","0.5584","cantharm_audio_spk08.zip","downloads/packages/cantharm_audio_spk08.zip"
"F01284_SPK08.wav","SPK08","396584","0.3782","cantharm_audio_spk08.zip","downloads/packages/cantharm_audio_spk08.zip"
"F01285_SPK08.wav","SPK08","677672","0.6463","cantharm_audio_spk08.zip","downloads/packages/cantharm_audio_spk08.zip"
"F01286_SPK08.wav","SPK08","1050920","1.0022","cantharm_audio_spk08.zip","downloads/packages/cantharm_audio_spk08.zip"
"F01287_SPK08.wav","SPK08","700712","0.6683","cantharm_audio_spk08.zip","downloads/packages/cantharm_audio_spk08.zip"
"F01288_SPK08.wav","SPK08","567080","0.5408","cantharm_audio_spk08.zip","downloads/packages/cantharm_audio_spk08.zip"
"F01289_SPK08.wav","SPK08","474920","0.4529","cantharm_audio_spk08.zip","downloads/packages/cantharm_audio_spk08.zip"
"F01290_SPK08.wav","SPK08","497960","0.4749","cantharm_audio_spk08.zip","downloads/packages/cantharm_audio_spk08.zip"
"F01291_SPK08.wav","SPK08","373544","0.3562","cantharm_audio_spk08.zip","downloads/packages/cantharm_audio_spk08.zip"
"F01292_SPK08.wav","SPK08","539432","0.5144","cantharm_audio_spk08.zip","downloads/packages/cantharm_audio_spk08.zip"
"F01293_SPK08.wav","SPK08","285992","0.2727","cantharm_audio_spk08.zip","downloads/packages/cantharm_audio_spk08.zip"
"F01294_SPK08.wav","SPK08","378152","0.3606","cantharm_audio_spk08.zip","downloads/packages/cantharm_audio_spk08.zip"
"F01295_SPK08.wav","SPK08","364328","0.3475","cantharm_audio_spk08.zip","downloads/packages/cantharm_audio_spk08.zip"
"F01296_SPK08.wav","SPK08","364328","0.3475","cantharm_audio_spk08.zip","downloads/packages/cantharm_audio_spk08.zip"
"F01297_SPK08.wav","SPK08","442664","0.4222","cantharm_audio_spk08.zip","downloads/packages/cantharm_audio_spk08.zip"
"F01298_SPK08.wav","SPK08","626984","0.5979","cantharm_audio_spk08.zip","downloads/packages/cantharm_audio_spk08.zip"
"F01299A_SPK08.wav","SPK08","400582","0.382","cantharm_audio_spk08.zip","downloads/packages/cantharm_audio_spk08.zip"
"F01299B_SPK07.wav","SPK07","522278","0.4981","cantharm_audio_spk07.zip","downloads/packages/cantharm_audio_spk07.zip"
"F01300_SPK08.wav","SPK08","359720","0.3431","cantharm_audio_spk08.zip","downloads/packages/cantharm_audio_spk08.zip"
"F01301_SPK08.wav","SPK08","447272","0.4266","cantharm_audio_spk08.zip","downloads/packages/cantharm_audio_spk08.zip"
"F01302_SPK08.wav","SPK08","451880","0.4309","cantharm_audio_spk08.zip","downloads/packages/cantharm_audio_spk08.zip"
"F01303_SPK08.wav","SPK08","405800","0.387","cantharm_audio_spk08.zip","downloads/packages/cantharm_audio_spk08.zip"
"F01304_SPK08.wav","SPK08","378152","0.3606","cantharm_audio_spk08.zip","downloads/packages/cantharm_audio_spk08.zip"
"F01305_SPK08.wav","SPK08","511784","0.4881","cantharm_audio_spk08.zip","downloads/packages/cantharm_audio_spk08.zip"
"F01306_SPK08.wav","SPK08","530216","0.5057","cantharm_audio_spk08.zip","downloads/packages/cantharm_audio_spk08.zip"
"F01307_SPK08.wav","SPK08","516392","0.4925","cantharm_audio_spk08.zip","downloads/packages/cantharm_audio_spk08.zip"
"F01308A_SPK08.wav","SPK08","360010","0.3433","cantharm_audio_spk08.zip","downloads/packages/cantharm_audio_spk08.zip"
"F01308B_SPK08.wav","SPK08","404110","0.3854","cantharm_audio_spk08.zip","downloads/packages/cantharm_audio_spk08.zip"
"F01309_SPK08.wav","SPK08","410408","0.3914","cantharm_audio_spk08.zip","downloads/packages/cantharm_audio_spk08.zip"
"F01310_SPK08.wav","SPK08","419624","0.4002","cantharm_audio_spk08.zip","downloads/packages/cantharm_audio_spk08.zip"
"F01311_SPK08.wav","SPK08","811304","0.7737","cantharm_audio_spk08.zip","downloads/packages/cantharm_audio_spk08.zip"
"F01312_SPK08.wav","SPK08","396584","0.3782","cantharm_audio_spk08.zip","downloads/packages/cantharm_audio_spk08.zip"
"F01313_SPK08.wav","SPK08","322856","0.3079","cantharm_audio_spk08.zip","downloads/packages/cantharm_audio_spk08.zip"
"F01314_SPK08.wav","SPK08","484136","0.4617","cantharm_audio_spk08.zip","downloads/packages/cantharm_audio_spk08.zip"
"F01315_SPK08.wav","SPK08","553256","0.5276","cantharm_audio_spk08.zip","downloads/packages/cantharm_audio_spk08.zip"
"F01316_SPK08.wav","SPK08","507176","0.4837","cantharm_audio_spk08.zip","downloads/packages/cantharm_audio_spk08.zip"
"F01317_SPK08.wav","SPK08","396584","0.3782","cantharm_audio_spk08.zip","downloads/packages/cantharm_audio_spk08.zip"
"F01318_SPK08.wav","SPK08","402346","0.3837","cantharm_audio_spk08.zip","downloads/packages/cantharm_audio_spk08.zip"
"F01319_SPK08.wav","SPK08","373544","0.3562","cantharm_audio_spk08.zip","downloads/packages/cantharm_audio_spk08.zip"
"F01320_SPK08.wav","SPK08","359720","0.3431","cantharm_audio_spk08.zip","downloads/packages/cantharm_audio_spk08.zip"
"F01321_SPK08.wav","SPK08","396584","0.3782","cantharm_audio_spk08.zip","downloads/packages/cantharm_audio_spk08.zip"
"F01322_SPK08.wav","SPK08","340048","0.3243","cantharm_audio_spk08.zip","downloads/packages/cantharm_audio_spk08.zip"
"F01323_SPK08.wav","SPK08","626984","0.5979","cantharm_audio_spk08.zip","downloads/packages/cantharm_audio_spk08.zip"
"F01324_SPK08.wav","SPK08","332072","0.3167","cantharm_audio_spk08.zip","downloads/packages/cantharm_audio_spk08.zip"
"F01325A_SPK10.wav","SPK10","351170","0.3349","cantharm_audio_spk10.zip","downloads/packages/cantharm_audio_spk10.zip"
"F01325B_SPK10.wav","SPK10","464066","0.4426","cantharm_audio_spk10.zip","downloads/packages/cantharm_audio_spk10.zip"
"F01326_SPK08.wav","SPK08","1060136","1.011","cantharm_audio_spk08.zip","downloads/packages/cantharm_audio_spk08.zip"
"F01327_SPK08.wav","SPK08","972584","0.9275","cantharm_audio_spk08.zip","downloads/packages/cantharm_audio_spk08.zip"
"F01328_SPK08.wav","SPK08","415016","0.3958","cantharm_audio_spk08.zip","downloads/packages/cantharm_audio_spk08.zip"
"F01329_SPK08.wav","SPK08","336680","0.3211","cantharm_audio_spk08.zip","downloads/packages/cantharm_audio_spk08.zip"
"F01330_SPK08.wav","SPK08","368936","0.3518","cantharm_audio_spk08.zip","downloads/packages/cantharm_audio_spk08.zip"
"F01331_SPK08.wav","SPK08","465704","0.4441","cantharm_audio_spk08.zip","downloads/packages/cantharm_audio_spk08.zip"
"F01332_SPK08.wav","SPK08","309032","0.2947","cantharm_audio_spk08.zip","downloads/packages/cantharm_audio_spk08.zip"
"F01333_SPK08.wav","SPK08","387368","0.3694","cantharm_audio_spk08.zip","downloads/packages/cantharm_audio_spk08.zip"
"F01334_SPK08.wav","SPK08","382760","0.365","cantharm_audio_spk08.zip","downloads/packages/cantharm_audio_spk08.zip"
"F01335_SPK08.wav","SPK08","373544","0.3562","cantharm_audio_spk08.zip","downloads/packages/cantharm_audio_spk08.zip"
"F01336_SPK08.wav","SPK08","350504","0.3343","cantharm_audio_spk08.zip","downloads/packages/cantharm_audio_spk08.zip"
"F01337_SPK08.wav","SPK08","451880","0.4309","cantharm_audio_spk08.zip","downloads/packages/cantharm_audio_spk08.zip"
"F01338_SPK08.wav","SPK08","345896","0.3299","cantharm_audio_spk08.zip","downloads/packages/cantharm_audio_spk08.zip"
"F01339_SPK08.wav","SPK08","511784","0.4881","cantharm_audio_spk08.zip","downloads/packages/cantharm_audio_spk08.zip"
"F01340_SPK08.wav","SPK08","341288","0.3255","cantharm_audio_spk08.zip","downloads/packages/cantharm_audio_spk08.zip"
"F01341_SPK08.wav","SPK08","322856","0.3079","cantharm_audio_spk08.zip","downloads/packages/cantharm_audio_spk08.zip"
"F01342_SPK08.wav","SPK08","350504","0.3343","cantharm_audio_spk08.zip","downloads/packages/cantharm_audio_spk08.zip"
"F01343_SPK08.wav","SPK08","373544","0.3562","cantharm_audio_spk08.zip","downloads/packages/cantharm_audio_spk08.zip"
"F01344_SPK08.wav","SPK08","313640","0.2991","cantharm_audio_spk08.zip","downloads/packages/cantharm_audio_spk08.zip"
"F01345_SPK08.wav","SPK08","364328","0.3475","cantharm_audio_spk08.zip","downloads/packages/cantharm_audio_spk08.zip"
"F01346_SPK08.wav","SPK08","382760","0.365","cantharm_audio_spk08.zip","downloads/packages/cantharm_audio_spk08.zip"
"F01347_SPK08.wav","SPK08","267560","0.2552","cantharm_audio_spk08.zip","downloads/packages/cantharm_audio_spk08.zip"
"F01348_SPK08.wav","SPK08","258344","0.2464","cantharm_audio_spk08.zip","downloads/packages/cantharm_audio_spk08.zip"
"F01349_SPK08.wav","SPK08","304424","0.2903","cantharm_audio_spk08.zip","downloads/packages/cantharm_audio_spk08.zip"
"F01350_SPK08.wav","SPK08","290600","0.2771","cantharm_audio_spk08.zip","downloads/packages/cantharm_audio_spk08.zip"
"F01351_SPK08.wav","SPK08","304424","0.2903","cantharm_audio_spk08.zip","downloads/packages/cantharm_audio_spk08.zip"
"F01352_SPK08.wav","SPK08","304424","0.2903","cantharm_audio_spk08.zip","downloads/packages/cantharm_audio_spk08.zip"
"F01353_SPK08.wav","SPK08","299816","0.2859","cantharm_audio_spk08.zip","downloads/packages/cantharm_audio_spk08.zip"
"F01354_SPK08.wav","SPK08","336680","0.3211","cantharm_audio_spk08.zip","downloads/packages/cantharm_audio_spk08.zip"
"F01355_SPK08.wav","SPK08","318248","0.3035","cantharm_audio_spk08.zip","downloads/packages/cantharm_audio_spk08.zip"
"F01356_SPK08.wav","SPK08","368936","0.3518","cantharm_audio_spk08.zip","downloads/packages/cantharm_audio_spk08.zip"
"F01357_SPK08.wav","SPK08","309032","0.2947","cantharm_audio_spk08.zip","downloads/packages/cantharm_audio_spk08.zip"
"F01358_SPK08.wav","SPK08","336680","0.3211","cantharm_audio_spk08.zip","downloads/packages/cantharm_audio_spk08.zip"
"F01359_SPK08.wav","SPK08","364328","0.3475","cantharm_audio_spk08.zip","downloads/packages/cantharm_audio_spk08.zip"
"F01360_SPK08.wav","SPK08","313640","0.2991","cantharm_audio_spk08.zip","downloads/packages/cantharm_audio_spk08.zip"
"F01361_SPK08.wav","SPK08","484136","0.4617","cantharm_audio_spk08.zip","downloads/packages/cantharm_audio_spk08.zip"
"F01362_SPK08.wav","SPK08","428840","0.409","cantharm_audio_spk08.zip","downloads/packages/cantharm_audio_spk08.zip"
"F01363_SPK08.wav","SPK08","359720","0.3431","cantharm_audio_spk08.zip","downloads/packages/cantharm_audio_spk08.zip"
"F01364_SPK08.wav","SPK08","332072","0.3167","cantharm_audio_spk08.zip","downloads/packages/cantharm_audio_spk08.zip"
"F01365_SPK08.wav","SPK08","382760","0.365","cantharm_audio_spk08.zip","downloads/packages/cantharm_audio_spk08.zip"
"F01366_SPK08.wav","SPK08","355112","0.3387","cantharm_audio_spk08.zip","downloads/packages/cantharm_audio_spk08.zip"
"F01367_SPK08.wav","SPK08","378152","0.3606","cantharm_audio_spk08.zip","downloads/packages/cantharm_audio_spk08.zip"
"F01368_SPK08.wav","SPK08","309032","0.2947","cantharm_audio_spk08.zip","downloads/packages/cantharm_audio_spk08.zip"
"F01369_SPK08.wav","SPK08","355112","0.3387","cantharm_audio_spk08.zip","downloads/packages/cantharm_audio_spk08.zip"
"F01370_SPK08.wav","SPK08","368936","0.3518","cantharm_audio_spk08.zip","downloads/packages/cantharm_audio_spk08.zip"
"F01371_SPK08.wav","SPK08","304424","0.2903","cantharm_audio_spk08.zip","downloads/packages/cantharm_audio_spk08.zip"
"F01372_SPK08.wav","SPK08","401192","0.3826","cantharm_audio_spk08.zip","downloads/packages/cantharm_audio_spk08.zip"
"F01373_SPK08.wav","SPK08","332072","0.3167","cantharm_audio_spk08.zip","downloads/packages/cantharm_audio_spk08.zip"
"F01374_SPK08.wav","SPK08","332072","0.3167","cantharm_audio_spk08.zip","downloads/packages/cantharm_audio_spk08.zip"
"F01375_SPK08.wav","SPK08","355112","0.3387","cantharm_audio_spk08.zip","downloads/packages/cantharm_audio_spk08.zip"
"F01376_SPK08.wav","SPK08","470312","0.4485","cantharm_audio_spk08.zip","downloads/packages/cantharm_audio_spk08.zip"
"F01377_SPK08.wav","SPK08","382760","0.365","cantharm_audio_spk08.zip","downloads/packages/cantharm_audio_spk08.zip"
"F01378_SPK08.wav","SPK08","341288","0.3255","cantharm_audio_spk08.zip","downloads/packages/cantharm_audio_spk08.zip"
"F01379_SPK08.wav","SPK08","391976","0.3738","cantharm_audio_spk08.zip","downloads/packages/cantharm_audio_spk08.zip"
"F01380_SPK08.wav","SPK08","295208","0.2815","cantharm_audio_spk08.zip","downloads/packages/cantharm_audio_spk08.zip"
"F01381_SPK08.wav","SPK08","332072","0.3167","cantharm_audio_spk08.zip","downloads/packages/cantharm_audio_spk08.zip"
"F01382_SPK08.wav","SPK08","405800","0.387","cantharm_audio_spk08.zip","downloads/packages/cantharm_audio_spk08.zip"
"F01383_SPK08.wav","SPK08","396584","0.3782","cantharm_audio_spk08.zip","downloads/packages/cantharm_audio_spk08.zip"
"F01384_SPK08.wav","SPK08","345896","0.3299","cantharm_audio_spk08.zip","downloads/packages/cantharm_audio_spk08.zip"
"F01385_SPK08.wav","SPK08","341288","0.3255","cantharm_audio_spk08.zip","downloads/packages/cantharm_audio_spk08.zip"
"F01386_SPK08.wav","SPK08","345896","0.3299","cantharm_audio_spk08.zip","downloads/packages/cantharm_audio_spk08.zip"
"F01387_SPK08.wav","SPK08","345896","0.3299","cantharm_audio_spk08.zip","downloads/packages/cantharm_audio_spk08.zip"
"F01388_SPK08.wav","SPK08","645416","0.6155","cantharm_audio_spk08.zip","downloads/packages/cantharm_audio_spk08.zip"
"F01389_SPK08.wav","SPK08","502568","0.4793","cantharm_audio_spk08.zip","downloads/packages/cantharm_audio_spk08.zip"
"F01390_SPK08.wav","SPK08","438056","0.4178","cantharm_audio_spk08.zip","downloads/packages/cantharm_audio_spk08.zip"
"F01391_SPK08.wav","SPK08","391976","0.3738","cantharm_audio_spk08.zip","downloads/packages/cantharm_audio_spk08.zip"
"F01392_SPK08.wav","SPK08","438056","0.4178","cantharm_audio_spk08.zip","downloads/packages/cantharm_audio_spk08.zip"
"F01393_SPK08.wav","SPK08","419624","0.4002","cantharm_audio_spk08.zip","downloads/packages/cantharm_audio_spk08.zip"
"F01394A_SPK11.wav","SPK11","224182","0.2138","cantharm_audio_spk11.zip","downloads/packages/cantharm_audio_spk11.zip"
"F01394B_SPK11.wav","SPK11","335314","0.3198","cantharm_audio_spk11.zip","downloads/packages/cantharm_audio_spk11.zip"
"F01395A_SPK01.wav","SPK01","388234","0.3702","cantharm_audio_spk01.zip","downloads/packages/cantharm_audio_spk01.zip"
"F01395B_SPK01.wav","SPK01","363538","0.3467","cantharm_audio_spk01.zip","downloads/packages/cantharm_audio_spk01.zip"
"F01396_SPK08.wav","SPK08","341288","0.3255","cantharm_audio_spk08.zip","downloads/packages/cantharm_audio_spk08.zip"
"F01397_SPK08.wav","SPK08","364328","0.3475","cantharm_audio_spk08.zip","downloads/packages/cantharm_audio_spk08.zip"
"F01398_SPK08.wav","SPK08","350504","0.3343","cantharm_audio_spk08.zip","downloads/packages/cantharm_audio_spk08.zip"
"F01399_SPK08.wav","SPK08","396584","0.3782","cantharm_audio_spk08.zip","downloads/packages/cantharm_audio_spk08.zip"
"F01400_SPK08.wav","SPK08","401192","0.3826","cantharm_audio_spk08.zip","downloads/packages/cantharm_audio_spk08.zip"
"F01401_SPK08.wav","SPK08","336680","0.3211","cantharm_audio_spk08.zip","downloads/packages/cantharm_audio_spk08.zip"
"F01402_SPK08.wav","SPK08","438056","0.4178","cantharm_audio_spk08.zip","downloads/packages/cantharm_audio_spk08.zip"
"F01403_SPK08.wav","SPK08","424232","0.4046","cantharm_audio_spk08.zip","downloads/packages/cantharm_audio_spk08.zip"
"F01404_SPK08.wav","SPK08","382760","0.365","cantharm_audio_spk08.zip","downloads/packages/cantharm_audio_spk08.zip"
"F01405_SPK08.wav","SPK08","539432","0.5144","cantharm_audio_spk08.zip","downloads/packages/cantharm_audio_spk08.zip"
"F01406_SPK08.wav","SPK08","345896","0.3299","cantharm_audio_spk08.zip","downloads/packages/cantharm_audio_spk08.zip"
"F01407_SPK08.wav","SPK08","318248","0.3035","cantharm_audio_spk08.zip","downloads/packages/cantharm_audio_spk08.zip"
"F01408_SPK08.wav","SPK08","382760","0.365","cantharm_audio_spk08.zip","downloads/packages/cantharm_audio_spk08.zip"
"F01409_SPK08.wav","SPK08","497960","0.4749","cantharm_audio_spk08.zip","downloads/packages/cantharm_audio_spk08.zip"
"F01410_SPK08.wav","SPK08","318248","0.3035","cantharm_audio_spk08.zip","downloads/packages/cantharm_audio_spk08.zip"
"F01411_SPK08.wav","SPK08","387368","0.3694","cantharm_audio_spk08.zip","downloads/packages/cantharm_audio_spk08.zip"
"F01412_SPK08.wav","SPK08","359720","0.3431","cantharm_audio_spk08.zip","downloads/packages/cantharm_audio_spk08.zip"
"F01413_SPK08.wav","SPK08","447272","0.4266","cantharm_audio_spk08.zip","downloads/packages/cantharm_audio_spk08.zip"
"F01414_SPK08.wav","SPK08","387368","0.3694","cantharm_audio_spk08.zip","downloads/packages/cantharm_audio_spk08.zip"
"F01415_SPK08.wav","SPK08","433448","0.4134","cantharm_audio_spk08.zip","downloads/packages/cantharm_audio_spk08.zip"
"F01416_SPK08.wav","SPK08","359720","0.3431","cantharm_audio_spk08.zip","downloads/packages/cantharm_audio_spk08.zip"
"F01417_SPK08.wav","SPK08","419624","0.4002","cantharm_audio_spk08.zip","downloads/packages/cantharm_audio_spk08.zip"
"F01418_SPK08.wav","SPK08","387368","0.3694","cantharm_audio_spk08.zip","downloads/packages/cantharm_audio_spk08.zip"
"F01419_SPK08.wav","SPK08","391976","0.3738","cantharm_audio_spk08.zip","downloads/packages/cantharm_audio_spk08.zip"
"F01420_SPK08.wav","SPK08","290600","0.2771","cantharm_audio_spk08.zip","downloads/packages/cantharm_audio_spk08.zip"
"F01421_SPK08.wav","SPK08","410408","0.3914","cantharm_audio_spk08.zip","downloads/packages/cantharm_audio_spk08.zip"
"F01422_SPK08.wav","SPK08","359720","0.3431","cantharm_audio_spk08.zip","downloads/packages/cantharm_audio_spk08.zip"
"F01423_SPK08.wav","SPK08","396584","0.3782","cantharm_audio_spk08.zip","downloads/packages/cantharm_audio_spk08.zip"
"F01424_SPK08.wav","SPK08","410408","0.3914","cantharm_audio_spk08.zip","downloads/packages/cantharm_audio_spk08.zip"
"F01425_SPK08.wav","SPK08","433448","0.4134","cantharm_audio_spk08.zip","downloads/packages/cantharm_audio_spk08.zip"
"F01426_SPK08.wav","SPK08","461096","0.4397","cantharm_audio_spk08.zip","downloads/packages/cantharm_audio_spk08.zip"
"F01427_SPK08.wav","SPK08","424232","0.4046","cantharm_audio_spk08.zip","downloads/packages/cantharm_audio_spk08.zip"
"F01428_SPK08.wav","SPK08","484136","0.4617","cantharm_audio_spk08.zip","downloads/packages/cantharm_audio_spk08.zip"
"F01429_SPK08.wav","SPK08","410408","0.3914","cantharm_audio_spk08.zip","downloads/packages/cantharm_audio_spk08.zip"
"F01430_SPK08.wav","SPK08","502568","0.4793","cantharm_audio_spk08.zip","downloads/packages/cantharm_audio_spk08.zip"
"F01431_SPK08.wav","SPK08","484136","0.4617","cantharm_audio_spk08.zip","downloads/packages/cantharm_audio_spk08.zip"
"F01432_SPK08.wav","SPK08","530216","0.5057","cantharm_audio_spk08.zip","downloads/packages/cantharm_audio_spk08.zip"
"F01433_SPK08.wav","SPK08","424232","0.4046","cantharm_audio_spk08.zip","downloads/packages/cantharm_audio_spk08.zip"
"F01434_SPK08.wav","SPK08","465704","0.4441","cantharm_audio_spk08.zip","downloads/packages/cantharm_audio_spk08.zip"
"F01435_SPK08.wav","SPK08","451880","0.4309","cantharm_audio_spk08.zip","downloads/packages/cantharm_audio_spk08.zip"
"F01436_SPK08.wav","SPK08","511784","0.4881","cantharm_audio_spk08.zip","downloads/packages/cantharm_audio_spk08.zip"
"F01437_SPK08.wav","SPK08","484136","0.4617","cantharm_audio_spk08.zip","downloads/packages/cantharm_audio_spk08.zip"
"F01438_SPK08.wav","SPK08","539432","0.5144","cantharm_audio_spk08.zip","downloads/packages/cantharm_audio_spk08.zip"
"F01439_SPK08.wav","SPK08","474920","0.4529","cantharm_audio_spk08.zip","downloads/packages/cantharm_audio_spk08.zip"
"F01440_SPK08.wav","SPK08","382760","0.365","cantharm_audio_spk08.zip","downloads/packages/cantharm_audio_spk08.zip"
"F01441_SPK08.wav","SPK08","230696","0.22","cantharm_audio_spk08.zip","downloads/packages/cantharm_audio_spk08.zip"
"F01442_SPK08.wav","SPK08","451880","0.4309","cantharm_audio_spk08.zip","downloads/packages/cantharm_audio_spk08.zip"
"F01443_SPK08.wav","SPK08","309032","0.2947","cantharm_audio_spk08.zip","downloads/packages/cantharm_audio_spk08.zip"
"F01444A_SPK02.wav","SPK02","358226","0.3416","cantharm_audio_spk02.zip","downloads/packages/cantharm_audio_spk02.zip"
"F01444B_SPK02.wav","SPK02","382922","0.3652","cantharm_audio_spk02.zip","downloads/packages/cantharm_audio_spk02.zip"
"F01445_SPK08.wav","SPK08","415016","0.3958","cantharm_audio_spk08.zip","downloads/packages/cantharm_audio_spk08.zip"
"F01446_SPK08.wav","SPK08","465704","0.4441","cantharm_audio_spk08.zip","downloads/packages/cantharm_audio_spk08.zip"
"F01447_SPK08.wav","SPK08","433448","0.4134","cantharm_audio_spk08.zip","downloads/packages/cantharm_audio_spk08.zip"
"F01448_SPK08.wav","SPK08","484136","0.4617","cantharm_audio_spk08.zip","downloads/packages/cantharm_audio_spk08.zip"
"F01449_SPK08.wav","SPK08","530216","0.5057","cantharm_audio_spk08.zip","downloads/packages/cantharm_audio_spk08.zip"
"F01450_SPK08.wav","SPK08","521000","0.4969","cantharm_audio_spk08.zip","downloads/packages/cantharm_audio_spk08.zip"
"F01451_SPK08.wav","SPK08","497960","0.4749","cantharm_audio_spk08.zip","downloads/packages/cantharm_audio_spk08.zip"
"F01452_SPK08.wav","SPK08","318248","0.3035","cantharm_audio_spk08.zip","downloads/packages/cantharm_audio_spk08.zip"
"F01453_SPK08.wav","SPK08","415016","0.3958","cantharm_audio_spk08.zip","downloads/packages/cantharm_audio_spk08.zip"
"F01454_SPK08.wav","SPK08","521000","0.4969","cantharm_audio_spk08.zip","downloads/packages/cantharm_audio_spk08.zip"
"F01455_SPK08.wav","SPK08","304424","0.2903","cantharm_audio_spk08.zip","downloads/packages/cantharm_audio_spk08.zip"
"F01456_SPK08.wav","SPK08","516392","0.4925","cantharm_audio_spk08.zip","downloads/packages/cantharm_audio_spk08.zip"
"F01457_SPK08.wav","SPK08","410408","0.3914","cantharm_audio_spk08.zip","downloads/packages/cantharm_audio_spk08.zip"
"F01458_SPK08.wav","SPK08","415016","0.3958","cantharm_audio_spk08.zip","downloads/packages/cantharm_audio_spk08.zip"
"F01459_SPK08.wav","SPK08","391976","0.3738","cantharm_audio_spk08.zip","downloads/packages/cantharm_audio_spk08.zip"
"F01460_SPK08.wav","SPK08","470312","0.4485","cantharm_audio_spk08.zip","downloads/packages/cantharm_audio_spk08.zip"
"F01461_SPK08.wav","SPK08","507176","0.4837","cantharm_audio_spk08.zip","downloads/packages/cantharm_audio_spk08.zip"
"F01462_SPK08.wav","SPK08","221480","0.2112","cantharm_audio_spk08.zip","downloads/packages/cantharm_audio_spk08.zip"
"F01463_SPK08.wav","SPK08","327464","0.3123","cantharm_audio_spk08.zip","downloads/packages/cantharm_audio_spk08.zip"
"F01464_SPK08.wav","SPK08","405800","0.387","cantharm_audio_spk08.zip","downloads/packages/cantharm_audio_spk08.zip"
"F01465_SPK08.wav","SPK08","493352","0.4705","cantharm_audio_spk08.zip","downloads/packages/cantharm_audio_spk08.zip"
"F01466_SPK08.wav","SPK08","387368","0.3694","cantharm_audio_spk08.zip","downloads/packages/cantharm_audio_spk08.zip"
"F01467_SPK08.wav","SPK08","221480","0.2112","cantharm_audio_spk08.zip","downloads/packages/cantharm_audio_spk08.zip"
"F01468_SPK08.wav","SPK08","447272","0.4266","cantharm_audio_spk08.zip","downloads/packages/cantharm_audio_spk08.zip"
"F01469_SPK08.wav","SPK08","544040","0.5188","cantharm_audio_spk08.zip","downloads/packages/cantharm_audio_spk08.zip"
"F01470_SPK08.wav","SPK08","451880","0.4309","cantharm_audio_spk08.zip","downloads/packages/cantharm_audio_spk08.zip"
"F01471_SPK08.wav","SPK08","391976","0.3738","cantharm_audio_spk08.zip","downloads/packages/cantharm_audio_spk08.zip"
"F01472_SPK08.wav","SPK08","442664","0.4222","cantharm_audio_spk08.zip","downloads/packages/cantharm_audio_spk08.zip"
"F01473_SPK08.wav","SPK08","493352","0.4705","cantharm_audio_spk08.zip","downloads/packages/cantharm_audio_spk08.zip"
"F01474_SPK08.wav","SPK08","276776","0.264","cantharm_audio_spk08.zip","downloads/packages/cantharm_audio_spk08.zip"
"F01475_SPK08.wav","SPK08","493352","0.4705","cantharm_audio_spk08.zip","downloads/packages/cantharm_audio_spk08.zip"
"F01476_SPK08.wav","SPK08","525608","0.5013","cantharm_audio_spk08.zip","downloads/packages/cantharm_audio_spk08.zip"
"F01477_SPK08.wav","SPK08","456488","0.4353","cantharm_audio_spk08.zip","downloads/packages/cantharm_audio_spk08.zip"
"F01478_SPK08.wav","SPK08","626984","0.5979","cantharm_audio_spk08.zip","downloads/packages/cantharm_audio_spk08.zip"
"F01479_SPK08.wav","SPK08","571688","0.5452","cantharm_audio_spk08.zip","downloads/packages/cantharm_audio_spk08.zip"
"F01480_SPK08.wav","SPK08","428840","0.409","cantharm_audio_spk08.zip","downloads/packages/cantharm_audio_spk08.zip"
"F01481_SPK08.wav","SPK08","474920","0.4529","cantharm_audio_spk08.zip","downloads/packages/cantharm_audio_spk08.zip"
"F01482_SPK08.wav","SPK08","461096","0.4397","cantharm_audio_spk08.zip","downloads/packages/cantharm_audio_spk08.zip"
"F01483_SPK08.wav","SPK08","295208","0.2815","cantharm_audio_spk08.zip","downloads/packages/cantharm_audio_spk08.zip"
"F01484_SPK08.wav","SPK08","212264","0.2024","cantharm_audio_spk08.zip","downloads/packages/cantharm_audio_spk08.zip"
"F01485_SPK08.wav","SPK08","502568","0.4793","cantharm_audio_spk08.zip","downloads/packages/cantharm_audio_spk08.zip"
"F01486_SPK08.wav","SPK08","341288","0.3255","cantharm_audio_spk08.zip","downloads/packages/cantharm_audio_spk08.zip"
"F01487_SPK08.wav","SPK08","401192","0.3826","cantharm_audio_spk08.zip","downloads/packages/cantharm_audio_spk08.zip"
"F01488_SPK08.wav","SPK08","396584","0.3782","cantharm_audio_spk08.zip","downloads/packages/cantharm_audio_spk08.zip"
"F01489_SPK08.wav","SPK08","488744","0.4661","cantharm_audio_spk08.zip","downloads/packages/cantharm_audio_spk08.zip"
"F01490_SPK08.wav","SPK08","488744","0.4661","cantharm_audio_spk08.zip","downloads/packages/cantharm_audio_spk08.zip"
"F01491_SPK08.wav","SPK08","553256","0.5276","cantharm_audio_spk08.zip","downloads/packages/cantharm_audio_spk08.zip"
"F01492_SPK08.wav","SPK08","562472","0.5364","cantharm_audio_spk08.zip","downloads/packages/cantharm_audio_spk08.zip"
"F01493A_SPK03.wav","SPK03","658106","0.6276","cantharm_audio_spk03.zip","downloads/packages/cantharm_audio_spk03.zip"
"F01493B_SPK03.wav","SPK03","942110","0.8985","cantharm_audio_spk03.zip","downloads/packages/cantharm_audio_spk03.zip"
"F01494_SPK08.wav","SPK08","405800","0.387","cantharm_audio_spk08.zip","downloads/packages/cantharm_audio_spk08.zip"
"F01495_SPK10.wav","SPK10","404092","0.3854","cantharm_audio_spk10.zip","downloads/packages/cantharm_audio_spk10.zip"
"F01496_SPK08.wav","SPK08","230696","0.22","cantharm_audio_spk08.zip","downloads/packages/cantharm_audio_spk08.zip"
"F01497_SPK08.wav","SPK08","396584","0.3782","cantharm_audio_spk08.zip","downloads/packages/cantharm_audio_spk08.zip"
"F01498_SPK08.wav","SPK08","484136","0.4617","cantharm_audio_spk08.zip","downloads/packages/cantharm_audio_spk08.zip"
"F01499_SPK08.wav","SPK08","382760","0.365","cantharm_audio_spk08.zip","downloads/packages/cantharm_audio_spk08.zip"
"F01500_SPK08.wav","SPK08","281384","0.2683","cantharm_audio_spk08.zip","downloads/packages/cantharm_audio_spk08.zip"
"F01501_SPK08.wav","SPK08","313640","0.2991","cantharm_audio_spk08.zip","downloads/packages/cantharm_audio_spk08.zip"
"F01502_SPK08.wav","SPK08","350504","0.3343","cantharm_audio_spk08.zip","downloads/packages/cantharm_audio_spk08.zip"
"F01503_SPK08.wav","SPK08","428840","0.409","cantharm_audio_spk08.zip","downloads/packages/cantharm_audio_spk08.zip"
"F01504_SPK10.wav","SPK10","326476","0.3114","cantharm_audio_spk10.zip","downloads/packages/cantharm_audio_spk10.zip"
"F01505_SPK08.wav","SPK08","428840","0.409","cantharm_audio_spk08.zip","downloads/packages/cantharm_audio_spk08.zip"
"F01506_SPK08.wav","SPK08","391976","0.3738","cantharm_audio_spk08.zip","downloads/packages/cantharm_audio_spk08.zip"
"F01507A_SPK04.wav","SPK04","453482","0.4325","cantharm_audio_spk04.zip","downloads/packages/cantharm_audio_spk04.zip"
"F01507B_SPK04.wav","SPK04","513458","0.4897","cantharm_audio_spk04.zip","downloads/packages/cantharm_audio_spk04.zip"
"F01507C_SPK08.wav","SPK08","386470","0.3686","cantharm_audio_spk08.zip","downloads/packages/cantharm_audio_spk08.zip"
"F01507D_SPK01.wav","SPK01","349408","0.3332","cantharm_audio_spk01.zip","downloads/packages/cantharm_audio_spk01.zip"
"F01508_SPK08.wav","SPK08","368936","0.3518","cantharm_audio_spk08.zip","downloads/packages/cantharm_audio_spk08.zip"
"F01509_SPK08.wav","SPK08","442664","0.4222","cantharm_audio_spk08.zip","downloads/packages/cantharm_audio_spk08.zip"
"F01510_SPK08.wav","SPK08","276776","0.264","cantharm_audio_spk08.zip","downloads/packages/cantharm_audio_spk08.zip"
"F01511_SPK08.wav","SPK08","599336","0.5716","cantharm_audio_spk08.zip","downloads/packages/cantharm_audio_spk08.zip"
"F01512_SPK08.wav","SPK08","451880","0.4309","cantharm_audio_spk08.zip","downloads/packages/cantharm_audio_spk08.zip"
"F01513_SPK08.wav","SPK08","327464","0.3123","cantharm_audio_spk08.zip","downloads/packages/cantharm_audio_spk08.zip"
"F01514_SPK08.wav","SPK08","428840","0.409","cantharm_audio_spk08.zip","downloads/packages/cantharm_audio_spk08.zip"
"F01515_SPK08.wav","SPK08","461096","0.4397","cantharm_audio_spk08.zip","downloads/packages/cantharm_audio_spk08.zip"
"F01516_SPK08.wav","SPK08","405800","0.387","cantharm_audio_spk08.zip","downloads/packages/cantharm_audio_spk08.zip"
"F01517_SPK08.wav","SPK08","345896","0.3299","cantharm_audio_spk08.zip","downloads/packages/cantharm_audio_spk08.zip"
"F01518_SPK08.wav","SPK08","410408","0.3914","cantharm_audio_spk08.zip","downloads/packages/cantharm_audio_spk08.zip"
"F01519_SPK08.wav","SPK08","428840","0.409","cantharm_audio_spk08.zip","downloads/packages/cantharm_audio_spk08.zip"
"F01520A_SPK05.wav","SPK05","345878","0.3299","cantharm_audio_spk05.zip","downloads/packages/cantharm_audio_spk05.zip"
"F01520B_SPK05.wav","SPK05","382922","0.3652","cantharm_audio_spk05.zip","downloads/packages/cantharm_audio_spk05.zip"
"F01521_SPK08.wav","SPK08","548648","0.5232","cantharm_audio_spk08.zip","downloads/packages/cantharm_audio_spk08.zip"
"F01522_SPK08.wav","SPK08","368936","0.3518","cantharm_audio_spk08.zip","downloads/packages/cantharm_audio_spk08.zip"
"F01523_SPK08.wav","SPK08","332072","0.3167","cantharm_audio_spk08.zip","downloads/packages/cantharm_audio_spk08.zip"
"F01524_SPK08.wav","SPK08","442664","0.4222","cantharm_audio_spk08.zip","downloads/packages/cantharm_audio_spk08.zip"
"F01525_SPK08.wav","SPK08","396584","0.3782","cantharm_audio_spk08.zip","downloads/packages/cantharm_audio_spk08.zip"
"F01526_SPK08.wav","SPK08","484136","0.4617","cantharm_audio_spk08.zip","downloads/packages/cantharm_audio_spk08.zip"
"F01527_SPK08.wav","SPK08","230696","0.22","cantharm_audio_spk08.zip","downloads/packages/cantharm_audio_spk08.zip"
"F01528A_SPK08.wav","SPK08","365304","0.3484","cantharm_audio_spk08.zip","downloads/packages/cantharm_audio_spk08.zip"
"F01528B_SPK08.wav","SPK08","393528","0.3753","cantharm_audio_spk08.zip","downloads/packages/cantharm_audio_spk08.zip"
"F01529_SPK08.wav","SPK08","456488","0.4353","cantharm_audio_spk08.zip","downloads/packages/cantharm_audio_spk08.zip"
"F01530_SPK08.wav","SPK08","221480","0.2112","cantharm_audio_spk08.zip","downloads/packages/cantharm_audio_spk08.zip"
"F01531_SPK08.wav","SPK08","645416","0.6155","cantharm_audio_spk08.zip","downloads/packages/cantharm_audio_spk08.zip"
"F01532_SPK08.wav","SPK08","465704","0.4441","cantharm_audio_spk08.zip","downloads/packages/cantharm_audio_spk08.zip"
"F01533_SPK08.wav","SPK08","359720","0.3431","cantharm_audio_spk08.zip","downloads/packages/cantharm_audio_spk08.zip"
"F01534_SPK08.wav","SPK08","396584","0.3782","cantharm_audio_spk08.zip","downloads/packages/cantharm_audio_spk08.zip"
"F01535A_SPK07.wav","SPK07","337058","0.3214","cantharm_audio_spk07.zip","downloads/packages/cantharm_audio_spk07.zip"
"F01535B_SPK07.wav","SPK07","486998","0.4644","cantharm_audio_spk07.zip","downloads/packages/cantharm_audio_spk07.zip"
"F01536_SPK08.wav","SPK08","474920","0.4529","cantharm_audio_spk08.zip","downloads/packages/cantharm_audio_spk08.zip"
"F01537_SPK08.wav","SPK08","447272","0.4266","cantharm_audio_spk08.zip","downloads/packages/cantharm_audio_spk08.zip"
"F01538_SPK08.wav","SPK08","415016","0.3958","cantharm_audio_spk08.zip","downloads/packages/cantharm_audio_spk08.zip"
"F01539_SPK08.wav","SPK08","544040","0.5188","cantharm_audio_spk08.zip","downloads/packages/cantharm_audio_spk08.zip"
"F01540_SPK08.wav","SPK08","525608","0.5013","cantharm_audio_spk08.zip","downloads/packages/cantharm_audio_spk08.zip"
"F01541A_SPK08.wav","SPK08","414696","0.3955","cantharm_audio_spk08.zip","downloads/packages/cantharm_audio_spk08.zip"
"F01541B_SPK08.wav","SPK08","411168","0.3921","cantharm_audio_spk08.zip","downloads/packages/cantharm_audio_spk08.zip"
"F01542_SPK08.wav","SPK08","290600","0.2771","cantharm_audio_spk08.zip","downloads/packages/cantharm_audio_spk08.zip"
"F01543_SPK08.wav","SPK08","451880","0.4309","cantharm_audio_spk08.zip","downloads/packages/cantharm_audio_spk08.zip"
"F01544_SPK08.wav","SPK08","332072","0.3167","cantharm_audio_spk08.zip","downloads/packages/cantharm_audio_spk08.zip"
"F01545_SPK08.wav","SPK08","345896","0.3299","cantharm_audio_spk08.zip","downloads/packages/cantharm_audio_spk08.zip"
"F01546_SPK08.wav","SPK08","341288","0.3255","cantharm_audio_spk08.zip","downloads/packages/cantharm_audio_spk08.zip"
"F01547_SPK08.wav","SPK08","332072","0.3167","cantharm_audio_spk08.zip","downloads/packages/cantharm_audio_spk08.zip"
"F01548_SPK08.wav","SPK08","267560","0.2552","cantharm_audio_spk08.zip","downloads/packages/cantharm_audio_spk08.zip"
"F01549_SPK08.wav","SPK08","507176","0.4837","cantharm_audio_spk08.zip","downloads/packages/cantharm_audio_spk08.zip"
"F01550_SPK08.wav","SPK08","442664","0.4222","cantharm_audio_spk08.zip","downloads/packages/cantharm_audio_spk08.zip"
"F01551_SPK08.wav","SPK08","373544","0.3562","cantharm_audio_spk08.zip","downloads/packages/cantharm_audio_spk08.zip"
"F01552_SPK08.wav","SPK08","359720","0.3431","cantharm_audio_spk08.zip","downloads/packages/cantharm_audio_spk08.zip"
"F01553_SPK08.wav","SPK08","396584","0.3782","cantharm_audio_spk08.zip","downloads/packages/cantharm_audio_spk08.zip"
"F01554_SPK08.wav","SPK08","511784","0.4881","cantharm_audio_spk08.zip","downloads/packages/cantharm_audio_spk08.zip"
"F01555_SPK08.wav","SPK08","474920","0.4529","cantharm_audio_spk08.zip","downloads/packages/cantharm_audio_spk08.zip"
"F01556_SPK08.wav","SPK08","461096","0.4397","cantharm_audio_spk08.zip","downloads/packages/cantharm_audio_spk08.zip"
"F01557_SPK08.wav","SPK08","359720","0.3431","cantharm_audio_spk08.zip","downloads/packages/cantharm_audio_spk08.zip"
"F01558_SPK08.wav","SPK08","415016","0.3958","cantharm_audio_spk08.zip","downloads/packages/cantharm_audio_spk08.zip"
"F01559_SPK08.wav","SPK08","474920","0.4529","cantharm_audio_spk08.zip","downloads/packages/cantharm_audio_spk08.zip"
"F01560_SPK08.wav","SPK08","424232","0.4046","cantharm_audio_spk08.zip","downloads/packages/cantharm_audio_spk08.zip"
"F01561_SPK08.wav","SPK08","484136","0.4617","cantharm_audio_spk08.zip","downloads/packages/cantharm_audio_spk08.zip"
"F01562_SPK08.wav","SPK08","368936","0.3518","cantharm_audio_spk08.zip","downloads/packages/cantharm_audio_spk08.zip"
"F01563_SPK08.wav","SPK08","488744","0.4661","cantharm_audio_spk08.zip","downloads/packages/cantharm_audio_spk08.zip"
"F01564_SPK08.wav","SPK08","507176","0.4837","cantharm_audio_spk08.zip","downloads/packages/cantharm_audio_spk08.zip"
"F01565_SPK08.wav","SPK08","461096","0.4397","cantharm_audio_spk08.zip","downloads/packages/cantharm_audio_spk08.zip"
"F01566_SPK08.wav","SPK08","253736","0.242","cantharm_audio_spk08.zip","downloads/packages/cantharm_audio_spk08.zip"
"F01567_SPK08.wav","SPK08","267560","0.2552","cantharm_audio_spk08.zip","downloads/packages/cantharm_audio_spk08.zip"
"F01568_SPK08.wav","SPK08","484136","0.4617","cantharm_audio_spk08.zip","downloads/packages/cantharm_audio_spk08.zip"
"F01569_SPK08.wav","SPK08","327464","0.3123","cantharm_audio_spk08.zip","downloads/packages/cantharm_audio_spk08.zip"
"F01570_SPK08.wav","SPK08","442664","0.4222","cantharm_audio_spk08.zip","downloads/packages/cantharm_audio_spk08.zip"
"F01571_SPK08.wav","SPK08","419624","0.4002","cantharm_audio_spk08.zip","downloads/packages/cantharm_audio_spk08.zip"
"F01572_SPK08.wav","SPK08","484136","0.4617","cantharm_audio_spk08.zip","downloads/packages/cantharm_audio_spk08.zip"
"F01573_SPK08.wav","SPK08","276776","0.264","cantharm_audio_spk08.zip","downloads/packages/cantharm_audio_spk08.zip"
"F01574_SPK08.wav","SPK08","651070","0.6209","cantharm_audio_spk08.zip","downloads/packages/cantharm_audio_spk08.zip"
"F01575_SPK08.wav","SPK08","405800","0.387","cantharm_audio_spk08.zip","downloads/packages/cantharm_audio_spk08.zip"
"F01576_SPK08.wav","SPK08","511784","0.4881","cantharm_audio_spk08.zip","downloads/packages/cantharm_audio_spk08.zip"
"F01577_SPK08.wav","SPK08","290600","0.2771","cantharm_audio_spk08.zip","downloads/packages/cantharm_audio_spk08.zip"
"F01578_SPK07.wav","SPK07","350504","0.3343","cantharm_audio_spk07.zip","downloads/packages/cantharm_audio_spk07.zip"
"F01579_SPK07.wav","SPK07","359720","0.3431","cantharm_audio_spk07.zip","downloads/packages/cantharm_audio_spk07.zip"
"F01580_SPK07.wav","SPK07","576296","0.5496","cantharm_audio_spk07.zip","downloads/packages/cantharm_audio_spk07.zip"
"F01581_SPK07.wav","SPK07","387368","0.3694","cantharm_audio_spk07.zip","downloads/packages/cantharm_audio_spk07.zip"
"F01582_SPK07.wav","SPK07","359720","0.3431","cantharm_audio_spk07.zip","downloads/packages/cantharm_audio_spk07.zip"
"F01583_SPK07.wav","SPK07","373544","0.3562","cantharm_audio_spk07.zip","downloads/packages/cantharm_audio_spk07.zip"
"F01584_SPK07.wav","SPK07","373544","0.3562","cantharm_audio_spk07.zip","downloads/packages/cantharm_audio_spk07.zip"
"F01585_SPK07.wav","SPK07","368936","0.3518","cantharm_audio_spk07.zip","downloads/packages/cantharm_audio_spk07.zip"
"F01586_SPK07.wav","SPK07","419624","0.4002","cantharm_audio_spk07.zip","downloads/packages/cantharm_audio_spk07.zip"
"F01587_SPK07.wav","SPK07","281384","0.2683","cantharm_audio_spk07.zip","downloads/packages/cantharm_audio_spk07.zip"
"F01588_SPK07.wav","SPK07","391976","0.3738","cantharm_audio_spk07.zip","downloads/packages/cantharm_audio_spk07.zip"
"F01589_SPK07.wav","SPK07","355112","0.3387","cantharm_audio_spk07.zip","downloads/packages/cantharm_audio_spk07.zip"
"F01590_SPK07.wav","SPK07","433448","0.4134","cantharm_audio_spk07.zip","downloads/packages/cantharm_audio_spk07.zip"
"F01591_SPK07.wav","SPK07","424232","0.4046","cantharm_audio_spk07.zip","downloads/packages/cantharm_audio_spk07.zip"
"F01592_SPK07.wav","SPK07","350504","0.3343","cantharm_audio_spk07.zip","downloads/packages/cantharm_audio_spk07.zip"
"F01593_SPK07.wav","SPK07","341288","0.3255","cantharm_audio_spk07.zip","downloads/packages/cantharm_audio_spk07.zip"
"F01594_SPK07.wav","SPK07","341288","0.3255","cantharm_audio_spk07.zip","downloads/packages/cantharm_audio_spk07.zip"
"F01595_SPK07.wav","SPK07","359720","0.3431","cantharm_audio_spk07.zip","downloads/packages/cantharm_audio_spk07.zip"
"F01596_SPK07.wav","SPK07","318248","0.3035","cantharm_audio_spk07.zip","downloads/packages/cantharm_audio_spk07.zip"
"F01597_SPK07.wav","SPK07","341288","0.3255","cantharm_audio_spk07.zip","downloads/packages/cantharm_audio_spk07.zip"
"F01598_SPK07.wav","SPK07","401192","0.3826","cantharm_audio_spk07.zip","downloads/packages/cantharm_audio_spk07.zip"
"F01599_SPK07.wav","SPK07","387368","0.3694","cantharm_audio_spk07.zip","downloads/packages/cantharm_audio_spk07.zip"
"F01600_SPK07.wav","SPK07","341288","0.3255","cantharm_audio_spk07.zip","downloads/packages/cantharm_audio_spk07.zip"
"F01601_SPK07.wav","SPK07","373544","0.3562","cantharm_audio_spk07.zip","downloads/packages/cantharm_audio_spk07.zip"
"F01602_SPK07.wav","SPK07","313640","0.2991","cantharm_audio_spk07.zip","downloads/packages/cantharm_audio_spk07.zip"
"F01603_SPK07.wav","SPK07","327464","0.3123","cantharm_audio_spk07.zip","downloads/packages/cantharm_audio_spk07.zip"
"F01604_SPK07.wav","SPK07","396584","0.3782","cantharm_audio_spk07.zip","downloads/packages/cantharm_audio_spk07.zip"
"F01605_SPK07.wav","SPK07","336680","0.3211","cantharm_audio_spk07.zip","downloads/packages/cantharm_audio_spk07.zip"
"F01606_SPK07.wav","SPK07","364328","0.3475","cantharm_audio_spk07.zip","downloads/packages/cantharm_audio_spk07.zip"
"F01607_SPK07.wav","SPK07","391976","0.3738","cantharm_audio_spk07.zip","downloads/packages/cantharm_audio_spk07.zip"
"F01608_SPK07.wav","SPK07","382760","0.365","cantharm_audio_spk07.zip","downloads/packages/cantharm_audio_spk07.zip"
"F01609_SPK07.wav","SPK07","336680","0.3211","cantharm_audio_spk07.zip","downloads/packages/cantharm_audio_spk07.zip"
"F01610_SPK07.wav","SPK07","341288","0.3255","cantharm_audio_spk07.zip","downloads/packages/cantharm_audio_spk07.zip"
"F01611_SPK07.wav","SPK07","364328","0.3475","cantharm_audio_spk07.zip","downloads/packages/cantharm_audio_spk07.zip"
"F01612_SPK07.wav","SPK07","345896","0.3299","cantharm_audio_spk07.zip","downloads/packages/cantharm_audio_spk07.zip"
"F01613_SPK07.wav","SPK07","318248","0.3035","cantharm_audio_spk07.zip","downloads/packages/cantharm_audio_spk07.zip"
"F01614_SPK07.wav","SPK07","424232","0.4046","cantharm_audio_spk07.zip","downloads/packages/cantharm_audio_spk07.zip"
"F01615_SPK07.wav","SPK07","336680","0.3211","cantharm_audio_spk07.zip","downloads/packages/cantharm_audio_spk07.zip"
"F01616_SPK07.wav","SPK07","272168","0.2596","cantharm_audio_spk07.zip","downloads/packages/cantharm_audio_spk07.zip"
"F01617_SPK07.wav","SPK07","350504","0.3343","cantharm_audio_spk07.zip","downloads/packages/cantharm_audio_spk07.zip"
"F01618_SPK07.wav","SPK07","355112","0.3387","cantharm_audio_spk07.zip","downloads/packages/cantharm_audio_spk07.zip"
"F01619_SPK07.wav","SPK07","355112","0.3387","cantharm_audio_spk07.zip","downloads/packages/cantharm_audio_spk07.zip"
"F01620_SPK07.wav","SPK07","391976","0.3738","cantharm_audio_spk07.zip","downloads/packages/cantharm_audio_spk07.zip"
"F01621_SPK07.wav","SPK07","364328","0.3475","cantharm_audio_spk07.zip","downloads/packages/cantharm_audio_spk07.zip"
"F01622_SPK07.wav","SPK07","368936","0.3518","cantharm_audio_spk07.zip","downloads/packages/cantharm_audio_spk07.zip"
"F01623_SPK07.wav","SPK07","410408","0.3914","cantharm_audio_spk07.zip","downloads/packages/cantharm_audio_spk07.zip"
"F01624_SPK07.wav","SPK07","382760","0.365","cantharm_audio_spk07.zip","downloads/packages/cantharm_audio_spk07.zip"
"F01625_SPK07.wav","SPK07","594728","0.5672","cantharm_audio_spk07.zip","downloads/packages/cantharm_audio_spk07.zip"
"F01626_SPK07.wav","SPK07","382760","0.365","cantharm_audio_spk07.zip","downloads/packages/cantharm_audio_spk07.zip"
"F01627_SPK07.wav","SPK07","424232","0.4046","cantharm_audio_spk07.zip","downloads/packages/cantharm_audio_spk07.zip"
"F01628_SPK07.wav","SPK07","309032","0.2947","cantharm_audio_spk07.zip","downloads/packages/cantharm_audio_spk07.zip"
"F01629_SPK07.wav","SPK07","359720","0.3431","cantharm_audio_spk07.zip","downloads/packages/cantharm_audio_spk07.zip"
"F01630_SPK07.wav","SPK07","401192","0.3826","cantharm_audio_spk07.zip","downloads/packages/cantharm_audio_spk07.zip"
"F01631_SPK07.wav","SPK07","304424","0.2903","cantharm_audio_spk07.zip","downloads/packages/cantharm_audio_spk07.zip"
"F01632_SPK07.wav","SPK07","382760","0.365","cantharm_audio_spk07.zip","downloads/packages/cantharm_audio_spk07.zip"
"F01633_SPK07.wav","SPK07","364328","0.3475","cantharm_audio_spk07.zip","downloads/packages/cantharm_audio_spk07.zip"
"F01634_SPK07.wav","SPK07","415016","0.3958","cantharm_audio_spk07.zip","downloads/packages/cantharm_audio_spk07.zip"
"F01635_SPK07.wav","SPK07","332072","0.3167","cantharm_audio_spk07.zip","downloads/packages/cantharm_audio_spk07.zip"
"F01636_SPK07.wav","SPK07","207656","0.198","cantharm_audio_spk07.zip","downloads/packages/cantharm_audio_spk07.zip"
"F01637_SPK07.wav","SPK07","359720","0.3431","cantharm_audio_spk07.zip","downloads/packages/cantharm_audio_spk07.zip"
"F01638_SPK07.wav","SPK07","405800","0.387","cantharm_audio_spk07.zip","downloads/packages/cantharm_audio_spk07.zip"
"F01639_SPK07.wav","SPK07","341288","0.3255","cantharm_audio_spk07.zip","downloads/packages/cantharm_audio_spk07.zip"
"F01640_SPK07.wav","SPK07","207656","0.198","cantharm_audio_spk07.zip","downloads/packages/cantharm_audio_spk07.zip"
"F01641_SPK07.wav","SPK07","281384","0.2683","cantharm_audio_spk07.zip","downloads/packages/cantharm_audio_spk07.zip"
"F01642_SPK07.wav","SPK07","493352","0.4705","cantharm_audio_spk07.zip","downloads/packages/cantharm_audio_spk07.zip"
"F01643_SPK07.wav","SPK07","378152","0.3606","cantharm_audio_spk07.zip","downloads/packages/cantharm_audio_spk07.zip"
"F01644_SPK07.wav","SPK07","451880","0.4309","cantharm_audio_spk07.zip","downloads/packages/cantharm_audio_spk07.zip"
"F01645_SPK07.wav","SPK07","410408","0.3914","cantharm_audio_spk07.zip","downloads/packages/cantharm_audio_spk07.zip"
"F01646_SPK07.wav","SPK07","405800","0.387","cantharm_audio_spk07.zip","downloads/packages/cantharm_audio_spk07.zip"
"F01647_SPK07.wav","SPK07","355112","0.3387","cantharm_audio_spk07.zip","downloads/packages/cantharm_audio_spk07.zip"
"F01648_SPK07.wav","SPK07","258344","0.2464","cantharm_audio_spk07.zip","downloads/packages/cantharm_audio_spk07.zip"
"F01649_SPK07.wav","SPK07","401192","0.3826","cantharm_audio_spk07.zip","downloads/packages/cantharm_audio_spk07.zip"
"F01650_SPK07.wav","SPK07","548648","0.5232","cantharm_audio_spk07.zip","downloads/packages/cantharm_audio_spk07.zip"
"F01651_SPK07.wav","SPK07","521000","0.4969","cantharm_audio_spk07.zip","downloads/packages/cantharm_audio_spk07.zip"
"F01652_SPK07.wav","SPK07","355112","0.3387","cantharm_audio_spk07.zip","downloads/packages/cantharm_audio_spk07.zip"
"F01653_SPK07.wav","SPK07","350504","0.3343","cantharm_audio_spk07.zip","downloads/packages/cantharm_audio_spk07.zip"
"F01654_SPK07.wav","SPK07","355112","0.3387","cantharm_audio_spk07.zip","downloads/packages/cantharm_audio_spk07.zip"
"F01655_SPK07.wav","SPK07","345896","0.3299","cantharm_audio_spk07.zip","downloads/packages/cantharm_audio_spk07.zip"
"F01656_SPK07.wav","SPK07","341288","0.3255","cantharm_audio_spk07.zip","downloads/packages/cantharm_audio_spk07.zip"
"F01657_SPK07.wav","SPK07","230696","0.22","cantharm_audio_spk07.zip","downloads/packages/cantharm_audio_spk07.zip"
"F01658_SPK07.wav","SPK07","438056","0.4178","cantharm_audio_spk07.zip","downloads/packages/cantharm_audio_spk07.zip"
"F01659_SPK07.wav","SPK07","428840","0.409","cantharm_audio_spk07.zip","downloads/packages/cantharm_audio_spk07.zip"
"F01660_SPK07.wav","SPK07","396584","0.3782","cantharm_audio_spk07.zip","downloads/packages/cantharm_audio_spk07.zip"
"F01661_SPK07.wav","SPK07","391976","0.3738","cantharm_audio_spk07.zip","downloads/packages/cantharm_audio_spk07.zip"
"F01662_SPK07.wav","SPK07","433448","0.4134","cantharm_audio_spk07.zip","downloads/packages/cantharm_audio_spk07.zip"
"F01663_SPK07.wav","SPK07","415016","0.3958","cantharm_audio_spk07.zip","downloads/packages/cantharm_audio_spk07.zip"
"F01664_SPK07.wav","SPK07","387368","0.3694","cantharm_audio_spk07.zip","downloads/packages/cantharm_audio_spk07.zip"
"F01665_SPK07.wav","SPK07","415016","0.3958","cantharm_audio_spk07.zip","downloads/packages/cantharm_audio_spk07.zip"
"F01666_SPK07.wav","SPK07","447272","0.4266","cantharm_audio_spk07.zip","downloads/packages/cantharm_audio_spk07.zip"
"F01667_SPK07.wav","SPK07","433448","0.4134","cantharm_audio_spk07.zip","downloads/packages/cantharm_audio_spk07.zip"
"F01668_SPK07.wav","SPK07","530216","0.5057","cantharm_audio_spk07.zip","downloads/packages/cantharm_audio_spk07.zip"
"F01669_SPK07.wav","SPK07","419624","0.4002","cantharm_audio_spk07.zip","downloads/packages/cantharm_audio_spk07.zip"
"F01670_SPK07.wav","SPK07","341288","0.3255","cantharm_audio_spk07.zip","downloads/packages/cantharm_audio_spk07.zip"
"F01671_SPK07.wav","SPK07","359720","0.3431","cantharm_audio_spk07.zip","downloads/packages/cantharm_audio_spk07.zip"
"F01672_SPK07.wav","SPK07","373544","0.3562","cantharm_audio_spk07.zip","downloads/packages/cantharm_audio_spk07.zip"
"F01673_SPK07.wav","SPK07","410408","0.3914","cantharm_audio_spk07.zip","downloads/packages/cantharm_audio_spk07.zip"
"F01674_SPK07.wav","SPK07","378152","0.3606","cantharm_audio_spk07.zip","downloads/packages/cantharm_audio_spk07.zip"
"F01675_SPK07.wav","SPK07","345896","0.3299","cantharm_audio_spk07.zip","downloads/packages/cantharm_audio_spk07.zip"
"F01676_SPK07.wav","SPK07","451880","0.4309","cantharm_audio_spk07.zip","downloads/packages/cantharm_audio_spk07.zip"
"F01677_SPK07.wav","SPK07","295208","0.2815","cantharm_audio_spk07.zip","downloads/packages/cantharm_audio_spk07.zip"
"F01678_SPK07.wav","SPK07","355112","0.3387","cantharm_audio_spk07.zip","downloads/packages/cantharm_audio_spk07.zip"
"F01679_SPK07.wav","SPK07","368936","0.3518","cantharm_audio_spk07.zip","downloads/packages/cantharm_audio_spk07.zip"
"F01680_SPK07.wav","SPK07","313640","0.2991","cantharm_audio_spk07.zip","downloads/packages/cantharm_audio_spk07.zip"
"F01681_SPK07.wav","SPK07","332072","0.3167","cantharm_audio_spk07.zip","downloads/packages/cantharm_audio_spk07.zip"
"F01682_SPK07.wav","SPK07","345896","0.3299","cantharm_audio_spk07.zip","downloads/packages/cantharm_audio_spk07.zip"
"F01683_SPK07.wav","SPK07","359720","0.3431","cantharm_audio_spk07.zip","downloads/packages/cantharm_audio_spk07.zip"
"F01684_SPK07.wav","SPK07","350504","0.3343","cantharm_audio_spk07.zip","downloads/packages/cantharm_audio_spk07.zip"
"F01685_SPK07.wav","SPK07","378152","0.3606","cantharm_audio_spk07.zip","downloads/packages/cantharm_audio_spk07.zip"
"F01686_SPK07.wav","SPK07","387368","0.3694","cantharm_audio_spk07.zip","downloads/packages/cantharm_audio_spk07.zip"
"F01687_SPK07.wav","SPK07","396584","0.3782","cantharm_audio_spk07.zip","downloads/packages/cantharm_audio_spk07.zip"
"F01688_SPK07.wav","SPK07","368936","0.3518","cantharm_audio_spk07.zip","downloads/packages/cantharm_audio_spk07.zip"
"F01689_SPK07.wav","SPK07","364328","0.3475","cantharm_audio_spk07.zip","downloads/packages/cantharm_audio_spk07.zip"
"F01690_SPK07.wav","SPK07","295208","0.2815","cantharm_audio_spk07.zip","downloads/packages/cantharm_audio_spk07.zip"
"F01691_SPK07.wav","SPK07","345896","0.3299","cantharm_audio_spk07.zip","downloads/packages/cantharm_audio_spk07.zip"
"F01692_SPK07.wav","SPK07","309032","0.2947","cantharm_audio_spk07.zip","downloads/packages/cantharm_audio_spk07.zip"
"F01693_SPK07.wav","SPK07","332072","0.3167","cantharm_audio_spk07.zip","downloads/packages/cantharm_audio_spk07.zip"
"F01694_SPK07.wav","SPK07","350504","0.3343","cantharm_audio_spk07.zip","downloads/packages/cantharm_audio_spk07.zip"
"F01695_SPK07.wav","SPK07","387368","0.3694","cantharm_audio_spk07.zip","downloads/packages/cantharm_audio_spk07.zip"
"F01696_SPK07.wav","SPK07","438056","0.4178","cantharm_audio_spk07.zip","downloads/packages/cantharm_audio_spk07.zip"
"F01697_SPK07.wav","SPK07","373544","0.3562","cantharm_audio_spk07.zip","downloads/packages/cantharm_audio_spk07.zip"
"F01698_SPK07.wav","SPK07","350504","0.3343","cantharm_audio_spk07.zip","downloads/packages/cantharm_audio_spk07.zip"
"F01699_SPK07.wav","SPK07","424232","0.4046","cantharm_audio_spk07.zip","downloads/packages/cantharm_audio_spk07.zip"
"F01700_SPK07.wav","SPK07","396584","0.3782","cantharm_audio_spk07.zip","downloads/packages/cantharm_audio_spk07.zip"
"F01701_SPK07.wav","SPK07","585512","0.5584","cantharm_audio_spk07.zip","downloads/packages/cantharm_audio_spk07.zip"
"F01702_SPK07.wav","SPK07","415016","0.3958","cantharm_audio_spk07.zip","downloads/packages/cantharm_audio_spk07.zip"
"F01703_SPK07.wav","SPK07","332072","0.3167","cantharm_audio_spk07.zip","downloads/packages/cantharm_audio_spk07.zip"
"F01704_SPK07.wav","SPK07","456488","0.4353","cantharm_audio_spk07.zip","downloads/packages/cantharm_audio_spk07.zip"
"F01705_SPK07.wav","SPK07","396584","0.3782","cantharm_audio_spk07.zip","downloads/packages/cantharm_audio_spk07.zip"
"F01706_SPK07.wav","SPK07","309032","0.2947","cantharm_audio_spk07.zip","downloads/packages/cantharm_audio_spk07.zip"
"F01707_SPK07.wav","SPK07","350504","0.3343","cantharm_audio_spk07.zip","downloads/packages/cantharm_audio_spk07.zip"
"F01708_SPK07.wav","SPK07","336680","0.3211","cantharm_audio_spk07.zip","downloads/packages/cantharm_audio_spk07.zip"
"F01709_SPK07.wav","SPK07","447272","0.4266","cantharm_audio_spk07.zip","downloads/packages/cantharm_audio_spk07.zip"
"F01710_SPK07.wav","SPK07","309032","0.2947","cantharm_audio_spk07.zip","downloads/packages/cantharm_audio_spk07.zip"
"F01711_SPK07.wav","SPK07","327464","0.3123","cantharm_audio_spk07.zip","downloads/packages/cantharm_audio_spk07.zip"
"F01712_SPK07.wav","SPK07","309032","0.2947","cantharm_audio_spk07.zip","downloads/packages/cantharm_audio_spk07.zip"
"F01713_SPK07.wav","SPK07","355112","0.3387","cantharm_audio_spk07.zip","downloads/packages/cantharm_audio_spk07.zip"
"F01714_SPK07.wav","SPK07","373544","0.3562","cantharm_audio_spk07.zip","downloads/packages/cantharm_audio_spk07.zip"
"F01715_SPK07.wav","SPK07","410408","0.3914","cantharm_audio_spk07.zip","downloads/packages/cantharm_audio_spk07.zip"
"F01716_SPK07.wav","SPK07","322856","0.3079","cantharm_audio_spk07.zip","downloads/packages/cantharm_audio_spk07.zip"
"F01717_SPK07.wav","SPK07","378152","0.3606","cantharm_audio_spk07.zip","downloads/packages/cantharm_audio_spk07.zip"
"F01718_SPK07.wav","SPK07","304424","0.2903","cantharm_audio_spk07.zip","downloads/packages/cantharm_audio_spk07.zip"
"F01719_SPK07.wav","SPK07","350504","0.3343","cantharm_audio_spk07.zip","downloads/packages/cantharm_audio_spk07.zip"
"F01720_SPK07.wav","SPK07","295208","0.2815","cantharm_audio_spk07.zip","downloads/packages/cantharm_audio_spk07.zip"
"F01721_SPK07.wav","SPK07","327464","0.3123","cantharm_audio_spk07.zip","downloads/packages/cantharm_audio_spk07.zip"
"F01722_SPK07.wav","SPK07","382760","0.365","cantharm_audio_spk07.zip","downloads/packages/cantharm_audio_spk07.zip"
"F01723_SPK07.wav","SPK07","290600","0.2771","cantharm_audio_spk07.zip","downloads/packages/cantharm_audio_spk07.zip"
"F01724_SPK07.wav","SPK07","396584","0.3782","cantharm_audio_spk07.zip","downloads/packages/cantharm_audio_spk07.zip"
"F01725_SPK07.wav","SPK07","433448","0.4134","cantharm_audio_spk07.zip","downloads/packages/cantharm_audio_spk07.zip"
"F01726_SPK07.wav","SPK07","309032","0.2947","cantharm_audio_spk07.zip","downloads/packages/cantharm_audio_spk07.zip"
"F01727_SPK07.wav","SPK07","405800","0.387","cantharm_audio_spk07.zip","downloads/packages/cantharm_audio_spk07.zip"
"F01728_SPK07.wav","SPK07","327464","0.3123","cantharm_audio_spk07.zip","downloads/packages/cantharm_audio_spk07.zip"
"F01729_SPK07.wav","SPK07","410408","0.3914","cantharm_audio_spk07.zip","downloads/packages/cantharm_audio_spk07.zip"
"F01730_SPK07.wav","SPK07","405800","0.387","cantharm_audio_spk07.zip","downloads/packages/cantharm_audio_spk07.zip"
"F01731_SPK07.wav","SPK07","309032","0.2947","cantharm_audio_spk07.zip","downloads/packages/cantharm_audio_spk07.zip"
"F01732_SPK07.wav","SPK07","299816","0.2859","cantharm_audio_spk07.zip","downloads/packages/cantharm_audio_spk07.zip"
"F01733_SPK07.wav","SPK07","281384","0.2683","cantharm_audio_spk07.zip","downloads/packages/cantharm_audio_spk07.zip"
"F01734_SPK07.wav","SPK07","322856","0.3079","cantharm_audio_spk07.zip","downloads/packages/cantharm_audio_spk07.zip"
"F01735_SPK07.wav","SPK07","332072","0.3167","cantharm_audio_spk07.zip","downloads/packages/cantharm_audio_spk07.zip"
"F01736_SPK07.wav","SPK07","355112","0.3387","cantharm_audio_spk07.zip","downloads/packages/cantharm_audio_spk07.zip"
"F01737_SPK07.wav","SPK07","521000","0.4969","cantharm_audio_spk07.zip","downloads/packages/cantharm_audio_spk07.zip"
"F01738_SPK07.wav","SPK07","350504","0.3343","cantharm_audio_spk07.zip","downloads/packages/cantharm_audio_spk07.zip"
"F01739_SPK07.wav","SPK07","336680","0.3211","cantharm_audio_spk07.zip","downloads/packages/cantharm_audio_spk07.zip"
"F01740_SPK07.wav","SPK07","341288","0.3255","cantharm_audio_spk07.zip","downloads/packages/cantharm_audio_spk07.zip"
"F01741_SPK07.wav","SPK07","299816","0.2859","cantharm_audio_spk07.zip","downloads/packages/cantharm_audio_spk07.zip"
"F01742_SPK07.wav","SPK07","309032","0.2947","cantharm_audio_spk07.zip","downloads/packages/cantharm_audio_spk07.zip"
"F01743_SPK07.wav","SPK07","350504","0.3343","cantharm_audio_spk07.zip","downloads/packages/cantharm_audio_spk07.zip"
"F01744_SPK07.wav","SPK07","378152","0.3606","cantharm_audio_spk07.zip","downloads/packages/cantharm_audio_spk07.zip"
"F01745_SPK07.wav","SPK07","285992","0.2727","cantharm_audio_spk07.zip","downloads/packages/cantharm_audio_spk07.zip"
"F01746_SPK07.wav","SPK07","424232","0.4046","cantharm_audio_spk07.zip","downloads/packages/cantharm_audio_spk07.zip"
"F01747_SPK07.wav","SPK07","313640","0.2991","cantharm_audio_spk07.zip","downloads/packages/cantharm_audio_spk07.zip"
"F01748_SPK07.wav","SPK07","470312","0.4485","cantharm_audio_spk07.zip","downloads/packages/cantharm_audio_spk07.zip"
"F01749_SPK07.wav","SPK07","345896","0.3299","cantharm_audio_spk07.zip","downloads/packages/cantharm_audio_spk07.zip"
"F01750_SPK07.wav","SPK07","350504","0.3343","cantharm_audio_spk07.zip","downloads/packages/cantharm_audio_spk07.zip"
"F01751_SPK07.wav","SPK07","387368","0.3694","cantharm_audio_spk07.zip","downloads/packages/cantharm_audio_spk07.zip"
"F01752_SPK07.wav","SPK07","318248","0.3035","cantharm_audio_spk07.zip","downloads/packages/cantharm_audio_spk07.zip"
"F01753_SPK07.wav","SPK07","364328","0.3475","cantharm_audio_spk07.zip","downloads/packages/cantharm_audio_spk07.zip"
"F01754_SPK07.wav","SPK07","309032","0.2947","cantharm_audio_spk07.zip","downloads/packages/cantharm_audio_spk07.zip"
"F01755_SPK07.wav","SPK07","415016","0.3958","cantharm_audio_spk07.zip","downloads/packages/cantharm_audio_spk07.zip"
"F01756_SPK07.wav","SPK07","405800","0.387","cantharm_audio_spk07.zip","downloads/packages/cantharm_audio_spk07.zip"
"F01757_SPK07.wav","SPK07","378152","0.3606","cantharm_audio_spk07.zip","downloads/packages/cantharm_audio_spk07.zip"
"F01758_SPK07.wav","SPK07","410408","0.3914","cantharm_audio_spk07.zip","downloads/packages/cantharm_audio_spk07.zip"
"F01759_SPK07.wav","SPK07","553256","0.5276","cantharm_audio_spk07.zip","downloads/packages/cantharm_audio_spk07.zip"
"F01760_SPK07.wav","SPK07","309032","0.2947","cantharm_audio_spk07.zip","downloads/packages/cantharm_audio_spk07.zip"
"F01761_SPK07.wav","SPK07","410408","0.3914","cantharm_audio_spk07.zip","downloads/packages/cantharm_audio_spk07.zip"
"F01762_SPK07.wav","SPK07","373544","0.3562","cantharm_audio_spk07.zip","downloads/packages/cantharm_audio_spk07.zip"
"F01763_SPK07.wav","SPK07","401192","0.3826","cantharm_audio_spk07.zip","downloads/packages/cantharm_audio_spk07.zip"
"F01764_SPK07.wav","SPK07","373544","0.3562","cantharm_audio_spk07.zip","downloads/packages/cantharm_audio_spk07.zip"
"F01765_SPK07.wav","SPK07","410408","0.3914","cantharm_audio_spk07.zip","downloads/packages/cantharm_audio_spk07.zip"
"F01766_SPK07.wav","SPK07","355112","0.3387","cantharm_audio_spk07.zip","downloads/packages/cantharm_audio_spk07.zip"
"F01767_SPK07.wav","SPK07","373544","0.3562","cantharm_audio_spk07.zip","downloads/packages/cantharm_audio_spk07.zip"
"F01768_SPK07.wav","SPK07","382760","0.365","cantharm_audio_spk07.zip","downloads/packages/cantharm_audio_spk07.zip"
"F01769_SPK07.wav","SPK07","341288","0.3255","cantharm_audio_spk07.zip","downloads/packages/cantharm_audio_spk07.zip"
"F01770_SPK07.wav","SPK07","368936","0.3518","cantharm_audio_spk07.zip","downloads/packages/cantharm_audio_spk07.zip"
"F01771_SPK07.wav","SPK07","387368","0.3694","cantharm_audio_spk07.zip","downloads/packages/cantharm_audio_spk07.zip"
"F01772_SPK07.wav","SPK07","387368","0.3694","cantharm_audio_spk07.zip","downloads/packages/cantharm_audio_spk07.zip"
"F01773_SPK07.wav","SPK07","410408","0.3914","cantharm_audio_spk07.zip","downloads/packages/cantharm_audio_spk07.zip"
"F01774_SPK07.wav","SPK07","391976","0.3738","cantharm_audio_spk07.zip","downloads/packages/cantharm_audio_spk07.zip"
"F01775_SPK07.wav","SPK07","309032","0.2947","cantharm_audio_spk07.zip","downloads/packages/cantharm_audio_spk07.zip"
"F01776_SPK07.wav","SPK07","396584","0.3782","cantharm_audio_spk07.zip","downloads/packages/cantharm_audio_spk07.zip"
"F01777_SPK07.wav","SPK07","276776","0.264","cantharm_audio_spk07.zip","downloads/packages/cantharm_audio_spk07.zip"
"F01778_SPK07.wav","SPK07","553256","0.5276","cantharm_audio_spk07.zip","downloads/packages/cantharm_audio_spk07.zip"
"F01779_SPK07.wav","SPK07","332072","0.3167","cantharm_audio_spk07.zip","downloads/packages/cantharm_audio_spk07.zip"
"F01780_SPK07.wav","SPK07","373544","0.3562","cantharm_audio_spk07.zip","downloads/packages/cantharm_audio_spk07.zip"
"F01781_SPK07.wav","SPK07","415016","0.3958","cantharm_audio_spk07.zip","downloads/packages/cantharm_audio_spk07.zip"
"F01782_SPK07.wav","SPK07","428840","0.409","cantharm_audio_spk07.zip","downloads/packages/cantharm_audio_spk07.zip"
"F01783_SPK07.wav","SPK07","387368","0.3694","cantharm_audio_spk07.zip","downloads/packages/cantharm_audio_spk07.zip"
"F01784_SPK07.wav","SPK07","387368","0.3694","cantharm_audio_spk07.zip","downloads/packages/cantharm_audio_spk07.zip"
"F01785_SPK07.wav","SPK07","580904","0.554","cantharm_audio_spk07.zip","downloads/packages/cantharm_audio_spk07.zip"
"F01786_SPK07.wav","SPK07","341288","0.3255","cantharm_audio_spk07.zip","downloads/packages/cantharm_audio_spk07.zip"
"F01787_SPK07.wav","SPK07","387368","0.3694","cantharm_audio_spk07.zip","downloads/packages/cantharm_audio_spk07.zip"
"F01788_SPK07.wav","SPK07","332072","0.3167","cantharm_audio_spk07.zip","downloads/packages/cantharm_audio_spk07.zip"
"F01789_SPK07.wav","SPK07","341288","0.3255","cantharm_audio_spk07.zip","downloads/packages/cantharm_audio_spk07.zip"
"F01790_SPK07.wav","SPK07","355112","0.3387","cantharm_audio_spk07.zip","downloads/packages/cantharm_audio_spk07.zip"
"F01791_SPK07.wav","SPK07","378152","0.3606","cantharm_audio_spk07.zip","downloads/packages/cantharm_audio_spk07.zip"
"F01792_SPK07.wav","SPK07","677672","0.6463","cantharm_audio_spk07.zip","downloads/packages/cantharm_audio_spk07.zip"
"F01793_SPK07.wav","SPK07","493352","0.4705","cantharm_audio_spk07.zip","downloads/packages/cantharm_audio_spk07.zip"
"F01794_SPK07.wav","SPK07","391976","0.3738","cantharm_audio_spk07.zip","downloads/packages/cantharm_audio_spk07.zip"
"F01795_SPK07.wav","SPK07","359720","0.3431","cantharm_audio_spk07.zip","downloads/packages/cantharm_audio_spk07.zip"
"F01796_SPK07.wav","SPK07","341288","0.3255","cantharm_audio_spk07.zip","downloads/packages/cantharm_audio_spk07.zip"
"F01797_SPK07.wav","SPK07","350504","0.3343","cantharm_audio_spk07.zip","downloads/packages/cantharm_audio_spk07.zip"
"F01798_SPK07.wav","SPK07","580904","0.554","cantharm_audio_spk07.zip","downloads/packages/cantharm_audio_spk07.zip"
"F01799_SPK07.wav","SPK07","521000","0.4969","cantharm_audio_spk07.zip","downloads/packages/cantharm_audio_spk07.zip"
"F01800_SPK07.wav","SPK07","438056","0.4178","cantharm_audio_spk07.zip","downloads/packages/cantharm_audio_spk07.zip"
"F01801_SPK07.wav","SPK07","382760","0.365","cantharm_audio_spk07.zip","downloads/packages/cantharm_audio_spk07.zip"
"F01802_SPK07.wav","SPK07","387368","0.3694","cantharm_audio_spk07.zip","downloads/packages/cantharm_audio_spk07.zip"
"F01803_SPK07.wav","SPK07","410408","0.3914","cantharm_audio_spk07.zip","downloads/packages/cantharm_audio_spk07.zip"
"F01804_SPK07.wav","SPK07","442664","0.4222","cantharm_audio_spk07.zip","downloads/packages/cantharm_audio_spk07.zip"
"F01805_SPK07.wav","SPK07","318248","0.3035","cantharm_audio_spk07.zip","downloads/packages/cantharm_audio_spk07.zip"
"F01806_SPK07.wav","SPK07","373544","0.3562","cantharm_audio_spk07.zip","downloads/packages/cantharm_audio_spk07.zip"
"F01807_SPK07.wav","SPK07","410408","0.3914","cantharm_audio_spk07.zip","downloads/packages/cantharm_audio_spk07.zip"
"F01808_SPK07.wav","SPK07","373544","0.3562","cantharm_audio_spk07.zip","downloads/packages/cantharm_audio_spk07.zip"
"F01809_SPK07.wav","SPK07","419624","0.4002","cantharm_audio_spk07.zip","downloads/packages/cantharm_audio_spk07.zip"
"F01810_SPK07.wav","SPK07","350504","0.3343","cantharm_audio_spk07.zip","downloads/packages/cantharm_audio_spk07.zip"
"F01811_SPK07.wav","SPK07","401192","0.3826","cantharm_audio_spk07.zip","downloads/packages/cantharm_audio_spk07.zip"
"F01812_SPK07.wav","SPK07","401192","0.3826","cantharm_audio_spk07.zip","downloads/packages/cantharm_audio_spk07.zip"
"F01813_SPK07.wav","SPK07","350504","0.3343","cantharm_audio_spk07.zip","downloads/packages/cantharm_audio_spk07.zip"
"F01814_SPK07.wav","SPK07","341288","0.3255","cantharm_audio_spk07.zip","downloads/packages/cantharm_audio_spk07.zip"
"F01815_SPK07.wav","SPK07","447272","0.4266","cantharm_audio_spk07.zip","downloads/packages/cantharm_audio_spk07.zip"
"F01816_SPK07.wav","SPK07","203048","0.1936","cantharm_audio_spk07.zip","downloads/packages/cantharm_audio_spk07.zip"
"F01817_SPK07.wav","SPK07","419624","0.4002","cantharm_audio_spk07.zip","downloads/packages/cantharm_audio_spk07.zip"
"F01818_SPK07.wav","SPK07","382760","0.365","cantharm_audio_spk07.zip","downloads/packages/cantharm_audio_spk07.zip"
"F01819_SPK07.wav","SPK07","378152","0.3606","cantharm_audio_spk07.zip","downloads/packages/cantharm_audio_spk07.zip"
"F01820_SPK07.wav","SPK07","267560","0.2552","cantharm_audio_spk07.zip","downloads/packages/cantharm_audio_spk07.zip"
"F01821_SPK07.wav","SPK07","484136","0.4617","cantharm_audio_spk07.zip","downloads/packages/cantharm_audio_spk07.zip"
"F01822_SPK07.wav","SPK07","415016","0.3958","cantharm_audio_spk07.zip","downloads/packages/cantharm_audio_spk07.zip"
"F01823_SPK07.wav","SPK07","396584","0.3782","cantharm_audio_spk07.zip","downloads/packages/cantharm_audio_spk07.zip"
"F01824_SPK07.wav","SPK07","313640","0.2991","cantharm_audio_spk07.zip","downloads/packages/cantharm_audio_spk07.zip"
"F01825_SPK07.wav","SPK07","272168","0.2596","cantharm_audio_spk07.zip","downloads/packages/cantharm_audio_spk07.zip"
"F01826_SPK07.wav","SPK07","428840","0.409","cantharm_audio_spk07.zip","downloads/packages/cantharm_audio_spk07.zip"
"F01827_SPK07.wav","SPK07","447272","0.4266","cantharm_audio_spk07.zip","downloads/packages/cantharm_audio_spk07.zip"
"F01828_SPK07.wav","SPK07","355112","0.3387","cantharm_audio_spk07.zip","downloads/packages/cantharm_audio_spk07.zip"
"F01829_SPK07.wav","SPK07","322856","0.3079","cantharm_audio_spk07.zip","downloads/packages/cantharm_audio_spk07.zip"
"F01830_SPK07.wav","SPK07","497960","0.4749","cantharm_audio_spk07.zip","downloads/packages/cantharm_audio_spk07.zip"
"F01831_SPK07.wav","SPK07","364328","0.3475","cantharm_audio_spk07.zip","downloads/packages/cantharm_audio_spk07.zip"
"F01832_SPK07.wav","SPK07","318248","0.3035","cantharm_audio_spk07.zip","downloads/packages/cantharm_audio_spk07.zip"
"F01833_SPK07.wav","SPK07","350504","0.3343","cantharm_audio_spk07.zip","downloads/packages/cantharm_audio_spk07.zip"
"F01834A_SPK08.wav","SPK08","393526","0.3753","cantharm_audio_spk08.zip","downloads/packages/cantharm_audio_spk08.zip"
"F01834B_SPK08.wav","SPK08","342370","0.3265","cantharm_audio_spk08.zip","downloads/packages/cantharm_audio_spk08.zip"
"F01835_SPK07.wav","SPK07","382760","0.365","cantharm_audio_spk07.zip","downloads/packages/cantharm_audio_spk07.zip"
"F01836_SPK07.wav","SPK07","318248","0.3035","cantharm_audio_spk07.zip","downloads/packages/cantharm_audio_spk07.zip"
"F01837_SPK10.wav","SPK10","331768","0.3164","cantharm_audio_spk10.zip","downloads/packages/cantharm_audio_spk10.zip"
"F01838A_SPK10.wav","SPK10","395270","0.377","cantharm_audio_spk10.zip","downloads/packages/cantharm_audio_spk10.zip"
"F01838B_SPK10.wav","SPK10","455246","0.4342","cantharm_audio_spk10.zip","downloads/packages/cantharm_audio_spk10.zip"
"F01839_SPK07.wav","SPK07","327464","0.3123","cantharm_audio_spk07.zip","downloads/packages/cantharm_audio_spk07.zip"
"F01840_SPK07.wav","SPK07","341288","0.3255","cantharm_audio_spk07.zip","downloads/packages/cantharm_audio_spk07.zip"
"F01841_SPK07.wav","SPK07","281384","0.2683","cantharm_audio_spk07.zip","downloads/packages/cantharm_audio_spk07.zip"
"F01842_SPK07.wav","SPK07","336680","0.3211","cantharm_audio_spk07.zip","downloads/packages/cantharm_audio_spk07.zip"
"F01843_SPK07.wav","SPK07","322856","0.3079","cantharm_audio_spk07.zip","downloads/packages/cantharm_audio_spk07.zip"
"F01844_SPK07.wav","SPK07","304424","0.2903","cantharm_audio_spk07.zip","downloads/packages/cantharm_audio_spk07.zip"
"F01845_SPK07.wav","SPK07","336680","0.3211","cantharm_audio_spk07.zip","downloads/packages/cantharm_audio_spk07.zip"
"F01846_SPK07.wav","SPK07","309032","0.2947","cantharm_audio_spk07.zip","downloads/packages/cantharm_audio_spk07.zip"
"F01847_SPK07.wav","SPK07","332072","0.3167","cantharm_audio_spk07.zip","downloads/packages/cantharm_audio_spk07.zip"
"F01848_SPK07.wav","SPK07","350504","0.3343","cantharm_audio_spk07.zip","downloads/packages/cantharm_audio_spk07.zip"
"F01849_SPK07.wav","SPK07","378152","0.3606","cantharm_audio_spk07.zip","downloads/packages/cantharm_audio_spk07.zip"
"F01850_SPK07.wav","SPK07","438056","0.4178","cantharm_audio_spk07.zip","downloads/packages/cantharm_audio_spk07.zip"
"F01851_SPK07.wav","SPK07","391976","0.3738","cantharm_audio_spk07.zip","downloads/packages/cantharm_audio_spk07.zip"
"F01852_SPK07.wav","SPK07","350504","0.3343","cantharm_audio_spk07.zip","downloads/packages/cantharm_audio_spk07.zip"
"F01853A_SPK07.wav","SPK07","382922","0.3652","cantharm_audio_spk07.zip","downloads/packages/cantharm_audio_spk07.zip"
"F01853B_SPK07.wav","SPK07","381158","0.3635","cantharm_audio_spk07.zip","downloads/packages/cantharm_audio_spk07.zip"
"F01854_SPK07.wav","SPK07","364328","0.3475","cantharm_audio_spk07.zip","downloads/packages/cantharm_audio_spk07.zip"
"F01855_SPK07.wav","SPK07","322856","0.3079","cantharm_audio_spk07.zip","downloads/packages/cantharm_audio_spk07.zip"
"F01856_SPK07.wav","SPK07","603944","0.576","cantharm_audio_spk07.zip","downloads/packages/cantharm_audio_spk07.zip"
"F01857_SPK07.wav","SPK07","493352","0.4705","cantharm_audio_spk07.zip","downloads/packages/cantharm_audio_spk07.zip"
"F01858_SPK07.wav","SPK07","332072","0.3167","cantharm_audio_spk07.zip","downloads/packages/cantharm_audio_spk07.zip"
"F01859_SPK07.wav","SPK07","350504","0.3343","cantharm_audio_spk07.zip","downloads/packages/cantharm_audio_spk07.zip"
"F01860_SPK07.wav","SPK07","341288","0.3255","cantharm_audio_spk07.zip","downloads/packages/cantharm_audio_spk07.zip"
"F01861_SPK07.wav","SPK07","590120","0.5628","cantharm_audio_spk07.zip","downloads/packages/cantharm_audio_spk07.zip"
"F01862_SPK07.wav","SPK07","373544","0.3562","cantharm_audio_spk07.zip","downloads/packages/cantharm_audio_spk07.zip"
"F01863_SPK07.wav","SPK07","327464","0.3123","cantharm_audio_spk07.zip","downloads/packages/cantharm_audio_spk07.zip"
"F01864_SPK07.wav","SPK07","364328","0.3475","cantharm_audio_spk07.zip","downloads/packages/cantharm_audio_spk07.zip"
"F01865_SPK07.wav","SPK07","456488","0.4353","cantharm_audio_spk07.zip","downloads/packages/cantharm_audio_spk07.zip"
"F01866_SPK07.wav","SPK07","405800","0.387","cantharm_audio_spk07.zip","downloads/packages/cantharm_audio_spk07.zip"
"F01867_SPK07.wav","SPK07","686888","0.6551","cantharm_audio_spk07.zip","downloads/packages/cantharm_audio_spk07.zip"
"F01868_SPK07.wav","SPK07","497960","0.4749","cantharm_audio_spk07.zip","downloads/packages/cantharm_audio_spk07.zip"
"F01869_SPK07.wav","SPK07","364328","0.3475","cantharm_audio_spk07.zip","downloads/packages/cantharm_audio_spk07.zip"
"F01870_SPK07.wav","SPK07","332072","0.3167","cantharm_audio_spk07.zip","downloads/packages/cantharm_audio_spk07.zip"
"F01871_SPK07.wav","SPK07","322856","0.3079","cantharm_audio_spk07.zip","downloads/packages/cantharm_audio_spk07.zip"
"F01872_SPK07.wav","SPK07","318248","0.3035","cantharm_audio_spk07.zip","downloads/packages/cantharm_audio_spk07.zip"
"F01873_SPK07.wav","SPK07","332072","0.3167","cantharm_audio_spk07.zip","downloads/packages/cantharm_audio_spk07.zip"
"F01874_SPK07.wav","SPK07","378152","0.3606","cantharm_audio_spk07.zip","downloads/packages/cantharm_audio_spk07.zip"
"F01875_SPK07.wav","SPK07","359720","0.3431","cantharm_audio_spk07.zip","downloads/packages/cantharm_audio_spk07.zip"
"F01876_SPK07.wav","SPK07","272168","0.2596","cantharm_audio_spk07.zip","downloads/packages/cantharm_audio_spk07.zip"
"F01877_SPK07.wav","SPK07","350504","0.3343","cantharm_audio_spk07.zip","downloads/packages/cantharm_audio_spk07.zip"
"F01878_SPK07.wav","SPK07","345896","0.3299","cantharm_audio_spk07.zip","downloads/packages/cantharm_audio_spk07.zip"
"F01879_SPK07.wav","SPK07","350504","0.3343","cantharm_audio_spk07.zip","downloads/packages/cantharm_audio_spk07.zip"
"F01880_SPK07.wav","SPK07","350504","0.3343","cantharm_audio_spk07.zip","downloads/packages/cantharm_audio_spk07.zip"
"F01881_SPK07.wav","SPK07","309032","0.2947","cantharm_audio_spk07.zip","downloads/packages/cantharm_audio_spk07.zip"
"F01882_SPK07.wav","SPK07","345896","0.3299","cantharm_audio_spk07.zip","downloads/packages/cantharm_audio_spk07.zip"
"F01883_SPK07.wav","SPK07","401192","0.3826","cantharm_audio_spk07.zip","downloads/packages/cantharm_audio_spk07.zip"
"F01884_SPK07.wav","SPK07","410408","0.3914","cantharm_audio_spk07.zip","downloads/packages/cantharm_audio_spk07.zip"
"F01885_SPK07.wav","SPK07","345896","0.3299","cantharm_audio_spk07.zip","downloads/packages/cantharm_audio_spk07.zip"
"F01886_SPK07.wav","SPK07","262952","0.2508","cantharm_audio_spk07.zip","downloads/packages/cantharm_audio_spk07.zip"
"F01887_SPK07.wav","SPK07","451880","0.4309","cantharm_audio_spk07.zip","downloads/packages/cantharm_audio_spk07.zip"
"F01888_SPK07.wav","SPK07","387368","0.3694","cantharm_audio_spk07.zip","downloads/packages/cantharm_audio_spk07.zip"
"F01889_SPK07.wav","SPK07","364328","0.3475","cantharm_audio_spk07.zip","downloads/packages/cantharm_audio_spk07.zip"
"F01890_SPK07.wav","SPK07","368936","0.3518","cantharm_audio_spk07.zip","downloads/packages/cantharm_audio_spk07.zip"
"F01891_SPK07.wav","SPK07","396584","0.3782","cantharm_audio_spk07.zip","downloads/packages/cantharm_audio_spk07.zip"
"F01892_SPK07.wav","SPK07","309032","0.2947","cantharm_audio_spk07.zip","downloads/packages/cantharm_audio_spk07.zip"
"F01893_SPK07.wav","SPK07","327464","0.3123","cantharm_audio_spk07.zip","downloads/packages/cantharm_audio_spk07.zip"
"F01894_SPK07.wav","SPK07","378152","0.3606","cantharm_audio_spk07.zip","downloads/packages/cantharm_audio_spk07.zip"
"F01895_SPK07.wav","SPK07","295208","0.2815","cantharm_audio_spk07.zip","downloads/packages/cantharm_audio_spk07.zip"
"F01896_SPK07.wav","SPK07","318248","0.3035","cantharm_audio_spk07.zip","downloads/packages/cantharm_audio_spk07.zip"
"F01897_SPK07.wav","SPK07","290600","0.2771","cantharm_audio_spk07.zip","downloads/packages/cantharm_audio_spk07.zip"
"F01898_SPK07.wav","SPK07","332072","0.3167","cantharm_audio_spk07.zip","downloads/packages/cantharm_audio_spk07.zip"
"F01899_SPK07.wav","SPK07","309032","0.2947","cantharm_audio_spk07.zip","downloads/packages/cantharm_audio_spk07.zip"
"F01900_SPK07.wav","SPK07","318248","0.3035","cantharm_audio_spk07.zip","downloads/packages/cantharm_audio_spk07.zip"
"F01901_SPK07.wav","SPK07","322856","0.3079","cantharm_audio_spk07.zip","downloads/packages/cantharm_audio_spk07.zip"
"F01902_SPK07.wav","SPK07","285992","0.2727","cantharm_audio_spk07.zip","downloads/packages/cantharm_audio_spk07.zip"
"F01903_SPK07.wav","SPK07","262952","0.2508","cantharm_audio_spk07.zip","downloads/packages/cantharm_audio_spk07.zip"
"F01904_SPK07.wav","SPK07","299816","0.2859","cantharm_audio_spk07.zip","downloads/packages/cantharm_audio_spk07.zip"
"F01905_SPK07.wav","SPK07","281384","0.2683","cantharm_audio_spk07.zip","downloads/packages/cantharm_audio_spk07.zip"
"F01906_SPK07.wav","SPK07","290600","0.2771","cantharm_audio_spk07.zip","downloads/packages/cantharm_audio_spk07.zip"
"F01907_SPK07.wav","SPK07","262952","0.2508","cantharm_audio_spk07.zip","downloads/packages/cantharm_audio_spk07.zip"
"F01908_SPK07.wav","SPK07","272168","0.2596","cantharm_audio_spk07.zip","downloads/packages/cantharm_audio_spk07.zip"
"F01909_SPK07.wav","SPK07","350504","0.3343","cantharm_audio_spk07.zip","downloads/packages/cantharm_audio_spk07.zip"
"F01910_SPK07.wav","SPK07","281384","0.2683","cantharm_audio_spk07.zip","downloads/packages/cantharm_audio_spk07.zip"
"F01911_SPK07.wav","SPK07","272168","0.2596","cantharm_audio_spk07.zip","downloads/packages/cantharm_audio_spk07.zip"
"F01912_SPK07.wav","SPK07","364328","0.3475","cantharm_audio_spk07.zip","downloads/packages/cantharm_audio_spk07.zip"
"F01913_SPK07.wav","SPK07","272168","0.2596","cantharm_audio_spk07.zip","downloads/packages/cantharm_audio_spk07.zip"
"F01914_SPK07.wav","SPK07","396584","0.3782","cantharm_audio_spk07.zip","downloads/packages/cantharm_audio_spk07.zip"
"F01915_SPK07.wav","SPK07","401192","0.3826","cantharm_audio_spk07.zip","downloads/packages/cantharm_audio_spk07.zip"
"F01916_SPK07.wav","SPK07","318248","0.3035","cantharm_audio_spk07.zip","downloads/packages/cantharm_audio_spk07.zip"
"F01917_SPK07.wav","SPK07","355112","0.3387","cantharm_audio_spk07.zip","downloads/packages/cantharm_audio_spk07.zip"
"F01918_SPK07.wav","SPK07","401192","0.3826","cantharm_audio_spk07.zip","downloads/packages/cantharm_audio_spk07.zip"
"F01919_SPK07.wav","SPK07","313640","0.2991","cantharm_audio_spk07.zip","downloads/packages/cantharm_audio_spk07.zip"
"F01920_SPK07.wav","SPK07","373544","0.3562","cantharm_audio_spk07.zip","downloads/packages/cantharm_audio_spk07.zip"
"F01921_SPK07.wav","SPK07","336680","0.3211","cantharm_audio_spk07.zip","downloads/packages/cantharm_audio_spk07.zip"
"F01922_SPK07.wav","SPK07","179980","0.1716","cantharm_audio_spk07.zip","downloads/packages/cantharm_audio_spk07.zip"
"F01923_SPK07.wav","SPK07","309032","0.2947","cantharm_audio_spk07.zip","downloads/packages/cantharm_audio_spk07.zip"
"F01924_SPK07.wav","SPK07","318248","0.3035","cantharm_audio_spk07.zip","downloads/packages/cantharm_audio_spk07.zip"
"F01925_SPK07.wav","SPK07","355112","0.3387","cantharm_audio_spk07.zip","downloads/packages/cantharm_audio_spk07.zip"
"F01926_SPK07.wav","SPK07","405800","0.387","cantharm_audio_spk07.zip","downloads/packages/cantharm_audio_spk07.zip"
"F01927_SPK07.wav","SPK07","350504","0.3343","cantharm_audio_spk07.zip","downloads/packages/cantharm_audio_spk07.zip"
"F01928_SPK07.wav","SPK07","355112","0.3387","cantharm_audio_spk07.zip","downloads/packages/cantharm_audio_spk07.zip"
"F01929_SPK07.wav","SPK07","295208","0.2815","cantharm_audio_spk07.zip","downloads/packages/cantharm_audio_spk07.zip"
"F01930_SPK07.wav","SPK07","267560","0.2552","cantharm_audio_spk07.zip","downloads/packages/cantharm_audio_spk07.zip"
"F01931_SPK07.wav","SPK07","387368","0.3694","cantharm_audio_spk07.zip","downloads/packages/cantharm_audio_spk07.zip"
"F01932_SPK07.wav","SPK07","387368","0.3694","cantharm_audio_spk07.zip","downloads/packages/cantharm_audio_spk07.zip"
"F01933_SPK07.wav","SPK07","461096","0.4397","cantharm_audio_spk07.zip","downloads/packages/cantharm_audio_spk07.zip"
"F01934_SPK07.wav","SPK07","415016","0.3958","cantharm_audio_spk07.zip","downloads/packages/cantharm_audio_spk07.zip"
"F01935_SPK07.wav","SPK07","295208","0.2815","cantharm_audio_spk07.zip","downloads/packages/cantharm_audio_spk07.zip"
"F01936_SPK07.wav","SPK07","415016","0.3958","cantharm_audio_spk07.zip","downloads/packages/cantharm_audio_spk07.zip"
"F01937_SPK07.wav","SPK07","378152","0.3606","cantharm_audio_spk07.zip","downloads/packages/cantharm_audio_spk07.zip"
"F01938_SPK07.wav","SPK07","295208","0.2815","cantharm_audio_spk07.zip","downloads/packages/cantharm_audio_spk07.zip"
"F01939_SPK07.wav","SPK07","322856","0.3079","cantharm_audio_spk07.zip","downloads/packages/cantharm_audio_spk07.zip"
"F01940_SPK07.wav","SPK07","304424","0.2903","cantharm_audio_spk07.zip","downloads/packages/cantharm_audio_spk07.zip"
"F01941_SPK07.wav","SPK07","295208","0.2815","cantharm_audio_spk07.zip","downloads/packages/cantharm_audio_spk07.zip"
"F01942_SPK07.wav","SPK07","304424","0.2903","cantharm_audio_spk07.zip","downloads/packages/cantharm_audio_spk07.zip"
"F01943_SPK07.wav","SPK07","355112","0.3387","cantharm_audio_spk07.zip","downloads/packages/cantharm_audio_spk07.zip"
"F01944_SPK07.wav","SPK07","313640","0.2991","cantharm_audio_spk07.zip","downloads/packages/cantharm_audio_spk07.zip"
"F01945_SPK07.wav","SPK07","318248","0.3035","cantharm_audio_spk07.zip","downloads/packages/cantharm_audio_spk07.zip"
"F01946_SPK07.wav","SPK07","327464","0.3123","cantharm_audio_spk07.zip","downloads/packages/cantharm_audio_spk07.zip"
"F01947_SPK07.wav","SPK07","318248","0.3035","cantharm_audio_spk07.zip","downloads/packages/cantharm_audio_spk07.zip"
"F01948_SPK07.wav","SPK07","327464","0.3123","cantharm_audio_spk07.zip","downloads/packages/cantharm_audio_spk07.zip"
"F01949_SPK07.wav","SPK07","401192","0.3826","cantharm_audio_spk07.zip","downloads/packages/cantharm_audio_spk07.zip"
"F01950_SPK07.wav","SPK07","309032","0.2947","cantharm_audio_spk07.zip","downloads/packages/cantharm_audio_spk07.zip"
"F01951_SPK07.wav","SPK07","355112","0.3387","cantharm_audio_spk07.zip","downloads/packages/cantharm_audio_spk07.zip"
"F01952_SPK07.wav","SPK07","368936","0.3518","cantharm_audio_spk07.zip","downloads/packages/cantharm_audio_spk07.zip"
"F01953_SPK07.wav","SPK07","355112","0.3387","cantharm_audio_spk07.zip","downloads/packages/cantharm_audio_spk07.zip"
"F01954_SPK07.wav","SPK07","355112","0.3387","cantharm_audio_spk07.zip","downloads/packages/cantharm_audio_spk07.zip"
"F01955_SPK07.wav","SPK07","368936","0.3518","cantharm_audio_spk07.zip","downloads/packages/cantharm_audio_spk07.zip"
"F01956_SPK07.wav","SPK07","359720","0.3431","cantharm_audio_spk07.zip","downloads/packages/cantharm_audio_spk07.zip"
"F01957_SPK07.wav","SPK07","405800","0.387","cantharm_audio_spk07.zip","downloads/packages/cantharm_audio_spk07.zip"
"F01958_SPK07.wav","SPK07","313640","0.2991","cantharm_audio_spk07.zip","downloads/packages/cantharm_audio_spk07.zip"
"F01959_SPK07.wav","SPK07","355112","0.3387","cantharm_audio_spk07.zip","downloads/packages/cantharm_audio_spk07.zip"
"F01960_SPK07.wav","SPK07","355112","0.3387","cantharm_audio_spk07.zip","downloads/packages/cantharm_audio_spk07.zip"
"F01961A_SPK11.wav","SPK11","255934","0.2441","cantharm_audio_spk11.zip","downloads/packages/cantharm_audio_spk11.zip"
"F01961B_SPK11.wav","SPK11","315910","0.3013","cantharm_audio_spk11.zip","downloads/packages/cantharm_audio_spk11.zip"
"F01962_SPK07.wav","SPK07","350504","0.3343","cantharm_audio_spk07.zip","downloads/packages/cantharm_audio_spk07.zip"
"F01963_SPK07.wav","SPK07","350504","0.3343","cantharm_audio_spk07.zip","downloads/packages/cantharm_audio_spk07.zip"
"F01964_SPK07.wav","SPK07","359720","0.3431","cantharm_audio_spk07.zip","downloads/packages/cantharm_audio_spk07.zip"
"F01965_SPK07.wav","SPK07","350504","0.3343","cantharm_audio_spk07.zip","downloads/packages/cantharm_audio_spk07.zip"
"F01966_SPK07.wav","SPK07","373544","0.3562","cantharm_audio_spk07.zip","downloads/packages/cantharm_audio_spk07.zip"
"F01967_SPK07.wav","SPK07","373544","0.3562","cantharm_audio_spk07.zip","downloads/packages/cantharm_audio_spk07.zip"
"F01968_SPK07.wav","SPK07","327464","0.3123","cantharm_audio_spk07.zip","downloads/packages/cantharm_audio_spk07.zip"
"F01969_SPK07.wav","SPK07","465704","0.4441","cantharm_audio_spk07.zip","downloads/packages/cantharm_audio_spk07.zip"
"F01970_SPK07.wav","SPK07","378152","0.3606","cantharm_audio_spk07.zip","downloads/packages/cantharm_audio_spk07.zip"
"F01971_SPK07.wav","SPK07","313640","0.2991","cantharm_audio_spk07.zip","downloads/packages/cantharm_audio_spk07.zip"
"F01972_SPK07.wav","SPK07","461096","0.4397","cantharm_audio_spk07.zip","downloads/packages/cantharm_audio_spk07.zip"
"F01973_SPK07.wav","SPK07","415016","0.3958","cantharm_audio_spk07.zip","downloads/packages/cantharm_audio_spk07.zip"
"F01974_SPK07.wav","SPK07","368936","0.3518","cantharm_audio_spk07.zip","downloads/packages/cantharm_audio_spk07.zip"
"F01975_SPK07.wav","SPK07","364328","0.3475","cantharm_audio_spk07.zip","downloads/packages/cantharm_audio_spk07.zip"
"F01976_SPK07.wav","SPK07","484136","0.4617","cantharm_audio_spk07.zip","downloads/packages/cantharm_audio_spk07.zip"
"F01977_SPK07.wav","SPK07","387368","0.3694","cantharm_audio_spk07.zip","downloads/packages/cantharm_audio_spk07.zip"
"F01978_SPK07.wav","SPK07","373544","0.3562","cantharm_audio_spk07.zip","downloads/packages/cantharm_audio_spk07.zip"
"F01979_SPK07.wav","SPK07","378152","0.3606","cantharm_audio_spk07.zip","downloads/packages/cantharm_audio_spk07.zip"
"F01980_SPK07.wav","SPK07","368936","0.3518","cantharm_audio_spk07.zip","downloads/packages/cantharm_audio_spk07.zip"
"F01981_SPK07.wav","SPK07","359720","0.3431","cantharm_audio_spk07.zip","downloads/packages/cantharm_audio_spk07.zip"
"F01982_SPK07.wav","SPK07","350504","0.3343","cantharm_audio_spk07.zip","downloads/packages/cantharm_audio_spk07.zip"
"F01983_SPK07.wav","SPK07","419624","0.4002","cantharm_audio_spk07.zip","downloads/packages/cantharm_audio_spk07.zip"
"F01984_SPK07.wav","SPK07","516392","0.4925","cantharm_audio_spk07.zip","downloads/packages/cantharm_audio_spk07.zip"
"F01985_SPK07.wav","SPK07","599336","0.5716","cantharm_audio_spk07.zip","downloads/packages/cantharm_audio_spk07.zip"
"F01986_SPK07.wav","SPK07","507176","0.4837","cantharm_audio_spk07.zip","downloads/packages/cantharm_audio_spk07.zip"
"F01987_SPK07.wav","SPK07","461096","0.4397","cantharm_audio_spk07.zip","downloads/packages/cantharm_audio_spk07.zip"
"F01988_SPK07.wav","SPK07","456488","0.4353","cantharm_audio_spk07.zip","downloads/packages/cantharm_audio_spk07.zip"
"F01989_SPK07.wav","SPK07","336680","0.3211","cantharm_audio_spk07.zip","downloads/packages/cantharm_audio_spk07.zip"
"F01990_SPK07.wav","SPK07","304424","0.2903","cantharm_audio_spk07.zip","downloads/packages/cantharm_audio_spk07.zip"
"F01991_SPK07.wav","SPK07","401192","0.3826","cantharm_audio_spk07.zip","downloads/packages/cantharm_audio_spk07.zip"
"F01992_SPK07.wav","SPK07","373544","0.3562","cantharm_audio_spk07.zip","downloads/packages/cantharm_audio_spk07.zip"
"F01993_SPK07.wav","SPK07","341288","0.3255","cantharm_audio_spk07.zip","downloads/packages/cantharm_audio_spk07.zip"
"F01994_SPK07.wav","SPK07","401192","0.3826","cantharm_audio_spk07.zip","downloads/packages/cantharm_audio_spk07.zip"
"F01995_SPK07.wav","SPK07","309032","0.2947","cantharm_audio_spk07.zip","downloads/packages/cantharm_audio_spk07.zip"
"F01996_SPK07.wav","SPK07","295208","0.2815","cantharm_audio_spk07.zip","downloads/packages/cantharm_audio_spk07.zip"
"F01997_SPK07.wav","SPK07","332072","0.3167","cantharm_audio_spk07.zip","downloads/packages/cantharm_audio_spk07.zip"
"F01998_SPK07.wav","SPK07","336680","0.3211","cantharm_audio_spk07.zip","downloads/packages/cantharm_audio_spk07.zip"
"F01999_SPK07.wav","SPK07","318248","0.3035","cantharm_audio_spk07.zip","downloads/packages/cantharm_audio_spk07.zip"
"F02000_SPK07.wav","SPK07","272168","0.2596","cantharm_audio_spk07.zip","downloads/packages/cantharm_audio_spk07.zip"
"F02001_SPK07.wav","SPK07","318248","0.3035","cantharm_audio_spk07.zip","downloads/packages/cantharm_audio_spk07.zip"
"F02002_SPK07.wav","SPK07","341288","0.3255","cantharm_audio_spk07.zip","downloads/packages/cantharm_audio_spk07.zip"
"F02003_SPK07.wav","SPK07","290600","0.2771","cantharm_audio_spk07.zip","downloads/packages/cantharm_audio_spk07.zip"
"F02004_SPK07.wav","SPK07","585512","0.5584","cantharm_audio_spk07.zip","downloads/packages/cantharm_audio_spk07.zip"
"F02005_SPK07.wav","SPK07","267560","0.2552","cantharm_audio_spk07.zip","downloads/packages/cantharm_audio_spk07.zip"
"F02006A_SPK01.wav","SPK01","465852","0.4443","cantharm_audio_spk01.zip","downloads/packages/cantharm_audio_spk01.zip"
"F02006B_SPK01.wav","SPK01","494076","0.4712","cantharm_audio_spk01.zip","downloads/packages/cantharm_audio_spk01.zip"
"F02007_SPK07.wav","SPK07","382760","0.365","cantharm_audio_spk07.zip","downloads/packages/cantharm_audio_spk07.zip"
"F02008_SPK07.wav","SPK07","382760","0.365","cantharm_audio_spk07.zip","downloads/packages/cantharm_audio_spk07.zip"
"F02009_SPK07.wav","SPK07","267560","0.2552","cantharm_audio_spk07.zip","downloads/packages/cantharm_audio_spk07.zip"
"F02010_SPK07.wav","SPK07","332072","0.3167","cantharm_audio_spk07.zip","downloads/packages/cantharm_audio_spk07.zip"
"F02011_SPK07.wav","SPK07","327464","0.3123","cantharm_audio_spk07.zip","downloads/packages/cantharm_audio_spk07.zip"
"F02012_SPK07.wav","SPK07","295208","0.2815","cantharm_audio_spk07.zip","downloads/packages/cantharm_audio_spk07.zip"
"F02013_SPK07.wav","SPK07","304424","0.2903","cantharm_audio_spk07.zip","downloads/packages/cantharm_audio_spk07.zip"
"F02014_SPK07.wav","SPK07","322856","0.3079","cantharm_audio_spk07.zip","downloads/packages/cantharm_audio_spk07.zip"
"F02015_SPK07.wav","SPK07","309032","0.2947","cantharm_audio_spk07.zip","downloads/packages/cantharm_audio_spk07.zip"
"F02016_SPK07.wav","SPK07","442664","0.4222","cantharm_audio_spk07.zip","downloads/packages/cantharm_audio_spk07.zip"
"F02017_SPK07.wav","SPK07","336680","0.3211","cantharm_audio_spk07.zip","downloads/packages/cantharm_audio_spk07.zip"
"F02018_SPK07.wav","SPK07","295208","0.2815","cantharm_audio_spk07.zip","downloads/packages/cantharm_audio_spk07.zip"
"F02019_SPK07.wav","SPK07","276776","0.264","cantharm_audio_spk07.zip","downloads/packages/cantharm_audio_spk07.zip"
"F02020_SPK07.wav","SPK07","364328","0.3475","cantharm_audio_spk07.zip","downloads/packages/cantharm_audio_spk07.zip"
"F02021_SPK07.wav","SPK07","322856","0.3079","cantharm_audio_spk07.zip","downloads/packages/cantharm_audio_spk07.zip"
"F02022_SPK07.wav","SPK07","405800","0.387","cantharm_audio_spk07.zip","downloads/packages/cantharm_audio_spk07.zip"
"F02023_SPK07.wav","SPK07","419624","0.4002","cantharm_audio_spk07.zip","downloads/packages/cantharm_audio_spk07.zip"
"F02024_SPK07.wav","SPK07","336680","0.3211","cantharm_audio_spk07.zip","downloads/packages/cantharm_audio_spk07.zip"
"F02025_SPK07.wav","SPK07","433448","0.4134","cantharm_audio_spk07.zip","downloads/packages/cantharm_audio_spk07.zip"
"F02026_SPK07.wav","SPK07","258344","0.2464","cantharm_audio_spk07.zip","downloads/packages/cantharm_audio_spk07.zip"
"F02027_SPK07.wav","SPK07","401192","0.3826","cantharm_audio_spk07.zip","downloads/packages/cantharm_audio_spk07.zip"
"F02028_SPK07.wav","SPK07","341288","0.3255","cantharm_audio_spk07.zip","downloads/packages/cantharm_audio_spk07.zip"
"F02029_SPK07.wav","SPK07","350504","0.3343","cantharm_audio_spk07.zip","downloads/packages/cantharm_audio_spk07.zip"
"F02030_SPK07.wav","SPK07","401192","0.3826","cantharm_audio_spk07.zip","downloads/packages/cantharm_audio_spk07.zip"
"F02031_SPK07.wav","SPK07","350504","0.3343","cantharm_audio_spk07.zip","downloads/packages/cantharm_audio_spk07.zip"
"F02032_SPK07.wav","SPK07","401192","0.3826","cantharm_audio_spk07.zip","downloads/packages/cantharm_audio_spk07.zip"
"F02033_SPK07.wav","SPK07","507176","0.4837","cantharm_audio_spk07.zip","downloads/packages/cantharm_audio_spk07.zip"
"F02034_SPK07.wav","SPK07","359720","0.3431","cantharm_audio_spk07.zip","downloads/packages/cantharm_audio_spk07.zip"
"F02035_SPK07.wav","SPK07","424232","0.4046","cantharm_audio_spk07.zip","downloads/packages/cantharm_audio_spk07.zip"
"F02036_SPK07.wav","SPK07","447272","0.4266","cantharm_audio_spk07.zip","downloads/packages/cantharm_audio_spk07.zip"
"F02037_SPK07.wav","SPK07","368936","0.3518","cantharm_audio_spk07.zip","downloads/packages/cantharm_audio_spk07.zip"
"F02038_SPK07.wav","SPK07","424232","0.4046","cantharm_audio_spk07.zip","downloads/packages/cantharm_audio_spk07.zip"
"F02039_SPK07.wav","SPK07","364328","0.3475","cantharm_audio_spk07.zip","downloads/packages/cantharm_audio_spk07.zip"
"F02040_SPK07.wav","SPK07","378152","0.3606","cantharm_audio_spk07.zip","downloads/packages/cantharm_audio_spk07.zip"
"F02041_SPK07.wav","SPK07","378152","0.3606","cantharm_audio_spk07.zip","downloads/packages/cantharm_audio_spk07.zip"
"F02042_SPK07.wav","SPK07","355112","0.3387","cantharm_audio_spk07.zip","downloads/packages/cantharm_audio_spk07.zip"
"F02043_SPK07.wav","SPK07","609746","0.5815","cantharm_audio_spk07.zip","downloads/packages/cantharm_audio_spk07.zip"
"F02044_SPK07.wav","SPK07","373544","0.3562","cantharm_audio_spk07.zip","downloads/packages/cantharm_audio_spk07.zip"
"F02045_SPK07.wav","SPK07","341288","0.3255","cantharm_audio_spk07.zip","downloads/packages/cantharm_audio_spk07.zip"
"F02046_SPK07.wav","SPK07","387368","0.3694","cantharm_audio_spk07.zip","downloads/packages/cantharm_audio_spk07.zip"
"F02047_SPK07.wav","SPK07","309032","0.2947","cantharm_audio_spk07.zip","downloads/packages/cantharm_audio_spk07.zip"
"F02048_SPK07.wav","SPK07","387368","0.3694","cantharm_audio_spk07.zip","downloads/packages/cantharm_audio_spk07.zip"
"F02049_SPK07.wav","SPK07","364328","0.3475","cantharm_audio_spk07.zip","downloads/packages/cantharm_audio_spk07.zip"
"F02050_SPK07.wav","SPK07","474920","0.4529","cantharm_audio_spk07.zip","downloads/packages/cantharm_audio_spk07.zip"
"F02051_SPK07.wav","SPK07","207656","0.198","cantharm_audio_spk07.zip","downloads/packages/cantharm_audio_spk07.zip"
"F02052_SPK07.wav","SPK07","603944","0.576","cantharm_audio_spk07.zip","downloads/packages/cantharm_audio_spk07.zip"
"F02053_SPK07.wav","SPK07","410408","0.3914","cantharm_audio_spk07.zip","downloads/packages/cantharm_audio_spk07.zip"
"F02054_SPK07.wav","SPK07","327464","0.3123","cantharm_audio_spk07.zip","downloads/packages/cantharm_audio_spk07.zip"
"F02055_SPK07.wav","SPK07","355112","0.3387","cantharm_audio_spk07.zip","downloads/packages/cantharm_audio_spk07.zip"
"F02056_SPK07.wav","SPK07","391976","0.3738","cantharm_audio_spk07.zip","downloads/packages/cantharm_audio_spk07.zip"
"F02057_SPK07.wav","SPK07","415016","0.3958","cantharm_audio_spk07.zip","downloads/packages/cantharm_audio_spk07.zip"
"F02058_SPK07.wav","SPK07","410408","0.3914","cantharm_audio_spk07.zip","downloads/packages/cantharm_audio_spk07.zip"
"F02059_SPK07.wav","SPK07","396584","0.3782","cantharm_audio_spk07.zip","downloads/packages/cantharm_audio_spk07.zip"
"F02060_SPK07.wav","SPK07","382760","0.365","cantharm_audio_spk07.zip","downloads/packages/cantharm_audio_spk07.zip"
"F02061_SPK07.wav","SPK07","364328","0.3475","cantharm_audio_spk07.zip","downloads/packages/cantharm_audio_spk07.zip"
"F02062_SPK07.wav","SPK07","341288","0.3255","cantharm_audio_spk07.zip","downloads/packages/cantharm_audio_spk07.zip"
"F02063_SPK07.wav","SPK07","327464","0.3123","cantharm_audio_spk07.zip","downloads/packages/cantharm_audio_spk07.zip"
"F02064_SPK07.wav","SPK07","378152","0.3606","cantharm_audio_spk07.zip","downloads/packages/cantharm_audio_spk07.zip"
"F02065_SPK07.wav","SPK07","350504","0.3343","cantharm_audio_spk07.zip","downloads/packages/cantharm_audio_spk07.zip"
"F02066_SPK07.wav","SPK07","341288","0.3255","cantharm_audio_spk07.zip","downloads/packages/cantharm_audio_spk07.zip"
"F02067_SPK07.wav","SPK07","355112","0.3387","cantharm_audio_spk07.zip","downloads/packages/cantharm_audio_spk07.zip"
"F02068_SPK07.wav","SPK07","359720","0.3431","cantharm_audio_spk07.zip","downloads/packages/cantharm_audio_spk07.zip"
"F02069_SPK07.wav","SPK07","341288","0.3255","cantharm_audio_spk07.zip","downloads/packages/cantharm_audio_spk07.zip"
"F02070_SPK07.wav","SPK07","521000","0.4969","cantharm_audio_spk07.zip","downloads/packages/cantharm_audio_spk07.zip"
"F02071_SPK07.wav","SPK07","359720","0.3431","cantharm_audio_spk07.zip","downloads/packages/cantharm_audio_spk07.zip"
"F02072_SPK07.wav","SPK07","336680","0.3211","cantharm_audio_spk07.zip","downloads/packages/cantharm_audio_spk07.zip"
"F02073_SPK07.wav","SPK07","336680","0.3211","cantharm_audio_spk07.zip","downloads/packages/cantharm_audio_spk07.zip"
"F02074_SPK07.wav","SPK07","332072","0.3167","cantharm_audio_spk07.zip","downloads/packages/cantharm_audio_spk07.zip"
"F02075_SPK07.wav","SPK07","327464","0.3123","cantharm_audio_spk07.zip","downloads/packages/cantharm_audio_spk07.zip"
"F02076_SPK07.wav","SPK07","332072","0.3167","cantharm_audio_spk07.zip","downloads/packages/cantharm_audio_spk07.zip"
"F02077_SPK07.wav","SPK07","465704","0.4441","cantharm_audio_spk07.zip","downloads/packages/cantharm_audio_spk07.zip"
"F02078_SPK07.wav","SPK07","244520","0.2332","cantharm_audio_spk07.zip","downloads/packages/cantharm_audio_spk07.zip"
"F02079_SPK07.wav","SPK07","428840","0.409","cantharm_audio_spk07.zip","downloads/packages/cantharm_audio_spk07.zip"
"F02080_SPK07.wav","SPK07","405800","0.387","cantharm_audio_spk07.zip","downloads/packages/cantharm_audio_spk07.zip"
"F02081_SPK07.wav","SPK07","424232","0.4046","cantharm_audio_spk07.zip","downloads/packages/cantharm_audio_spk07.zip"
"F02082_SPK07.wav","SPK07","424232","0.4046","cantharm_audio_spk07.zip","downloads/packages/cantharm_audio_spk07.zip"
"F02083_SPK07.wav","SPK07","373544","0.3562","cantharm_audio_spk07.zip","downloads/packages/cantharm_audio_spk07.zip"
"F02084_SPK07.wav","SPK07","378152","0.3606","cantharm_audio_spk07.zip","downloads/packages/cantharm_audio_spk07.zip"
"F02085_SPK07.wav","SPK07","309032","0.2947","cantharm_audio_spk07.zip","downloads/packages/cantharm_audio_spk07.zip"
"F02086_SPK07.wav","SPK07","364328","0.3475","cantharm_audio_spk07.zip","downloads/packages/cantharm_audio_spk07.zip"
"F02087_SPK07.wav","SPK07","401192","0.3826","cantharm_audio_spk07.zip","downloads/packages/cantharm_audio_spk07.zip"
"F02088_SPK07.wav","SPK07","391976","0.3738","cantharm_audio_spk07.zip","downloads/packages/cantharm_audio_spk07.zip"
"F02089_SPK07.wav","SPK07","318248","0.3035","cantharm_audio_spk07.zip","downloads/packages/cantharm_audio_spk07.zip"
"F02090_SPK07.wav","SPK07","438056","0.4178","cantharm_audio_spk07.zip","downloads/packages/cantharm_audio_spk07.zip"
"F02091_SPK07.wav","SPK07","221480","0.2112","cantharm_audio_spk07.zip","downloads/packages/cantharm_audio_spk07.zip"
"F02092_SPK07.wav","SPK07","336680","0.3211","cantharm_audio_spk07.zip","downloads/packages/cantharm_audio_spk07.zip"
"F02093_SPK07.wav","SPK07","244520","0.2332","cantharm_audio_spk07.zip","downloads/packages/cantharm_audio_spk07.zip"
"F02094_SPK07.wav","SPK07","539432","0.5144","cantharm_audio_spk07.zip","downloads/packages/cantharm_audio_spk07.zip"
"F02095_SPK07.wav","SPK07","322856","0.3079","cantharm_audio_spk07.zip","downloads/packages/cantharm_audio_spk07.zip"
"F02096_SPK07.wav","SPK07","364328","0.3475","cantharm_audio_spk07.zip","downloads/packages/cantharm_audio_spk07.zip"
"F02097_SPK07.wav","SPK07","350504","0.3343","cantharm_audio_spk07.zip","downloads/packages/cantharm_audio_spk07.zip"
"F02098_SPK07.wav","SPK07","401192","0.3826","cantharm_audio_spk07.zip","downloads/packages/cantharm_audio_spk07.zip"
"F02099_SPK07.wav","SPK07","438056","0.4178","cantharm_audio_spk07.zip","downloads/packages/cantharm_audio_spk07.zip"
"F02100_SPK07.wav","SPK07","272168","0.2596","cantharm_audio_spk07.zip","downloads/packages/cantharm_audio_spk07.zip"
"F02101_SPK07.wav","SPK07","327464","0.3123","cantharm_audio_spk07.zip","downloads/packages/cantharm_audio_spk07.zip"
"F02102_SPK07.wav","SPK07","262952","0.2508","cantharm_audio_spk07.zip","downloads/packages/cantharm_audio_spk07.zip"
"F02103_SPK07.wav","SPK07","341288","0.3255","cantharm_audio_spk07.zip","downloads/packages/cantharm_audio_spk07.zip"
"F02104_SPK09.wav","SPK09","415016","0.3958","cantharm_audio_spk09.zip","downloads/packages/cantharm_audio_spk09.zip"
"F02105_SPK09.wav","SPK09","461096","0.4397","cantharm_audio_spk09.zip","downloads/packages/cantharm_audio_spk09.zip"
"F02106_SPK09.wav","SPK09","419624","0.4002","cantharm_audio_spk09.zip","downloads/packages/cantharm_audio_spk09.zip"
"F02107_SPK09.wav","SPK09","447272","0.4266","cantharm_audio_spk09.zip","downloads/packages/cantharm_audio_spk09.zip"
"F02108_SPK09.wav","SPK09","355112","0.3387","cantharm_audio_spk09.zip","downloads/packages/cantharm_audio_spk09.zip"
"F02109_SPK09.wav","SPK09","336680","0.3211","cantharm_audio_spk09.zip","downloads/packages/cantharm_audio_spk09.zip"
"F02110_SPK09.wav","SPK09","433448","0.4134","cantharm_audio_spk09.zip","downloads/packages/cantharm_audio_spk09.zip"
"F02111_SPK09.wav","SPK09","428840","0.409","cantharm_audio_spk09.zip","downloads/packages/cantharm_audio_spk09.zip"
"F02112_SPK09.wav","SPK09","355112","0.3387","cantharm_audio_spk09.zip","downloads/packages/cantharm_audio_spk09.zip"
"F02113_SPK09.wav","SPK09","332072","0.3167","cantharm_audio_spk09.zip","downloads/packages/cantharm_audio_spk09.zip"
"F02114_SPK09.wav","SPK09","544040","0.5188","cantharm_audio_spk09.zip","downloads/packages/cantharm_audio_spk09.zip"
"F02115_SPK09.wav","SPK09","327464","0.3123","cantharm_audio_spk09.zip","downloads/packages/cantharm_audio_spk09.zip"
"F02116_SPK09.wav","SPK09","442664","0.4222","cantharm_audio_spk09.zip","downloads/packages/cantharm_audio_spk09.zip"
"F02117_SPK09.wav","SPK09","345896","0.3299","cantharm_audio_spk09.zip","downloads/packages/cantharm_audio_spk09.zip"
"F02118_SPK09.wav","SPK09","442664","0.4222","cantharm_audio_spk09.zip","downloads/packages/cantharm_audio_spk09.zip"
"F02119_SPK09.wav","SPK09","378152","0.3606","cantharm_audio_spk09.zip","downloads/packages/cantharm_audio_spk09.zip"
"F02120_SPK09.wav","SPK09","410408","0.3914","cantharm_audio_spk09.zip","downloads/packages/cantharm_audio_spk09.zip"
"F02121_SPK11.wav","SPK11","229476","0.2188","cantharm_audio_spk11.zip","downloads/packages/cantharm_audio_spk11.zip"
"F02122_SPK09.wav","SPK09","355112","0.3387","cantharm_audio_spk09.zip","downloads/packages/cantharm_audio_spk09.zip"
"F02123_SPK09.wav","SPK09","355112","0.3387","cantharm_audio_spk09.zip","downloads/packages/cantharm_audio_spk09.zip"
"F02124_SPK09.wav","SPK09","415016","0.3958","cantharm_audio_spk09.zip","downloads/packages/cantharm_audio_spk09.zip"
"F02125_SPK09.wav","SPK09","497960","0.4749","cantharm_audio_spk09.zip","downloads/packages/cantharm_audio_spk09.zip"
"F02126_SPK10.wav","SPK10","434080","0.414","cantharm_audio_spk10.zip","downloads/packages/cantharm_audio_spk10.zip"
"F02127_SPK09.wav","SPK09","396584","0.3782","cantharm_audio_spk09.zip","downloads/packages/cantharm_audio_spk09.zip"
"F02128_SPK09.wav","SPK09","410408","0.3914","cantharm_audio_spk09.zip","downloads/packages/cantharm_audio_spk09.zip"
"F02129_SPK09.wav","SPK09","442664","0.4222","cantharm_audio_spk09.zip","downloads/packages/cantharm_audio_spk09.zip"
"F02130_SPK09.wav","SPK09","313640","0.2991","cantharm_audio_spk09.zip","downloads/packages/cantharm_audio_spk09.zip"
"F02131_SPK09.wav","SPK09","387368","0.3694","cantharm_audio_spk09.zip","downloads/packages/cantharm_audio_spk09.zip"
"F02132_SPK09.wav","SPK09","345896","0.3299","cantharm_audio_spk09.zip","downloads/packages/cantharm_audio_spk09.zip"
"F02133_SPK09.wav","SPK09","424232","0.4046","cantharm_audio_spk09.zip","downloads/packages/cantharm_audio_spk09.zip"
"F02134_SPK09.wav","SPK09","313640","0.2991","cantharm_audio_spk09.zip","downloads/packages/cantharm_audio_spk09.zip"
"F02135_SPK09.wav","SPK09","350504","0.3343","cantharm_audio_spk09.zip","downloads/packages/cantharm_audio_spk09.zip"
"F02136_SPK09.wav","SPK09","474920","0.4529","cantharm_audio_spk09.zip","downloads/packages/cantharm_audio_spk09.zip"
"F02137_SPK10.wav","SPK10","337060","0.3214","cantharm_audio_spk10.zip","downloads/packages/cantharm_audio_spk10.zip"
"F02138_SPK10.wav","SPK10","395272","0.377","cantharm_audio_spk10.zip","downloads/packages/cantharm_audio_spk10.zip"
"F02139_SPK10.wav","SPK10","356464","0.34","cantharm_audio_spk10.zip","downloads/packages/cantharm_audio_spk10.zip"
"F02140_SPK09.wav","SPK09","290600","0.2771","cantharm_audio_spk09.zip","downloads/packages/cantharm_audio_spk09.zip"
"F02141_SPK09.wav","SPK09","613160","0.5848","cantharm_audio_spk09.zip","downloads/packages/cantharm_audio_spk09.zip"
"F02142_SPK09.wav","SPK09","249128","0.2376","cantharm_audio_spk09.zip","downloads/packages/cantharm_audio_spk09.zip"
"F02143_SPK09.wav","SPK09","447272","0.4266","cantharm_audio_spk09.zip","downloads/packages/cantharm_audio_spk09.zip"
"F02144_SPK09.wav","SPK09","299816","0.2859","cantharm_audio_spk09.zip","downloads/packages/cantharm_audio_spk09.zip"
"F02145_SPK09.wav","SPK09","295208","0.2815","cantharm_audio_spk09.zip","downloads/packages/cantharm_audio_spk09.zip"
"F02146_SPK09.wav","SPK09","378152","0.3606","cantharm_audio_spk09.zip","downloads/packages/cantharm_audio_spk09.zip"
"F02147_SPK10.wav","SPK10","345880","0.3299","cantharm_audio_spk10.zip","downloads/packages/cantharm_audio_spk10.zip"
"F02148_SPK09.wav","SPK09","318248","0.3035","cantharm_audio_spk09.zip","downloads/packages/cantharm_audio_spk09.zip"
"F02149_SPK09.wav","SPK09","368936","0.3518","cantharm_audio_spk09.zip","downloads/packages/cantharm_audio_spk09.zip"
"F02150_SPK09.wav","SPK09","350504","0.3343","cantharm_audio_spk09.zip","downloads/packages/cantharm_audio_spk09.zip"
"F02151_SPK09.wav","SPK09","341288","0.3255","cantharm_audio_spk09.zip","downloads/packages/cantharm_audio_spk09.zip"
"F02152_SPK09.wav","SPK09","396584","0.3782","cantharm_audio_spk09.zip","downloads/packages/cantharm_audio_spk09.zip"
"F02153_SPK09.wav","SPK09","534824","0.51","cantharm_audio_spk09.zip","downloads/packages/cantharm_audio_spk09.zip"
"F02154_SPK09.wav","SPK09","267560","0.2552","cantharm_audio_spk09.zip","downloads/packages/cantharm_audio_spk09.zip"
"F02155_SPK09.wav","SPK09","396584","0.3782","cantharm_audio_spk09.zip","downloads/packages/cantharm_audio_spk09.zip"
"F02156_SPK09.wav","SPK09","405800","0.387","cantharm_audio_spk09.zip","downloads/packages/cantharm_audio_spk09.zip"
"F02157_SPK09.wav","SPK09","336680","0.3211","cantharm_audio_spk09.zip","downloads/packages/cantharm_audio_spk09.zip"
"F02158_SPK09.wav","SPK09","576296","0.5496","cantharm_audio_spk09.zip","downloads/packages/cantharm_audio_spk09.zip"
"F02159_SPK11.wav","SPK11","334214","0.3187","cantharm_audio_spk11.zip","downloads/packages/cantharm_audio_spk11.zip"
"F02160_SPK09.wav","SPK09","341288","0.3255","cantharm_audio_spk09.zip","downloads/packages/cantharm_audio_spk09.zip"
"F02161_SPK09.wav","SPK09","272168","0.2596","cantharm_audio_spk09.zip","downloads/packages/cantharm_audio_spk09.zip"
"F02162_SPK09.wav","SPK09","322856","0.3079","cantharm_audio_spk09.zip","downloads/packages/cantharm_audio_spk09.zip"
"F02163_SPK09.wav","SPK09","313640","0.2991","cantharm_audio_spk09.zip","downloads/packages/cantharm_audio_spk09.zip"
"F02164_SPK09.wav","SPK09","350504","0.3343","cantharm_audio_spk09.zip","downloads/packages/cantharm_audio_spk09.zip"
"F02165_SPK09.wav","SPK09","378152","0.3606","cantharm_audio_spk09.zip","downloads/packages/cantharm_audio_spk09.zip"
"F02166_SPK09.wav","SPK09","391976","0.3738","cantharm_audio_spk09.zip","downloads/packages/cantharm_audio_spk09.zip"
"F02167_SPK09.wav","SPK09","373544","0.3562","cantharm_audio_spk09.zip","downloads/packages/cantharm_audio_spk09.zip"
"F02168_SPK09.wav","SPK09","322856","0.3079","cantharm_audio_spk09.zip","downloads/packages/cantharm_audio_spk09.zip"
"F02169_SPK09.wav","SPK09","239912","0.2288","cantharm_audio_spk09.zip","downloads/packages/cantharm_audio_spk09.zip"
"F02170_SPK09.wav","SPK09","313640","0.2991","cantharm_audio_spk09.zip","downloads/packages/cantharm_audio_spk09.zip"
"F02171_SPK09.wav","SPK09","322856","0.3079","cantharm_audio_spk09.zip","downloads/packages/cantharm_audio_spk09.zip"
"F02172_SPK09.wav","SPK09","355112","0.3387","cantharm_audio_spk09.zip","downloads/packages/cantharm_audio_spk09.zip"
"F02173_SPK09.wav","SPK09","336680","0.3211","cantharm_audio_spk09.zip","downloads/packages/cantharm_audio_spk09.zip"
"F02174_SPK11.wav","SPK11","339976","0.3242","cantharm_audio_spk11.zip","downloads/packages/cantharm_audio_spk11.zip"
"F02175_SPK09.wav","SPK09","599336","0.5716","cantharm_audio_spk09.zip","downloads/packages/cantharm_audio_spk09.zip"
"F02176_SPK09.wav","SPK09","539432","0.5144","cantharm_audio_spk09.zip","downloads/packages/cantharm_audio_spk09.zip"
"F02177_SPK09.wav","SPK09","359720","0.3431","cantharm_audio_spk09.zip","downloads/packages/cantharm_audio_spk09.zip"
"F02178_SPK09.wav","SPK09","442664","0.4222","cantharm_audio_spk09.zip","downloads/packages/cantharm_audio_spk09.zip"
"F02179_SPK09.wav","SPK09","497960","0.4749","cantharm_audio_spk09.zip","downloads/packages/cantharm_audio_spk09.zip"
"F02180_SPK10.wav","SPK10","367048","0.35","cantharm_audio_spk10.zip","downloads/packages/cantharm_audio_spk10.zip"
"F02181_SPK09.wav","SPK09","322856","0.3079","cantharm_audio_spk09.zip","downloads/packages/cantharm_audio_spk09.zip"
"F02182_SPK11.wav","SPK11","330374","0.3151","cantharm_audio_spk11.zip","downloads/packages/cantharm_audio_spk11.zip"
"F02183_SPK10.wav","SPK10","289432","0.276","cantharm_audio_spk10.zip","downloads/packages/cantharm_audio_spk10.zip"
"F02184_SPK11.wav","SPK11","332294","0.3169","cantharm_audio_spk11.zip","downloads/packages/cantharm_audio_spk11.zip"
"F02185_SPK11.wav","SPK11","324616","0.3096","cantharm_audio_spk11.zip","downloads/packages/cantharm_audio_spk11.zip"
"F02186_SPK09.wav","SPK09","276776","0.264","cantharm_audio_spk09.zip","downloads/packages/cantharm_audio_spk09.zip"
"F02187_SPK09.wav","SPK09","290600","0.2771","cantharm_audio_spk09.zip","downloads/packages/cantharm_audio_spk09.zip"
"F02188_SPK09.wav","SPK09","322856","0.3079","cantharm_audio_spk09.zip","downloads/packages/cantharm_audio_spk09.zip"
"F02189_SPK11.wav","SPK11","328456","0.3132","cantharm_audio_spk11.zip","downloads/packages/cantharm_audio_spk11.zip"
"F02190_SPK11.wav","SPK11","330376","0.3151","cantharm_audio_spk11.zip","downloads/packages/cantharm_audio_spk11.zip"
"F02191_SPK11.wav","SPK11","428296","0.4085","cantharm_audio_spk11.zip","downloads/packages/cantharm_audio_spk11.zip"
"F02192_SPK11.wav","SPK11","378376","0.3608","cantharm_audio_spk11.zip","downloads/packages/cantharm_audio_spk11.zip"
"F02193_SPK11.wav","SPK11","426376","0.4066","cantharm_audio_spk11.zip","downloads/packages/cantharm_audio_spk11.zip"
"F02194_SPK11.wav","SPK11","382216","0.3645","cantharm_audio_spk11.zip","downloads/packages/cantharm_audio_spk11.zip"
"F02195_SPK11.wav","SPK11","374536","0.3572","cantharm_audio_spk11.zip","downloads/packages/cantharm_audio_spk11.zip"
"F02196_SPK11.wav","SPK11","451336","0.4304","cantharm_audio_spk11.zip","downloads/packages/cantharm_audio_spk11.zip"
"F02197_SPK09.wav","SPK09","373544","0.3562","cantharm_audio_spk09.zip","downloads/packages/cantharm_audio_spk09.zip"
"F02198_SPK09.wav","SPK09","309032","0.2947","cantharm_audio_spk09.zip","downloads/packages/cantharm_audio_spk09.zip"
"F02199_SPK09.wav","SPK09","336680","0.3211","cantharm_audio_spk09.zip","downloads/packages/cantharm_audio_spk09.zip"
"F02200_SPK09.wav","SPK09","816122","0.7783","cantharm_audio_spk09.zip","downloads/packages/cantharm_audio_spk09.zip"
"F02201_SPK09.wav","SPK09","244520","0.2332","cantharm_audio_spk09.zip","downloads/packages/cantharm_audio_spk09.zip"
"F02202_SPK09.wav","SPK09","184616","0.1761","cantharm_audio_spk09.zip","downloads/packages/cantharm_audio_spk09.zip"
"F02203_SPK09.wav","SPK09","276776","0.264","cantharm_audio_spk09.zip","downloads/packages/cantharm_audio_spk09.zip"
"F02204_SPK09.wav","SPK09","322856","0.3079","cantharm_audio_spk09.zip","downloads/packages/cantharm_audio_spk09.zip"
"F02205_SPK09.wav","SPK09","244520","0.2332","cantharm_audio_spk09.zip","downloads/packages/cantharm_audio_spk09.zip"
"F02206_SPK09.wav","SPK09","295208","0.2815","cantharm_audio_spk09.zip","downloads/packages/cantharm_audio_spk09.zip"
"F02207_SPK09.wav","SPK09","304424","0.2903","cantharm_audio_spk09.zip","downloads/packages/cantharm_audio_spk09.zip"
"F02208_SPK09.wav","SPK09","405800","0.387","cantharm_audio_spk09.zip","downloads/packages/cantharm_audio_spk09.zip"
"F02209_SPK09.wav","SPK09","290600","0.2771","cantharm_audio_spk09.zip","downloads/packages/cantharm_audio_spk09.zip"
"F02210_SPK09.wav","SPK09","396584","0.3782","cantharm_audio_spk09.zip","downloads/packages/cantharm_audio_spk09.zip"
"F02211_SPK09.wav","SPK09","396584","0.3782","cantharm_audio_spk09.zip","downloads/packages/cantharm_audio_spk09.zip"
"F02212_SPK09.wav","SPK09","299816","0.2859","cantharm_audio_spk09.zip","downloads/packages/cantharm_audio_spk09.zip"
"F02213_SPK09.wav","SPK09","336680","0.3211","cantharm_audio_spk09.zip","downloads/packages/cantharm_audio_spk09.zip"
"F02214_SPK09.wav","SPK09","447272","0.4266","cantharm_audio_spk09.zip","downloads/packages/cantharm_audio_spk09.zip"
"F02215_SPK09.wav","SPK09","368936","0.3518","cantharm_audio_spk09.zip","downloads/packages/cantharm_audio_spk09.zip"
"F02216_SPK09.wav","SPK09","368936","0.3518","cantharm_audio_spk09.zip","downloads/packages/cantharm_audio_spk09.zip"
"F02217_SPK09.wav","SPK09","313640","0.2991","cantharm_audio_spk09.zip","downloads/packages/cantharm_audio_spk09.zip"
"F02218_SPK09.wav","SPK09","332072","0.3167","cantharm_audio_spk09.zip","downloads/packages/cantharm_audio_spk09.zip"
"F02219_SPK09.wav","SPK09","511784","0.4881","cantharm_audio_spk09.zip","downloads/packages/cantharm_audio_spk09.zip"
"F02220_SPK09.wav","SPK09","562472","0.5364","cantharm_audio_spk09.zip","downloads/packages/cantharm_audio_spk09.zip"
"F02221_SPK09.wav","SPK09","507176","0.4837","cantharm_audio_spk09.zip","downloads/packages/cantharm_audio_spk09.zip"
"F02222_SPK09.wav","SPK09","313640","0.2991","cantharm_audio_spk09.zip","downloads/packages/cantharm_audio_spk09.zip"
"F02223_SPK09.wav","SPK09","309032","0.2947","cantharm_audio_spk09.zip","downloads/packages/cantharm_audio_spk09.zip"
"F02224_SPK09.wav","SPK09","405800","0.387","cantharm_audio_spk09.zip","downloads/packages/cantharm_audio_spk09.zip"
"F02225_SPK09.wav","SPK09","442664","0.4222","cantharm_audio_spk09.zip","downloads/packages/cantharm_audio_spk09.zip"
"F02226_SPK09.wav","SPK09","410408","0.3914","cantharm_audio_spk09.zip","downloads/packages/cantharm_audio_spk09.zip"
"F02227_SPK09.wav","SPK09","336680","0.3211","cantharm_audio_spk09.zip","downloads/packages/cantharm_audio_spk09.zip"
"F02228_SPK09.wav","SPK09","405800","0.387","cantharm_audio_spk09.zip","downloads/packages/cantharm_audio_spk09.zip"
"F02229_SPK11.wav","SPK11","339976","0.3242","cantharm_audio_spk11.zip","downloads/packages/cantharm_audio_spk11.zip"
"F02230_SPK11.wav","SPK11","332296","0.3169","cantharm_audio_spk11.zip","downloads/packages/cantharm_audio_spk11.zip"
"F02231_SPK11.wav","SPK11","336136","0.3206","cantharm_audio_spk11.zip","downloads/packages/cantharm_audio_spk11.zip"
"F02232_SPK11.wav","SPK11","370696","0.3535","cantharm_audio_spk11.zip","downloads/packages/cantharm_audio_spk11.zip"
"F02233_SPK09.wav","SPK09","207656","0.198","cantharm_audio_spk09.zip","downloads/packages/cantharm_audio_spk09.zip"
"F02234_SPK09.wav","SPK09","309032","0.2947","cantharm_audio_spk09.zip","downloads/packages/cantharm_audio_spk09.zip"
"F02235_SPK09.wav","SPK09","290600","0.2771","cantharm_audio_spk09.zip","downloads/packages/cantharm_audio_spk09.zip"
"F02236_SPK09.wav","SPK09","309032","0.2947","cantharm_audio_spk09.zip","downloads/packages/cantharm_audio_spk09.zip"
"F02237_SPK09.wav","SPK09","355112","0.3387","cantharm_audio_spk09.zip","downloads/packages/cantharm_audio_spk09.zip"
"F02238_SPK09.wav","SPK09","276776","0.264","cantharm_audio_spk09.zip","downloads/packages/cantharm_audio_spk09.zip"
"F02239_SPK09.wav","SPK09","474920","0.4529","cantharm_audio_spk09.zip","downloads/packages/cantharm_audio_spk09.zip"
"F02240_SPK10.wav","SPK10","382924","0.3652","cantharm_audio_spk10.zip","downloads/packages/cantharm_audio_spk10.zip"
"F02241_SPK09.wav","SPK09","299816","0.2859","cantharm_audio_spk09.zip","downloads/packages/cantharm_audio_spk09.zip"
"F02242_SPK10.wav","SPK10","421732","0.4022","cantharm_audio_spk10.zip","downloads/packages/cantharm_audio_spk10.zip"
"F02243_SPK09.wav","SPK09","461096","0.4397","cantharm_audio_spk09.zip","downloads/packages/cantharm_audio_spk09.zip"
"F02244_SPK09.wav","SPK09","382760","0.365","cantharm_audio_spk09.zip","downloads/packages/cantharm_audio_spk09.zip"
"F02245_SPK09.wav","SPK09","401192","0.3826","cantharm_audio_spk09.zip","downloads/packages/cantharm_audio_spk09.zip"
"F02246_SPK01.wav","SPK01","340608","0.3248","cantharm_audio_spk01.zip","downloads/packages/cantharm_audio_spk01.zip"
"F02247_SPK02.wav","SPK02","381160","0.3635","cantharm_audio_spk02.zip","downloads/packages/cantharm_audio_spk02.zip"
"F02248_SPK09.wav","SPK09","309032","0.2947","cantharm_audio_spk09.zip","downloads/packages/cantharm_audio_spk09.zip"
"F02249_SPK04.wav","SPK04","404092","0.3854","cantharm_audio_spk04.zip","downloads/packages/cantharm_audio_spk04.zip"
"F02250_SPK05.wav","SPK05","381160","0.3635","cantharm_audio_spk05.zip","downloads/packages/cantharm_audio_spk05.zip"
"F02251_SPK09.wav","SPK09","391976","0.3738","cantharm_audio_spk09.zip","downloads/packages/cantharm_audio_spk09.zip"
"F02252_SPK09.wav","SPK09","285992","0.2727","cantharm_audio_spk09.zip","downloads/packages/cantharm_audio_spk09.zip"
"F02253_SPK09.wav","SPK09","290600","0.2771","cantharm_audio_spk09.zip","downloads/packages/cantharm_audio_spk09.zip"
"F02254_SPK09.wav","SPK09","451880","0.4309","cantharm_audio_spk09.zip","downloads/packages/cantharm_audio_spk09.zip"
"F02255_SPK09.wav","SPK09","368936","0.3518","cantharm_audio_spk09.zip","downloads/packages/cantharm_audio_spk09.zip"
"F02256_SPK09.wav","SPK09","391976","0.3738","cantharm_audio_spk09.zip","downloads/packages/cantharm_audio_spk09.zip"
"F02257_SPK09.wav","SPK09","332072","0.3167","cantharm_audio_spk09.zip","downloads/packages/cantharm_audio_spk09.zip"
"F02258_SPK09.wav","SPK09","405800","0.387","cantharm_audio_spk09.zip","downloads/packages/cantharm_audio_spk09.zip"
"F02259_SPK09.wav","SPK09","396584","0.3782","cantharm_audio_spk09.zip","downloads/packages/cantharm_audio_spk09.zip"
"F02260_SPK09.wav","SPK09","474920","0.4529","cantharm_audio_spk09.zip","downloads/packages/cantharm_audio_spk09.zip"
"F02261_SPK09.wav","SPK09","461096","0.4397","cantharm_audio_spk09.zip","downloads/packages/cantharm_audio_spk09.zip"
"F02262_SPK09.wav","SPK09","465704","0.4441","cantharm_audio_spk09.zip","downloads/packages/cantharm_audio_spk09.zip"
"F02263_SPK09.wav","SPK09","276776","0.264","cantharm_audio_spk09.zip","downloads/packages/cantharm_audio_spk09.zip"
"F02264_SPK11.wav","SPK11","328456","0.3132","cantharm_audio_spk11.zip","downloads/packages/cantharm_audio_spk11.zip"
"F02265_SPK11.wav","SPK11","704776","0.6721","cantharm_audio_spk11.zip","downloads/packages/cantharm_audio_spk11.zip"
"F02266_SPK09.wav","SPK09","276776","0.264","cantharm_audio_spk09.zip","downloads/packages/cantharm_audio_spk09.zip"
"F02267_SPK09.wav","SPK09","322856","0.3079","cantharm_audio_spk09.zip","downloads/packages/cantharm_audio_spk09.zip"
"F02268_SPK09.wav","SPK09","318248","0.3035","cantharm_audio_spk09.zip","downloads/packages/cantharm_audio_spk09.zip"
"F02269_SPK09.wav","SPK09","295208","0.2815","cantharm_audio_spk09.zip","downloads/packages/cantharm_audio_spk09.zip"
"F02270_SPK09.wav","SPK09","484136","0.4617","cantharm_audio_spk09.zip","downloads/packages/cantharm_audio_spk09.zip"
"F02271_SPK09.wav","SPK09","285992","0.2727","cantharm_audio_spk09.zip","downloads/packages/cantharm_audio_spk09.zip"
"F02272_SPK09.wav","SPK09","345896","0.3299","cantharm_audio_spk09.zip","downloads/packages/cantharm_audio_spk09.zip"
"F02273_SPK09.wav","SPK09","507176","0.4837","cantharm_audio_spk09.zip","downloads/packages/cantharm_audio_spk09.zip"
"F02274_SPK11.wav","SPK11","334216","0.3187","cantharm_audio_spk11.zip","downloads/packages/cantharm_audio_spk11.zip"
"F02275_SPK09.wav","SPK09","419624","0.4002","cantharm_audio_spk09.zip","downloads/packages/cantharm_audio_spk09.zip"
"F02276_SPK09.wav","SPK09","290600","0.2771","cantharm_audio_spk09.zip","downloads/packages/cantharm_audio_spk09.zip"
"F02277_SPK09.wav","SPK09","378152","0.3606","cantharm_audio_spk09.zip","downloads/packages/cantharm_audio_spk09.zip"
"F02278_SPK09.wav","SPK09","484136","0.4617","cantharm_audio_spk09.zip","downloads/packages/cantharm_audio_spk09.zip"
"F02279_SPK10.wav","SPK10","356464","0.34","cantharm_audio_spk10.zip","downloads/packages/cantharm_audio_spk10.zip"
"F02280_SPK11.wav","SPK11","330376","0.3151","cantharm_audio_spk11.zip","downloads/packages/cantharm_audio_spk11.zip"
"F02281_SPK11.wav","SPK11","447496","0.4268","cantharm_audio_spk11.zip","downloads/packages/cantharm_audio_spk11.zip"
"F02283_SPK11.wav","SPK11","374536","0.3572","cantharm_audio_spk11.zip","downloads/packages/cantharm_audio_spk11.zip"
"F02284_SPK11.wav","SPK11","334216","0.3187","cantharm_audio_spk11.zip","downloads/packages/cantharm_audio_spk11.zip"
"F02285_SPK10.wav","SPK10","374104","0.3568","cantharm_audio_spk10.zip","downloads/packages/cantharm_audio_spk10.zip"
"F02286_SPK09.wav","SPK09","355112","0.3387","cantharm_audio_spk09.zip","downloads/packages/cantharm_audio_spk09.zip"
"F02287_SPK09.wav","SPK09","290600","0.2771","cantharm_audio_spk09.zip","downloads/packages/cantharm_audio_spk09.zip"
"F02288_SPK09.wav","SPK09","368936","0.3518","cantharm_audio_spk09.zip","downloads/packages/cantharm_audio_spk09.zip"
"F02289_SPK09.wav","SPK09","244520","0.2332","cantharm_audio_spk09.zip","downloads/packages/cantharm_audio_spk09.zip"
"F02290_SPK09.wav","SPK09","295208","0.2815","cantharm_audio_spk09.zip","downloads/packages/cantharm_audio_spk09.zip"
"F02291_SPK09.wav","SPK09","276776","0.264","cantharm_audio_spk09.zip","downloads/packages/cantharm_audio_spk09.zip"
"F02292_SPK09.wav","SPK09","327464","0.3123","cantharm_audio_spk09.zip","downloads/packages/cantharm_audio_spk09.zip"
"F02293_SPK09.wav","SPK09","336680","0.3211","cantharm_audio_spk09.zip","downloads/packages/cantharm_audio_spk09.zip"
"F02294_SPK09.wav","SPK09","378152","0.3606","cantharm_audio_spk09.zip","downloads/packages/cantharm_audio_spk09.zip"
"F02295_SPK09.wav","SPK09","341288","0.3255","cantharm_audio_spk09.zip","downloads/packages/cantharm_audio_spk09.zip"
"F02296_SPK09.wav","SPK09","341288","0.3255","cantharm_audio_spk09.zip","downloads/packages/cantharm_audio_spk09.zip"
"F02297_SPK09.wav","SPK09","368936","0.3518","cantharm_audio_spk09.zip","downloads/packages/cantharm_audio_spk09.zip"
"F02298_SPK11.wav","SPK11","338056","0.3224","cantharm_audio_spk11.zip","downloads/packages/cantharm_audio_spk11.zip"
"F02299_SPK11.wav","SPK11","470536","0.4487","cantharm_audio_spk11.zip","downloads/packages/cantharm_audio_spk11.zip"
"F02300_SPK11.wav","SPK11","234766","0.2239","cantharm_audio_spk11.zip","downloads/packages/cantharm_audio_spk11.zip"
"F02301_SPK09.wav","SPK09","336680","0.3211","cantharm_audio_spk09.zip","downloads/packages/cantharm_audio_spk09.zip"
"F02302_SPK09.wav","SPK09","345896","0.3299","cantharm_audio_spk09.zip","downloads/packages/cantharm_audio_spk09.zip"
"F02303_SPK09.wav","SPK09","341288","0.3255","cantharm_audio_spk09.zip","downloads/packages/cantharm_audio_spk09.zip"
"F02304_SPK09.wav","SPK09","355112","0.3387","cantharm_audio_spk09.zip","downloads/packages/cantharm_audio_spk09.zip"
"F02305_SPK09.wav","SPK09","350504","0.3343","cantharm_audio_spk09.zip","downloads/packages/cantharm_audio_spk09.zip"
"F02306_SPK09.wav","SPK09","313640","0.2991","cantharm_audio_spk09.zip","downloads/packages/cantharm_audio_spk09.zip"
"F02307_SPK09.wav","SPK09","345896","0.3299","cantharm_audio_spk09.zip","downloads/packages/cantharm_audio_spk09.zip"
"F02308_SPK09.wav","SPK09","373544","0.3562","cantharm_audio_spk09.zip","downloads/packages/cantharm_audio_spk09.zip"
"F02309_SPK09.wav","SPK09","364328","0.3475","cantharm_audio_spk09.zip","downloads/packages/cantharm_audio_spk09.zip"
"F02310_SPK09.wav","SPK09","332072","0.3167","cantharm_audio_spk09.zip","downloads/packages/cantharm_audio_spk09.zip"
"F02311_SPK09.wav","SPK09","345896","0.3299","cantharm_audio_spk09.zip","downloads/packages/cantharm_audio_spk09.zip"
"F02312_SPK09.wav","SPK09","428840","0.409","cantharm_audio_spk09.zip","downloads/packages/cantharm_audio_spk09.zip"
"F02313_SPK11.wav","SPK11","232456","0.2217","cantharm_audio_spk11.zip","downloads/packages/cantharm_audio_spk11.zip"
"F02314_SPK11.wav","SPK11","372616","0.3554","cantharm_audio_spk11.zip","downloads/packages/cantharm_audio_spk11.zip"
"F02315_SPK09.wav","SPK09","299816","0.2859","cantharm_audio_spk09.zip","downloads/packages/cantharm_audio_spk09.zip"
"F02316_SPK09.wav","SPK09","336680","0.3211","cantharm_audio_spk09.zip","downloads/packages/cantharm_audio_spk09.zip"
"F02317_SPK09.wav","SPK09","368936","0.3518","cantharm_audio_spk09.zip","downloads/packages/cantharm_audio_spk09.zip"
"F02318_SPK09.wav","SPK09","373544","0.3562","cantharm_audio_spk09.zip","downloads/packages/cantharm_audio_spk09.zip"
"F02319_SPK11.wav","SPK11","324616","0.3096","cantharm_audio_spk11.zip","downloads/packages/cantharm_audio_spk11.zip"
"F02320_SPK09.wav","SPK09","465704","0.4441","cantharm_audio_spk09.zip","downloads/packages/cantharm_audio_spk09.zip"
"F02321_SPK09.wav","SPK09","345896","0.3299","cantharm_audio_spk09.zip","downloads/packages/cantharm_audio_spk09.zip"
"F02322_SPK09.wav","SPK09","410408","0.3914","cantharm_audio_spk09.zip","downloads/packages/cantharm_audio_spk09.zip"
"F02323_SPK09.wav","SPK09","304424","0.2903","cantharm_audio_spk09.zip","downloads/packages/cantharm_audio_spk09.zip"
"F02324_SPK09.wav","SPK09","332072","0.3167","cantharm_audio_spk09.zip","downloads/packages/cantharm_audio_spk09.zip"
"F02325_SPK09.wav","SPK09","401192","0.3826","cantharm_audio_spk09.zip","downloads/packages/cantharm_audio_spk09.zip"
"F02326_SPK09.wav","SPK09","364328","0.3475","cantharm_audio_spk09.zip","downloads/packages/cantharm_audio_spk09.zip"
"F02327_SPK09.wav","SPK09","391976","0.3738","cantharm_audio_spk09.zip","downloads/packages/cantharm_audio_spk09.zip"
"F02328_SPK09.wav","SPK09","428840","0.409","cantharm_audio_spk09.zip","downloads/packages/cantharm_audio_spk09.zip"
"F02329_SPK09.wav","SPK09","313640","0.2991","cantharm_audio_spk09.zip","downloads/packages/cantharm_audio_spk09.zip"
"F02330A_SPK02.wav","SPK02","370574","0.3534","cantharm_audio_spk02.zip","downloads/packages/cantharm_audio_spk02.zip"
"F02330B_SPK02.wav","SPK02","397034","0.3786","cantharm_audio_spk02.zip","downloads/packages/cantharm_audio_spk02.zip"
"F02331_SPK09.wav","SPK09","336680","0.3211","cantharm_audio_spk09.zip","downloads/packages/cantharm_audio_spk09.zip"
"F02332_SPK09.wav","SPK09","313640","0.2991","cantharm_audio_spk09.zip","downloads/packages/cantharm_audio_spk09.zip"
"F02333_SPK09.wav","SPK09","345896","0.3299","cantharm_audio_spk09.zip","downloads/packages/cantharm_audio_spk09.zip"
"F02334_SPK09.wav","SPK09","364328","0.3475","cantharm_audio_spk09.zip","downloads/packages/cantharm_audio_spk09.zip"
"F02335_SPK09.wav","SPK09","336680","0.3211","cantharm_audio_spk09.zip","downloads/packages/cantharm_audio_spk09.zip"
"F02336_SPK09.wav","SPK09","309032","0.2947","cantharm_audio_spk09.zip","downloads/packages/cantharm_audio_spk09.zip"
"F02337_SPK09.wav","SPK09","410408","0.3914","cantharm_audio_spk09.zip","downloads/packages/cantharm_audio_spk09.zip"
"F02338_SPK11.wav","SPK11","316936","0.3023","cantharm_audio_spk11.zip","downloads/packages/cantharm_audio_spk11.zip"
"F02339_SPK09.wav","SPK09","438056","0.4178","cantharm_audio_spk09.zip","downloads/packages/cantharm_audio_spk09.zip"
"F02340_SPK09.wav","SPK09","322856","0.3079","cantharm_audio_spk09.zip","downloads/packages/cantharm_audio_spk09.zip"
"F02341_SPK09.wav","SPK09","332072","0.3167","cantharm_audio_spk09.zip","downloads/packages/cantharm_audio_spk09.zip"
"F02342_SPK09.wav","SPK09","345896","0.3299","cantharm_audio_spk09.zip","downloads/packages/cantharm_audio_spk09.zip"
"F02343_SPK09.wav","SPK09","373544","0.3562","cantharm_audio_spk09.zip","downloads/packages/cantharm_audio_spk09.zip"
"F02344_SPK09.wav","SPK09","382760","0.365","cantharm_audio_spk09.zip","downloads/packages/cantharm_audio_spk09.zip"
"F02345_SPK09.wav","SPK09","391976","0.3738","cantharm_audio_spk09.zip","downloads/packages/cantharm_audio_spk09.zip"
"F02346_SPK09.wav","SPK09","419624","0.4002","cantharm_audio_spk09.zip","downloads/packages/cantharm_audio_spk09.zip"
"F02347_SPK09.wav","SPK09","359720","0.3431","cantharm_audio_spk09.zip","downloads/packages/cantharm_audio_spk09.zip"
"F02348_SPK09.wav","SPK09","387368","0.3694","cantharm_audio_spk09.zip","downloads/packages/cantharm_audio_spk09.zip"
"F02349_SPK09.wav","SPK09","668634","0.6377","cantharm_audio_spk09.zip","downloads/packages/cantharm_audio_spk09.zip"
"F02350_SPK10.wav","SPK10","349408","0.3332","cantharm_audio_spk10.zip","downloads/packages/cantharm_audio_spk10.zip"
"F02351_SPK09.wav","SPK09","350504","0.3343","cantharm_audio_spk09.zip","downloads/packages/cantharm_audio_spk09.zip"
"F02352_SPK09.wav","SPK09","355112","0.3387","cantharm_audio_spk09.zip","downloads/packages/cantharm_audio_spk09.zip"
"F02353_SPK09.wav","SPK09","345896","0.3299","cantharm_audio_spk09.zip","downloads/packages/cantharm_audio_spk09.zip"
"F02354_SPK09.wav","SPK09","378152","0.3606","cantharm_audio_spk09.zip","downloads/packages/cantharm_audio_spk09.zip"
"F02355_SPK09.wav","SPK09","428840","0.409","cantharm_audio_spk09.zip","downloads/packages/cantharm_audio_spk09.zip"
"F02356_SPK09.wav","SPK09","424232","0.4046","cantharm_audio_spk09.zip","downloads/packages/cantharm_audio_spk09.zip"
"F02357_SPK11.wav","SPK11","318856","0.3041","cantharm_audio_spk11.zip","downloads/packages/cantharm_audio_spk11.zip"
"F02358_SPK11.wav","SPK11","322696","0.3077","cantharm_audio_spk11.zip","downloads/packages/cantharm_audio_spk11.zip"
"F02359_SPK09.wav","SPK09","391976","0.3738","cantharm_audio_spk09.zip","downloads/packages/cantharm_audio_spk09.zip"
"F02360_SPK09.wav","SPK09","419624","0.4002","cantharm_audio_spk09.zip","downloads/packages/cantharm_audio_spk09.zip"
"F02361_SPK09.wav","SPK09","438056","0.4178","cantharm_audio_spk09.zip","downloads/packages/cantharm_audio_spk09.zip"
"F02362_SPK09.wav","SPK09","405800","0.387","cantharm_audio_spk09.zip","downloads/packages/cantharm_audio_spk09.zip"
"F02363_SPK09.wav","SPK09","322856","0.3079","cantharm_audio_spk09.zip","downloads/packages/cantharm_audio_spk09.zip"
"F02364_SPK09.wav","SPK09","415016","0.3958","cantharm_audio_spk09.zip","downloads/packages/cantharm_audio_spk09.zip"
"F02365_SPK09.wav","SPK09","309032","0.2947","cantharm_audio_spk09.zip","downloads/packages/cantharm_audio_spk09.zip"
"F02366_SPK09.wav","SPK09","373544","0.3562","cantharm_audio_spk09.zip","downloads/packages/cantharm_audio_spk09.zip"
"F02367_SPK09.wav","SPK09","405800","0.387","cantharm_audio_spk09.zip","downloads/packages/cantharm_audio_spk09.zip"
"F02368_SPK09.wav","SPK09","322856","0.3079","cantharm_audio_spk09.zip","downloads/packages/cantharm_audio_spk09.zip"
"F02369_SPK11.wav","SPK11","330376","0.3151","cantharm_audio_spk11.zip","downloads/packages/cantharm_audio_spk11.zip"
"F02370_SPK11.wav","SPK11","351562","0.3353","cantharm_audio_spk11.zip","downloads/packages/cantharm_audio_spk11.zip"
"F02371_SPK11.wav","SPK11","516616","0.4927","cantharm_audio_spk11.zip","downloads/packages/cantharm_audio_spk11.zip"
"F02372_SPK09.wav","SPK09","322856","0.3079","cantharm_audio_spk09.zip","downloads/packages/cantharm_audio_spk09.zip"
"F02373_SPK09.wav","SPK09","511784","0.4881","cantharm_audio_spk09.zip","downloads/packages/cantharm_audio_spk09.zip"
"F02374_SPK09.wav","SPK09","456488","0.4353","cantharm_audio_spk09.zip","downloads/packages/cantharm_audio_spk09.zip"
"F02375_SPK09.wav","SPK09","382760","0.365","cantharm_audio_spk09.zip","downloads/packages/cantharm_audio_spk09.zip"
"F02376_SPK09.wav","SPK09","368936","0.3518","cantharm_audio_spk09.zip","downloads/packages/cantharm_audio_spk09.zip"
"F02377_SPK09.wav","SPK09","405800","0.387","cantharm_audio_spk09.zip","downloads/packages/cantharm_audio_spk09.zip"
"F02378_SPK11.wav","SPK11","315016","0.3004","cantharm_audio_spk11.zip","downloads/packages/cantharm_audio_spk11.zip"
"F02379_SPK09.wav","SPK09","447272","0.4266","cantharm_audio_spk09.zip","downloads/packages/cantharm_audio_spk09.zip"
"F02380_SPK09.wav","SPK09","313640","0.2991","cantharm_audio_spk09.zip","downloads/packages/cantharm_audio_spk09.zip"
"F02381_SPK09.wav","SPK09","355112","0.3387","cantharm_audio_spk09.zip","downloads/packages/cantharm_audio_spk09.zip"
"F02382_SPK09.wav","SPK09","387368","0.3694","cantharm_audio_spk09.zip","downloads/packages/cantharm_audio_spk09.zip"
"F02383_SPK09.wav","SPK09","474920","0.4529","cantharm_audio_spk09.zip","downloads/packages/cantharm_audio_spk09.zip"
"F02384_SPK09.wav","SPK09","332072","0.3167","cantharm_audio_spk09.zip","downloads/packages/cantharm_audio_spk09.zip"
"F02385_SPK09.wav","SPK09","281384","0.2683","cantharm_audio_spk09.zip","downloads/packages/cantharm_audio_spk09.zip"
"F02386_SPK09.wav","SPK09","465704","0.4441","cantharm_audio_spk09.zip","downloads/packages/cantharm_audio_spk09.zip"
"F02387_SPK09.wav","SPK09","474920","0.4529","cantharm_audio_spk09.zip","downloads/packages/cantharm_audio_spk09.zip"
"F02388_SPK09.wav","SPK09","488744","0.4661","cantharm_audio_spk09.zip","downloads/packages/cantharm_audio_spk09.zip"
"F02389_SPK09.wav","SPK09","553256","0.5276","cantharm_audio_spk09.zip","downloads/packages/cantharm_audio_spk09.zip"
"F02390A_SPK09.wav","SPK09","152490","0.1454","cantharm_audio_spk09.zip","downloads/packages/cantharm_audio_spk09.zip"
"F02390B_SPK03.wav","SPK03","435842","0.4157","cantharm_audio_spk03.zip","downloads/packages/cantharm_audio_spk03.zip"
"F02391_SPK09.wav","SPK09","299816","0.2859","cantharm_audio_spk09.zip","downloads/packages/cantharm_audio_spk09.zip"
"F02392_SPK09.wav","SPK09","290600","0.2771","cantharm_audio_spk09.zip","downloads/packages/cantharm_audio_spk09.zip"
"F02393_SPK09.wav","SPK09","387368","0.3694","cantharm_audio_spk09.zip","downloads/packages/cantharm_audio_spk09.zip"
"F02394A_SPK09.wav","SPK09","246794","0.2354","cantharm_audio_spk09.zip","downloads/packages/cantharm_audio_spk09.zip"
"F02394B_SPK04.wav","SPK04","495818","0.4728","cantharm_audio_spk04.zip","downloads/packages/cantharm_audio_spk04.zip"
"F02395A_SPK05.wav","SPK05","345878","0.3299","cantharm_audio_spk05.zip","downloads/packages/cantharm_audio_spk05.zip"
"F02395B_SPK05.wav","SPK05","361756","0.345","cantharm_audio_spk05.zip","downloads/packages/cantharm_audio_spk05.zip"
"F02396A_SPK09.wav","SPK09","203730","0.1943","cantharm_audio_spk09.zip","downloads/packages/cantharm_audio_spk09.zip"
"F02396B_SPK09.wav","SPK09","223940","0.2136","cantharm_audio_spk09.zip","downloads/packages/cantharm_audio_spk09.zip"
"F02397_SPK09.wav","SPK09","451880","0.4309","cantharm_audio_spk09.zip","downloads/packages/cantharm_audio_spk09.zip"
"F02398_SPK09.wav","SPK09","401192","0.3826","cantharm_audio_spk09.zip","downloads/packages/cantharm_audio_spk09.zip"
"F02399_SPK09.wav","SPK09","396584","0.3782","cantharm_audio_spk09.zip","downloads/packages/cantharm_audio_spk09.zip"
"F02400_SPK09.wav","SPK09","401192","0.3826","cantharm_audio_spk09.zip","downloads/packages/cantharm_audio_spk09.zip"
"F02401_SPK09.wav","SPK09","419624","0.4002","cantharm_audio_spk09.zip","downloads/packages/cantharm_audio_spk09.zip"
"F02402_SPK09.wav","SPK09","415016","0.3958","cantharm_audio_spk09.zip","downloads/packages/cantharm_audio_spk09.zip"
"F02403_SPK11.wav","SPK11","366856","0.3499","cantharm_audio_spk11.zip","downloads/packages/cantharm_audio_spk11.zip"
"F02404_SPK09.wav","SPK09","405800","0.387","cantharm_audio_spk09.zip","downloads/packages/cantharm_audio_spk09.zip"
"F02405_SPK11.wav","SPK11","376456","0.359","cantharm_audio_spk11.zip","downloads/packages/cantharm_audio_spk11.zip"
"F02406_SPK09.wav","SPK09","474920","0.4529","cantharm_audio_spk09.zip","downloads/packages/cantharm_audio_spk09.zip"
"F02407_SPK09.wav","SPK09","281384","0.2683","cantharm_audio_spk09.zip","downloads/packages/cantharm_audio_spk09.zip"
"F02408_SPK09.wav","SPK09","428840","0.409","cantharm_audio_spk09.zip","downloads/packages/cantharm_audio_spk09.zip"
"F02409_SPK09.wav","SPK09","368936","0.3518","cantharm_audio_spk09.zip","downloads/packages/cantharm_audio_spk09.zip"
"F02410_SPK09.wav","SPK09","479528","0.4573","cantharm_audio_spk09.zip","downloads/packages/cantharm_audio_spk09.zip"
"F02411_SPK11.wav","SPK11","370696","0.3535","cantharm_audio_spk11.zip","downloads/packages/cantharm_audio_spk11.zip"
"F02412_SPK09.wav","SPK09","313640","0.2991","cantharm_audio_spk09.zip","downloads/packages/cantharm_audio_spk09.zip"
"F02413_SPK11.wav","SPK11","424456","0.4048","cantharm_audio_spk11.zip","downloads/packages/cantharm_audio_spk11.zip"
"F02414_SPK11.wav","SPK11","487816","0.4652","cantharm_audio_spk11.zip","downloads/packages/cantharm_audio_spk11.zip"
"F02415_SPK10.wav","SPK10","516988","0.493","cantharm_audio_spk10.zip","downloads/packages/cantharm_audio_spk10.zip"
"F02416_SPK09.wav","SPK09","387368","0.3694","cantharm_audio_spk09.zip","downloads/packages/cantharm_audio_spk09.zip"
"F02417_SPK09.wav","SPK09","299816","0.2859","cantharm_audio_spk09.zip","downloads/packages/cantharm_audio_spk09.zip"
"F02418_SPK09.wav","SPK09","295208","0.2815","cantharm_audio_spk09.zip","downloads/packages/cantharm_audio_spk09.zip"
"F02419_SPK11.wav","SPK11","349576","0.3334","cantharm_audio_spk11.zip","downloads/packages/cantharm_audio_spk11.zip"
"F02420_SPK11.wav","SPK11","411016","0.392","cantharm_audio_spk11.zip","downloads/packages/cantharm_audio_spk11.zip"
"F02421_SPK09.wav","SPK09","309032","0.2947","cantharm_audio_spk09.zip","downloads/packages/cantharm_audio_spk09.zip"
"F02422_SPK09.wav","SPK09","368936","0.3518","cantharm_audio_spk09.zip","downloads/packages/cantharm_audio_spk09.zip"
"F02423_SPK09.wav","SPK09","341288","0.3255","cantharm_audio_spk09.zip","downloads/packages/cantharm_audio_spk09.zip"
"F02424_SPK09.wav","SPK09","327464","0.3123","cantharm_audio_spk09.zip","downloads/packages/cantharm_audio_spk09.zip"
"F02425_SPK09.wav","SPK09","396584","0.3782","cantharm_audio_spk09.zip","downloads/packages/cantharm_audio_spk09.zip"
"F02426_SPK09.wav","SPK09","262952","0.2508","cantharm_audio_spk09.zip","downloads/packages/cantharm_audio_spk09.zip"
"F02427_SPK09.wav","SPK09","285992","0.2727","cantharm_audio_spk09.zip","downloads/packages/cantharm_audio_spk09.zip"
"F02428_SPK09.wav","SPK09","456488","0.4353","cantharm_audio_spk09.zip","downloads/packages/cantharm_audio_spk09.zip"
"F02429_SPK11.wav","SPK11","349576","0.3334","cantharm_audio_spk11.zip","downloads/packages/cantharm_audio_spk11.zip"
"F02430_SPK09.wav","SPK09","484136","0.4617","cantharm_audio_spk09.zip","downloads/packages/cantharm_audio_spk09.zip"
"F02431_SPK09.wav","SPK09","318248","0.3035","cantharm_audio_spk09.zip","downloads/packages/cantharm_audio_spk09.zip"
"F02432_SPK09.wav","SPK09","368936","0.3518","cantharm_audio_spk09.zip","downloads/packages/cantharm_audio_spk09.zip"
"F02433_SPK11.wav","SPK11","387976","0.37","cantharm_audio_spk11.zip","downloads/packages/cantharm_audio_spk11.zip"
"F02434_SPK09.wav","SPK09","428840","0.409","cantharm_audio_spk09.zip","downloads/packages/cantharm_audio_spk09.zip"
"F02435_SPK11.wav","SPK11","399496","0.381","cantharm_audio_spk11.zip","downloads/packages/cantharm_audio_spk11.zip"
"F02436_SPK09.wav","SPK09","332072","0.3167","cantharm_audio_spk09.zip","downloads/packages/cantharm_audio_spk09.zip"
"F02437_SPK09.wav","SPK09","378152","0.3606","cantharm_audio_spk09.zip","downloads/packages/cantharm_audio_spk09.zip"
"F02438_SPK09.wav","SPK09","364328","0.3475","cantharm_audio_spk09.zip","downloads/packages/cantharm_audio_spk09.zip"
"F02439_SPK09.wav","SPK09","382760","0.365","cantharm_audio_spk09.zip","downloads/packages/cantharm_audio_spk09.zip"
"F02440_SPK09.wav","SPK09","290600","0.2771","cantharm_audio_spk09.zip","downloads/packages/cantharm_audio_spk09.zip"
"F02441_SPK09.wav","SPK09","359720","0.3431","cantharm_audio_spk09.zip","downloads/packages/cantharm_audio_spk09.zip"
"F02442_SPK09.wav","SPK09","355112","0.3387","cantharm_audio_spk09.zip","downloads/packages/cantharm_audio_spk09.zip"
"F02443_SPK09.wav","SPK09","267560","0.2552","cantharm_audio_spk09.zip","downloads/packages/cantharm_audio_spk09.zip"
"F02444_SPK11.wav","SPK11","316936","0.3023","cantharm_audio_spk11.zip","downloads/packages/cantharm_audio_spk11.zip"
"F02445_SPK09.wav","SPK09","368936","0.3518","cantharm_audio_spk09.zip","downloads/packages/cantharm_audio_spk09.zip"
"F02446_SPK11.wav","SPK11","370696","0.3535","cantharm_audio_spk11.zip","downloads/packages/cantharm_audio_spk11.zip"
"F02447_SPK09.wav","SPK09","364328","0.3475","cantharm_audio_spk09.zip","downloads/packages/cantharm_audio_spk09.zip"
"F02448_SPK11.wav","SPK11","326536","0.3114","cantharm_audio_spk11.zip","downloads/packages/cantharm_audio_spk11.zip"
"F02449_SPK09.wav","SPK09","290600","0.2771","cantharm_audio_spk09.zip","downloads/packages/cantharm_audio_spk09.zip"
"F02450_SPK09.wav","SPK09","368936","0.3518","cantharm_audio_spk09.zip","downloads/packages/cantharm_audio_spk09.zip"
"F02451_SPK09.wav","SPK09","364328","0.3475","cantharm_audio_spk09.zip","downloads/packages/cantharm_audio_spk09.zip"
"F02452_SPK09.wav","SPK09","368936","0.3518","cantharm_audio_spk09.zip","downloads/packages/cantharm_audio_spk09.zip"
"F02453_SPK09.wav","SPK09","391976","0.3738","cantharm_audio_spk09.zip","downloads/packages/cantharm_audio_spk09.zip"
"F02454_SPK09.wav","SPK09","332072","0.3167","cantharm_audio_spk09.zip","downloads/packages/cantharm_audio_spk09.zip"
"F02455_SPK10.wav","SPK10","351172","0.3349","cantharm_audio_spk10.zip","downloads/packages/cantharm_audio_spk10.zip"
"F02456_SPK09.wav","SPK09","364328","0.3475","cantharm_audio_spk09.zip","downloads/packages/cantharm_audio_spk09.zip"
"F02457_SPK09.wav","SPK09","428840","0.409","cantharm_audio_spk09.zip","downloads/packages/cantharm_audio_spk09.zip"
"F02458_SPK10.wav","SPK10","423496","0.4039","cantharm_audio_spk10.zip","downloads/packages/cantharm_audio_spk10.zip"
"F02459_SPK09.wav","SPK09","336680","0.3211","cantharm_audio_spk09.zip","downloads/packages/cantharm_audio_spk09.zip"
"F02460_SPK09.wav","SPK09","497960","0.4749","cantharm_audio_spk09.zip","downloads/packages/cantharm_audio_spk09.zip"
"F02461_SPK09.wav","SPK09","424232","0.4046","cantharm_audio_spk09.zip","downloads/packages/cantharm_audio_spk09.zip"
"F02462_SPK09.wav","SPK09","461096","0.4397","cantharm_audio_spk09.zip","downloads/packages/cantharm_audio_spk09.zip"
"F02463_SPK11.wav","SPK11","370696","0.3535","cantharm_audio_spk11.zip","downloads/packages/cantharm_audio_spk11.zip"
"F02464_SPK09.wav","SPK09","327464","0.3123","cantharm_audio_spk09.zip","downloads/packages/cantharm_audio_spk09.zip"
"F02465_SPK09.wav","SPK09","391976","0.3738","cantharm_audio_spk09.zip","downloads/packages/cantharm_audio_spk09.zip"
"F02466_SPK11.wav","SPK11","338056","0.3224","cantharm_audio_spk11.zip","downloads/packages/cantharm_audio_spk11.zip"
"F02467_SPK09.wav","SPK09","364328","0.3475","cantharm_audio_spk09.zip","downloads/packages/cantharm_audio_spk09.zip"
"F02468_SPK09.wav","SPK09","405800","0.387","cantharm_audio_spk09.zip","downloads/packages/cantharm_audio_spk09.zip"
"F02469_SPK09.wav","SPK09","511784","0.4881","cantharm_audio_spk09.zip","downloads/packages/cantharm_audio_spk09.zip"
"F02470_SPK11.wav","SPK11","489736","0.467","cantharm_audio_spk11.zip","downloads/packages/cantharm_audio_spk11.zip"
"F02471_SPK09.wav","SPK09","304424","0.2903","cantharm_audio_spk09.zip","downloads/packages/cantharm_audio_spk09.zip"
"F02472_SPK09.wav","SPK09","345896","0.3299","cantharm_audio_spk09.zip","downloads/packages/cantharm_audio_spk09.zip"
"F02473_SPK09.wav","SPK09","285992","0.2727","cantharm_audio_spk09.zip","downloads/packages/cantharm_audio_spk09.zip"
"F02474_SPK09.wav","SPK09","497960","0.4749","cantharm_audio_spk09.zip","downloads/packages/cantharm_audio_spk09.zip"
"F02475_SPK09.wav","SPK09","557864","0.532","cantharm_audio_spk09.zip","downloads/packages/cantharm_audio_spk09.zip"
"F02476A_SPK09.wav","SPK09","368832","0.3517","cantharm_audio_spk09.zip","downloads/packages/cantharm_audio_spk09.zip"
"F02476B_SPK09.wav","SPK09","374124","0.3568","cantharm_audio_spk09.zip","downloads/packages/cantharm_audio_spk09.zip"
"F02476C_SPK09.wav","SPK09","414696","0.3955","cantharm_audio_spk09.zip","downloads/packages/cantharm_audio_spk09.zip"
"F02477_SPK09.wav","SPK09","345896","0.3299","cantharm_audio_spk09.zip","downloads/packages/cantharm_audio_spk09.zip"
"F02478_SPK09.wav","SPK09","530216","0.5057","cantharm_audio_spk09.zip","downloads/packages/cantharm_audio_spk09.zip"
"F02479_SPK09.wav","SPK09","373544","0.3562","cantharm_audio_spk09.zip","downloads/packages/cantharm_audio_spk09.zip"
"F02480_SPK09.wav","SPK09","456488","0.4353","cantharm_audio_spk09.zip","downloads/packages/cantharm_audio_spk09.zip"
"F02481_SPK09.wav","SPK09","405800","0.387","cantharm_audio_spk09.zip","downloads/packages/cantharm_audio_spk09.zip"
"F02482_SPK09.wav","SPK09","359720","0.3431","cantharm_audio_spk09.zip","downloads/packages/cantharm_audio_spk09.zip"
"F02483_SPK09.wav","SPK09","438056","0.4178","cantharm_audio_spk09.zip","downloads/packages/cantharm_audio_spk09.zip"
"F02484_SPK11.wav","SPK11","380296","0.3627","cantharm_audio_spk11.zip","downloads/packages/cantharm_audio_spk11.zip"
"F02485_SPK09.wav","SPK09","447272","0.4266","cantharm_audio_spk09.zip","downloads/packages/cantharm_audio_spk09.zip"
"F02486_SPK09.wav","SPK09","415016","0.3958","cantharm_audio_spk09.zip","downloads/packages/cantharm_audio_spk09.zip"
"F02487_SPK09.wav","SPK09","451880","0.4309","cantharm_audio_spk09.zip","downloads/packages/cantharm_audio_spk09.zip"
"F02488_SPK09.wav","SPK09","332072","0.3167","cantharm_audio_spk09.zip","downloads/packages/cantharm_audio_spk09.zip"
"F02489_SPK09.wav","SPK09","322856","0.3079","cantharm_audio_spk09.zip","downloads/packages/cantharm_audio_spk09.zip"
"F02490_SPK09.wav","SPK09","626984","0.5979","cantharm_audio_spk09.zip","downloads/packages/cantharm_audio_spk09.zip"
"F02491_SPK11.wav","SPK11","372616","0.3554","cantharm_audio_spk11.zip","downloads/packages/cantharm_audio_spk11.zip"
"F02492_SPK09.wav","SPK09","322856","0.3079","cantharm_audio_spk09.zip","downloads/packages/cantharm_audio_spk09.zip"
"F02493_SPK09.wav","SPK09","391976","0.3738","cantharm_audio_spk09.zip","downloads/packages/cantharm_audio_spk09.zip"
"F02494_SPK09.wav","SPK09","327464","0.3123","cantharm_audio_spk09.zip","downloads/packages/cantharm_audio_spk09.zip"
"F02495_SPK09.wav","SPK09","309032","0.2947","cantharm_audio_spk09.zip","downloads/packages/cantharm_audio_spk09.zip"
"F02496_SPK09.wav","SPK09","364328","0.3475","cantharm_audio_spk09.zip","downloads/packages/cantharm_audio_spk09.zip"
"F02497_SPK09.wav","SPK09","428840","0.409","cantharm_audio_spk09.zip","downloads/packages/cantharm_audio_spk09.zip"
"F02498_SPK09.wav","SPK09","350504","0.3343","cantharm_audio_spk09.zip","downloads/packages/cantharm_audio_spk09.zip"
"F02499_SPK09.wav","SPK09","484136","0.4617","cantharm_audio_spk09.zip","downloads/packages/cantharm_audio_spk09.zip"
"F02500_SPK09.wav","SPK09","525608","0.5013","cantharm_audio_spk09.zip","downloads/packages/cantharm_audio_spk09.zip"
"F02501_SPK09.wav","SPK09","285992","0.2727","cantharm_audio_spk09.zip","downloads/packages/cantharm_audio_spk09.zip"
"F02502_SPK09.wav","SPK09","313640","0.2991","cantharm_audio_spk09.zip","downloads/packages/cantharm_audio_spk09.zip"
"F02503_SPK09.wav","SPK09","221480","0.2112","cantharm_audio_spk09.zip","downloads/packages/cantharm_audio_spk09.zip"
"F02504_SPK09.wav","SPK09","253736","0.242","cantharm_audio_spk09.zip","downloads/packages/cantharm_audio_spk09.zip"
"F02505_SPK10.wav","SPK10","391744","0.3736","cantharm_audio_spk10.zip","downloads/packages/cantharm_audio_spk10.zip"
"F02506_SPK09.wav","SPK09","281384","0.2683","cantharm_audio_spk09.zip","downloads/packages/cantharm_audio_spk09.zip"
"F02507_SPK09.wav","SPK09","244520","0.2332","cantharm_audio_spk09.zip","downloads/packages/cantharm_audio_spk09.zip"
"F02508_SPK09.wav","SPK09","428840","0.409","cantharm_audio_spk09.zip","downloads/packages/cantharm_audio_spk09.zip"
"F02509_SPK09.wav","SPK09","391976","0.3738","cantharm_audio_spk09.zip","downloads/packages/cantharm_audio_spk09.zip"
"F02510_SPK09.wav","SPK09","327464","0.3123","cantharm_audio_spk09.zip","downloads/packages/cantharm_audio_spk09.zip"
"F02511_SPK09.wav","SPK09","216872","0.2068","cantharm_audio_spk09.zip","downloads/packages/cantharm_audio_spk09.zip"
"F02512_SPK09.wav","SPK09","313640","0.2991","cantharm_audio_spk09.zip","downloads/packages/cantharm_audio_spk09.zip"
"F02513_SPK09.wav","SPK09","355112","0.3387","cantharm_audio_spk09.zip","downloads/packages/cantharm_audio_spk09.zip"
"F02514_SPK09.wav","SPK09","290600","0.2771","cantharm_audio_spk09.zip","downloads/packages/cantharm_audio_spk09.zip"
"F02515_SPK09.wav","SPK09","359720","0.3431","cantharm_audio_spk09.zip","downloads/packages/cantharm_audio_spk09.zip"
"F02516_SPK09.wav","SPK09","590120","0.5628","cantharm_audio_spk09.zip","downloads/packages/cantharm_audio_spk09.zip"
"F02517_SPK09.wav","SPK09","313640","0.2991","cantharm_audio_spk09.zip","downloads/packages/cantharm_audio_spk09.zip"
"F02518_SPK09.wav","SPK09","327464","0.3123","cantharm_audio_spk09.zip","downloads/packages/cantharm_audio_spk09.zip"
"F02519_SPK09.wav","SPK09","396584","0.3782","cantharm_audio_spk09.zip","downloads/packages/cantharm_audio_spk09.zip"
"F02520_SPK09.wav","SPK09","309032","0.2947","cantharm_audio_spk09.zip","downloads/packages/cantharm_audio_spk09.zip"
"F02521_SPK09.wav","SPK09","332072","0.3167","cantharm_audio_spk09.zip","downloads/packages/cantharm_audio_spk09.zip"
"F02522_SPK09.wav","SPK09","341288","0.3255","cantharm_audio_spk09.zip","downloads/packages/cantharm_audio_spk09.zip"
"F02523_SPK09.wav","SPK09","341288","0.3255","cantharm_audio_spk09.zip","downloads/packages/cantharm_audio_spk09.zip"
"F02524_SPK09.wav","SPK09","253736","0.242","cantharm_audio_spk09.zip","downloads/packages/cantharm_audio_spk09.zip"
"F02525_SPK09.wav","SPK09","438056","0.4178","cantharm_audio_spk09.zip","downloads/packages/cantharm_audio_spk09.zip"
"F02526_SPK09.wav","SPK09","447272","0.4266","cantharm_audio_spk09.zip","downloads/packages/cantharm_audio_spk09.zip"
"F02527_SPK09.wav","SPK09","364328","0.3475","cantharm_audio_spk09.zip","downloads/packages/cantharm_audio_spk09.zip"
"F02528_SPK09.wav","SPK09","493352","0.4705","cantharm_audio_spk09.zip","downloads/packages/cantharm_audio_spk09.zip"
"F02529_SPK09.wav","SPK09","382760","0.365","cantharm_audio_spk09.zip","downloads/packages/cantharm_audio_spk09.zip"
"F02530_SPK11.wav","SPK11","359176","0.3425","cantharm_audio_spk11.zip","downloads/packages/cantharm_audio_spk11.zip"
"F02531_SPK09.wav","SPK09","299816","0.2859","cantharm_audio_spk09.zip","downloads/packages/cantharm_audio_spk09.zip"
"F02532_SPK09.wav","SPK09","359720","0.3431","cantharm_audio_spk09.zip","downloads/packages/cantharm_audio_spk09.zip"
"F02533_SPK09.wav","SPK09","525608","0.5013","cantharm_audio_spk09.zip","downloads/packages/cantharm_audio_spk09.zip"
"F02534_SPK09.wav","SPK09","488744","0.4661","cantharm_audio_spk09.zip","downloads/packages/cantharm_audio_spk09.zip"
"F02535_SPK09.wav","SPK09","456488","0.4353","cantharm_audio_spk09.zip","downloads/packages/cantharm_audio_spk09.zip"
"F02536_SPK09.wav","SPK09","488744","0.4661","cantharm_audio_spk09.zip","downloads/packages/cantharm_audio_spk09.zip"
"F02537_SPK09.wav","SPK09","405800","0.387","cantharm_audio_spk09.zip","downloads/packages/cantharm_audio_spk09.zip"
"F02538_SPK09.wav","SPK09","654632","0.6243","cantharm_audio_spk09.zip","downloads/packages/cantharm_audio_spk09.zip"
"F02539_SPK09.wav","SPK09","544040","0.5188","cantharm_audio_spk09.zip","downloads/packages/cantharm_audio_spk09.zip"
"F02540_SPK09.wav","SPK09","571688","0.5452","cantharm_audio_spk09.zip","downloads/packages/cantharm_audio_spk09.zip"
"F02541_SPK09.wav","SPK09","502568","0.4793","cantharm_audio_spk09.zip","downloads/packages/cantharm_audio_spk09.zip"
"F02542_SPK09.wav","SPK09","465704","0.4441","cantharm_audio_spk09.zip","downloads/packages/cantharm_audio_spk09.zip"
"F02543_SPK09.wav","SPK09","461096","0.4397","cantharm_audio_spk09.zip","downloads/packages/cantharm_audio_spk09.zip"
"F02544A_SPK07.wav","SPK07","587546","0.5603","cantharm_audio_spk07.zip","downloads/packages/cantharm_audio_spk07.zip"
"F02544B_SPK07.wav","SPK07","580492","0.5536","cantharm_audio_spk07.zip","downloads/packages/cantharm_audio_spk07.zip"
"F02545A_SPK08.wav","SPK08","524062","0.4998","cantharm_audio_spk08.zip","downloads/packages/cantharm_audio_spk08.zip"
"F02545B_SPK08.wav","SPK08","550524","0.525","cantharm_audio_spk08.zip","downloads/packages/cantharm_audio_spk08.zip"
"F02546_SPK09.wav","SPK09","438056","0.4178","cantharm_audio_spk09.zip","downloads/packages/cantharm_audio_spk09.zip"
"F02547_SPK11.wav","SPK11","359176","0.3425","cantharm_audio_spk11.zip","downloads/packages/cantharm_audio_spk11.zip"
"F02548_SPK09.wav","SPK09","516392","0.4925","cantharm_audio_spk09.zip","downloads/packages/cantharm_audio_spk09.zip"
"F02549_SPK09.wav","SPK09","465704","0.4441","cantharm_audio_spk09.zip","downloads/packages/cantharm_audio_spk09.zip"
"F02550_SPK09.wav","SPK09","461096","0.4397","cantharm_audio_spk09.zip","downloads/packages/cantharm_audio_spk09.zip"
"F02551_SPK09.wav","SPK09","428840","0.409","cantharm_audio_spk09.zip","downloads/packages/cantharm_audio_spk09.zip"
"F02552_SPK09.wav","SPK09","401192","0.3826","cantharm_audio_spk09.zip","downloads/packages/cantharm_audio_spk09.zip"
"F02553_SPK09.wav","SPK09","442664","0.4222","cantharm_audio_spk09.zip","downloads/packages/cantharm_audio_spk09.zip"
"F02554_SPK09.wav","SPK09","387368","0.3694","cantharm_audio_spk09.zip","downloads/packages/cantharm_audio_spk09.zip"
"F02555_SPK09.wav","SPK09","313640","0.2991","cantharm_audio_spk09.zip","downloads/packages/cantharm_audio_spk09.zip"
"F02556_SPK09.wav","SPK09","419624","0.4002","cantharm_audio_spk09.zip","downloads/packages/cantharm_audio_spk09.zip"
"F02557_SPK09.wav","SPK09","461096","0.4397","cantharm_audio_spk09.zip","downloads/packages/cantharm_audio_spk09.zip"
"F02558_SPK09.wav","SPK09","396584","0.3782","cantharm_audio_spk09.zip","downloads/packages/cantharm_audio_spk09.zip"
"F02559_SPK09.wav","SPK09","474920","0.4529","cantharm_audio_spk09.zip","downloads/packages/cantharm_audio_spk09.zip"
"F02560_SPK09.wav","SPK09","456488","0.4353","cantharm_audio_spk09.zip","downloads/packages/cantharm_audio_spk09.zip"
"F02561_SPK09.wav","SPK09","350504","0.3343","cantharm_audio_spk09.zip","downloads/packages/cantharm_audio_spk09.zip"
"F02562_SPK09.wav","SPK09","447272","0.4266","cantharm_audio_spk09.zip","downloads/packages/cantharm_audio_spk09.zip"
"F02563_SPK09.wav","SPK09","336680","0.3211","cantharm_audio_spk09.zip","downloads/packages/cantharm_audio_spk09.zip"
"F02564_SPK09.wav","SPK09","244520","0.2332","cantharm_audio_spk09.zip","downloads/packages/cantharm_audio_spk09.zip"
"F02565_SPK09.wav","SPK09","364328","0.3475","cantharm_audio_spk09.zip","downloads/packages/cantharm_audio_spk09.zip"
"F02566_SPK11.wav","SPK11","416776","0.3975","cantharm_audio_spk11.zip","downloads/packages/cantharm_audio_spk11.zip"
"F02567_SPK09.wav","SPK09","415016","0.3958","cantharm_audio_spk09.zip","downloads/packages/cantharm_audio_spk09.zip"
"F02568_SPK09.wav","SPK09","419624","0.4002","cantharm_audio_spk09.zip","downloads/packages/cantharm_audio_spk09.zip"
"F02569_SPK09.wav","SPK09","309032","0.2947","cantharm_audio_spk09.zip","downloads/packages/cantharm_audio_spk09.zip"
"F02570_SPK09.wav","SPK09","295208","0.2815","cantharm_audio_spk09.zip","downloads/packages/cantharm_audio_spk09.zip"
"F02571_SPK09.wav","SPK09","350504","0.3343","cantharm_audio_spk09.zip","downloads/packages/cantharm_audio_spk09.zip"
"F02572_SPK11.wav","SPK11","389896","0.3718","cantharm_audio_spk11.zip","downloads/packages/cantharm_audio_spk11.zip"
"F02573_SPK09.wav","SPK09","645416","0.6155","cantharm_audio_spk09.zip","downloads/packages/cantharm_audio_spk09.zip"
"F02574_SPK09.wav","SPK09","474920","0.4529","cantharm_audio_spk09.zip","downloads/packages/cantharm_audio_spk09.zip"
"F02575_SPK09.wav","SPK09","276776","0.264","cantharm_audio_spk09.zip","downloads/packages/cantharm_audio_spk09.zip"
"F02576_SPK09.wav","SPK09","484136","0.4617","cantharm_audio_spk09.zip","downloads/packages/cantharm_audio_spk09.zip"
"F02577_SPK11.wav","SPK11","332296","0.3169","cantharm_audio_spk11.zip","downloads/packages/cantharm_audio_spk11.zip"
"F02578_SPK09.wav","SPK09","433448","0.4134","cantharm_audio_spk09.zip","downloads/packages/cantharm_audio_spk09.zip"
"F02579_SPK09.wav","SPK09","405800","0.387","cantharm_audio_spk09.zip","downloads/packages/cantharm_audio_spk09.zip"
"F02580_SPK09.wav","SPK09","332072","0.3167","cantharm_audio_spk09.zip","downloads/packages/cantharm_audio_spk09.zip"
"F02581_SPK09.wav","SPK09","318248","0.3035","cantharm_audio_spk09.zip","downloads/packages/cantharm_audio_spk09.zip"
"F02582_SPK09.wav","SPK09","391976","0.3738","cantharm_audio_spk09.zip","downloads/packages/cantharm_audio_spk09.zip"
"F02583_SPK09.wav","SPK09","424232","0.4046","cantharm_audio_spk09.zip","downloads/packages/cantharm_audio_spk09.zip"
"F02584_SPK09.wav","SPK09","391976","0.3738","cantharm_audio_spk09.zip","downloads/packages/cantharm_audio_spk09.zip"
"F02585_SPK11.wav","SPK11","324616","0.3096","cantharm_audio_spk11.zip","downloads/packages/cantharm_audio_spk11.zip"
"F02586_SPK09.wav","SPK09","341288","0.3255","cantharm_audio_spk09.zip","downloads/packages/cantharm_audio_spk09.zip"
"F02587_SPK09.wav","SPK09","424232","0.4046","cantharm_audio_spk09.zip","downloads/packages/cantharm_audio_spk09.zip"
"F02588_SPK09.wav","SPK09","447272","0.4266","cantharm_audio_spk09.zip","downloads/packages/cantharm_audio_spk09.zip"
"F02589_SPK09.wav","SPK09","433448","0.4134","cantharm_audio_spk09.zip","downloads/packages/cantharm_audio_spk09.zip"
"F02590_SPK09.wav","SPK09","410408","0.3914","cantharm_audio_spk09.zip","downloads/packages/cantharm_audio_spk09.zip"
"F02591_SPK09.wav","SPK09","433448","0.4134","cantharm_audio_spk09.zip","downloads/packages/cantharm_audio_spk09.zip"
"F02592_SPK09.wav","SPK09","387368","0.3694","cantharm_audio_spk09.zip","downloads/packages/cantharm_audio_spk09.zip"
"F02593_SPK09.wav","SPK09","424232","0.4046","cantharm_audio_spk09.zip","downloads/packages/cantharm_audio_spk09.zip"
"F02594_SPK09.wav","SPK09","401192","0.3826","cantharm_audio_spk09.zip","downloads/packages/cantharm_audio_spk09.zip"
"F02595_SPK09.wav","SPK09","415016","0.3958","cantharm_audio_spk09.zip","downloads/packages/cantharm_audio_spk09.zip"
"F02596_SPK09.wav","SPK09","530216","0.5057","cantharm_audio_spk09.zip","downloads/packages/cantharm_audio_spk09.zip"
"F02597_SPK09.wav","SPK09","382760","0.365","cantharm_audio_spk09.zip","downloads/packages/cantharm_audio_spk09.zip"
"F02598_SPK09.wav","SPK09","470312","0.4485","cantharm_audio_spk09.zip","downloads/packages/cantharm_audio_spk09.zip"
"F02599_SPK11.wav","SPK11","353416","0.337","cantharm_audio_spk11.zip","downloads/packages/cantharm_audio_spk11.zip"
"F02600_SPK09.wav","SPK09","401192","0.3826","cantharm_audio_spk09.zip","downloads/packages/cantharm_audio_spk09.zip"
"F02601_SPK09.wav","SPK09","396584","0.3782","cantharm_audio_spk09.zip","downloads/packages/cantharm_audio_spk09.zip"
"F02602_SPK09.wav","SPK09","396584","0.3782","cantharm_audio_spk09.zip","downloads/packages/cantharm_audio_spk09.zip"
"F02603_SPK09.wav","SPK09","470312","0.4485","cantharm_audio_spk09.zip","downloads/packages/cantharm_audio_spk09.zip"
"F02604_SPK09.wav","SPK09","433448","0.4134","cantharm_audio_spk09.zip","downloads/packages/cantharm_audio_spk09.zip"
"F02605_SPK09.wav","SPK09","442664","0.4222","cantharm_audio_spk09.zip","downloads/packages/cantharm_audio_spk09.zip"
"F02606_SPK09.wav","SPK09","470312","0.4485","cantharm_audio_spk09.zip","downloads/packages/cantharm_audio_spk09.zip"
"F02607_SPK09.wav","SPK09","493352","0.4705","cantharm_audio_spk09.zip","downloads/packages/cantharm_audio_spk09.zip"
"F02608_SPK09.wav","SPK09","539432","0.5144","cantharm_audio_spk09.zip","downloads/packages/cantharm_audio_spk09.zip"
"F02609_SPK09.wav","SPK09","368936","0.3518","cantharm_audio_spk09.zip","downloads/packages/cantharm_audio_spk09.zip"
"F02610_SPK09.wav","SPK09","262952","0.2508","cantharm_audio_spk09.zip","downloads/packages/cantharm_audio_spk09.zip"
"F02611_SPK09.wav","SPK09","322856","0.3079","cantharm_audio_spk09.zip","downloads/packages/cantharm_audio_spk09.zip"
"F02612_SPK09.wav","SPK09","368936","0.3518","cantharm_audio_spk09.zip","downloads/packages/cantharm_audio_spk09.zip"
"F02613_SPK09.wav","SPK09","364328","0.3475","cantharm_audio_spk09.zip","downloads/packages/cantharm_audio_spk09.zip"
"F02614_SPK09.wav","SPK09","345896","0.3299","cantharm_audio_spk09.zip","downloads/packages/cantharm_audio_spk09.zip"
"F02615_SPK09.wav","SPK09","461096","0.4397","cantharm_audio_spk09.zip","downloads/packages/cantharm_audio_spk09.zip"
"F02616_SPK02.wav","SPK02","424232","0.4046","cantharm_audio_spk02.zip","downloads/packages/cantharm_audio_spk02.zip"
"F02617_SPK02.wav","SPK02","415016","0.3958","cantharm_audio_spk02.zip","downloads/packages/cantharm_audio_spk02.zip"
"F02618_SPK02.wav","SPK02","364328","0.3475","cantharm_audio_spk02.zip","downloads/packages/cantharm_audio_spk02.zip"
"F02619_SPK02.wav","SPK02","295208","0.2815","cantharm_audio_spk02.zip","downloads/packages/cantharm_audio_spk02.zip"
"F02620_SPK02.wav","SPK02","304424","0.2903","cantharm_audio_spk02.zip","downloads/packages/cantharm_audio_spk02.zip"
"F02621_SPK02.wav","SPK02","332072","0.3167","cantharm_audio_spk02.zip","downloads/packages/cantharm_audio_spk02.zip"
"F02622_SPK02.wav","SPK02","364328","0.3475","cantharm_audio_spk02.zip","downloads/packages/cantharm_audio_spk02.zip"
"F02623_SPK02.wav","SPK02","350504","0.3343","cantharm_audio_spk02.zip","downloads/packages/cantharm_audio_spk02.zip"
"F02624A_SPK10.wav","SPK10","411146","0.3921","cantharm_audio_spk10.zip","downloads/packages/cantharm_audio_spk10.zip"
"F02624B_SPK10.wav","SPK10","458774","0.4375","cantharm_audio_spk10.zip","downloads/packages/cantharm_audio_spk10.zip"
"F02625_SPK02.wav","SPK02","484136","0.4617","cantharm_audio_spk02.zip","downloads/packages/cantharm_audio_spk02.zip"
"F02626_SPK02.wav","SPK02","368936","0.3518","cantharm_audio_spk02.zip","downloads/packages/cantharm_audio_spk02.zip"
"F02627_SPK02.wav","SPK02","355112","0.3387","cantharm_audio_spk02.zip","downloads/packages/cantharm_audio_spk02.zip"
"F02628_SPK02.wav","SPK02","318248","0.3035","cantharm_audio_spk02.zip","downloads/packages/cantharm_audio_spk02.zip"
"F02629_SPK02.wav","SPK02","322856","0.3079","cantharm_audio_spk02.zip","downloads/packages/cantharm_audio_spk02.zip"
"F02630_SPK02.wav","SPK02","364328","0.3475","cantharm_audio_spk02.zip","downloads/packages/cantharm_audio_spk02.zip"
"F02631_SPK02.wav","SPK02","341288","0.3255","cantharm_audio_spk02.zip","downloads/packages/cantharm_audio_spk02.zip"
"F02632_SPK02.wav","SPK02","207656","0.198","cantharm_audio_spk02.zip","downloads/packages/cantharm_audio_spk02.zip"
"F02633_SPK02.wav","SPK02","258344","0.2464","cantharm_audio_spk02.zip","downloads/packages/cantharm_audio_spk02.zip"
"F02634_SPK02.wav","SPK02","309032","0.2947","cantharm_audio_spk02.zip","downloads/packages/cantharm_audio_spk02.zip"
"F02635_SPK02.wav","SPK02","424232","0.4046","cantharm_audio_spk02.zip","downloads/packages/cantharm_audio_spk02.zip"
"F02636_SPK02.wav","SPK02","405800","0.387","cantharm_audio_spk02.zip","downloads/packages/cantharm_audio_spk02.zip"
"F02637_SPK02.wav","SPK02","614044","0.5856","cantharm_audio_spk02.zip","downloads/packages/cantharm_audio_spk02.zip"
"F02638_SPK02.wav","SPK02","281384","0.2683","cantharm_audio_spk02.zip","downloads/packages/cantharm_audio_spk02.zip"
"F02639_SPK02.wav","SPK02","299816","0.2859","cantharm_audio_spk02.zip","downloads/packages/cantharm_audio_spk02.zip"
"F02640_SPK02.wav","SPK02","391976","0.3738","cantharm_audio_spk02.zip","downloads/packages/cantharm_audio_spk02.zip"
"F02641_SPK02.wav","SPK02","318248","0.3035","cantharm_audio_spk02.zip","downloads/packages/cantharm_audio_spk02.zip"
"F02642_SPK02.wav","SPK02","299816","0.2859","cantharm_audio_spk02.zip","downloads/packages/cantharm_audio_spk02.zip"
"F02643_SPK02.wav","SPK02","304424","0.2903","cantharm_audio_spk02.zip","downloads/packages/cantharm_audio_spk02.zip"
"F02644_SPK02.wav","SPK02","226088","0.2156","cantharm_audio_spk02.zip","downloads/packages/cantharm_audio_spk02.zip"
"F02645_SPK02.wav","SPK02","405800","0.387","cantharm_audio_spk02.zip","downloads/packages/cantharm_audio_spk02.zip"
"F02646_SPK02.wav","SPK02","309032","0.2947","cantharm_audio_spk02.zip","downloads/packages/cantharm_audio_spk02.zip"
"F02647_SPK02.wav","SPK02","332072","0.3167","cantharm_audio_spk02.zip","downloads/packages/cantharm_audio_spk02.zip"
"F02648_SPK02.wav","SPK02","295208","0.2815","cantharm_audio_spk02.zip","downloads/packages/cantharm_audio_spk02.zip"
"F02649_SPK02.wav","SPK02","442664","0.4222","cantharm_audio_spk02.zip","downloads/packages/cantharm_audio_spk02.zip"
"F02650_SPK02.wav","SPK02","285992","0.2727","cantharm_audio_spk02.zip","downloads/packages/cantharm_audio_spk02.zip"
"F02651_SPK02.wav","SPK02","299816","0.2859","cantharm_audio_spk02.zip","downloads/packages/cantharm_audio_spk02.zip"
"F02652_SPK02.wav","SPK02","336680","0.3211","cantharm_audio_spk02.zip","downloads/packages/cantharm_audio_spk02.zip"
"F02653_SPK02.wav","SPK02","249128","0.2376","cantharm_audio_spk02.zip","downloads/packages/cantharm_audio_spk02.zip"
"F02654_SPK02.wav","SPK02","290600","0.2771","cantharm_audio_spk02.zip","downloads/packages/cantharm_audio_spk02.zip"
"F02655_SPK02.wav","SPK02","336680","0.3211","cantharm_audio_spk02.zip","downloads/packages/cantharm_audio_spk02.zip"
"F02656A_SPK11.wav","SPK11","187626","0.1789","cantharm_audio_spk11.zip","downloads/packages/cantharm_audio_spk11.zip"
"F02656B_SPK11.wav","SPK11","230750","0.2201","cantharm_audio_spk11.zip","downloads/packages/cantharm_audio_spk11.zip"
"F02657_SPK02.wav","SPK02","336680","0.3211","cantharm_audio_spk02.zip","downloads/packages/cantharm_audio_spk02.zip"
"F02658_SPK02.wav","SPK02","553256","0.5276","cantharm_audio_spk02.zip","downloads/packages/cantharm_audio_spk02.zip"
"F02659_SPK02.wav","SPK02","267560","0.2552","cantharm_audio_spk02.zip","downloads/packages/cantharm_audio_spk02.zip"
"F02660_SPK02.wav","SPK02","304424","0.2903","cantharm_audio_spk02.zip","downloads/packages/cantharm_audio_spk02.zip"
"F02661_SPK02.wav","SPK02","221480","0.2112","cantharm_audio_spk02.zip","downloads/packages/cantharm_audio_spk02.zip"
"F02662_SPK02.wav","SPK02","332072","0.3167","cantharm_audio_spk02.zip","downloads/packages/cantharm_audio_spk02.zip"
"F02663_SPK02.wav","SPK02","405800","0.387","cantharm_audio_spk02.zip","downloads/packages/cantharm_audio_spk02.zip"
"F02664_SPK02.wav","SPK02","304424","0.2903","cantharm_audio_spk02.zip","downloads/packages/cantharm_audio_spk02.zip"
"F02665_SPK02.wav","SPK02","368936","0.3518","cantharm_audio_spk02.zip","downloads/packages/cantharm_audio_spk02.zip"
"F02666_SPK02.wav","SPK02","488744","0.4661","cantharm_audio_spk02.zip","downloads/packages/cantharm_audio_spk02.zip"
"F02667_SPK02.wav","SPK02","318248","0.3035","cantharm_audio_spk02.zip","downloads/packages/cantharm_audio_spk02.zip"
"F02668_SPK02.wav","SPK02","345896","0.3299","cantharm_audio_spk02.zip","downloads/packages/cantharm_audio_spk02.zip"
"F02669_SPK02.wav","SPK02","332072","0.3167","cantharm_audio_spk02.zip","downloads/packages/cantharm_audio_spk02.zip"
"F02670_SPK02.wav","SPK02","401192","0.3826","cantharm_audio_spk02.zip","downloads/packages/cantharm_audio_spk02.zip"
"F02671_SPK02.wav","SPK02","341288","0.3255","cantharm_audio_spk02.zip","downloads/packages/cantharm_audio_spk02.zip"
"F02672_SPK02.wav","SPK02","322856","0.3079","cantharm_audio_spk02.zip","downloads/packages/cantharm_audio_spk02.zip"
"F02673_SPK02.wav","SPK02","470312","0.4485","cantharm_audio_spk02.zip","downloads/packages/cantharm_audio_spk02.zip"
"F02674_SPK02.wav","SPK02","304424","0.2903","cantharm_audio_spk02.zip","downloads/packages/cantharm_audio_spk02.zip"
"F02675_SPK02.wav","SPK02","410408","0.3914","cantharm_audio_spk02.zip","downloads/packages/cantharm_audio_spk02.zip"
"F02676_SPK02.wav","SPK02","364328","0.3475","cantharm_audio_spk02.zip","downloads/packages/cantharm_audio_spk02.zip"
"F02677_SPK02.wav","SPK02","262952","0.2508","cantharm_audio_spk02.zip","downloads/packages/cantharm_audio_spk02.zip"
"F02678_SPK02.wav","SPK02","341288","0.3255","cantharm_audio_spk02.zip","downloads/packages/cantharm_audio_spk02.zip"
"F02679_SPK02.wav","SPK02","438056","0.4178","cantharm_audio_spk02.zip","downloads/packages/cantharm_audio_spk02.zip"
"F02680_SPK02.wav","SPK02","484136","0.4617","cantharm_audio_spk02.zip","downloads/packages/cantharm_audio_spk02.zip"
"F02681_SPK02.wav","SPK02","322856","0.3079","cantharm_audio_spk02.zip","downloads/packages/cantharm_audio_spk02.zip"
"F02682_SPK02.wav","SPK02","447272","0.4266","cantharm_audio_spk02.zip","downloads/packages/cantharm_audio_spk02.zip"
"F02683_SPK02.wav","SPK02","332072","0.3167","cantharm_audio_spk02.zip","downloads/packages/cantharm_audio_spk02.zip"
"F02684_SPK02.wav","SPK02","341288","0.3255","cantharm_audio_spk02.zip","downloads/packages/cantharm_audio_spk02.zip"
"F02685A_SPK01.wav","SPK01","382944","0.3652","cantharm_audio_spk01.zip","downloads/packages/cantharm_audio_spk01.zip"
"F02685B_SPK01.wav","SPK01","397056","0.3787","cantharm_audio_spk01.zip","downloads/packages/cantharm_audio_spk01.zip"
"F02686_SPK02.wav","SPK02","461096","0.4397","cantharm_audio_spk02.zip","downloads/packages/cantharm_audio_spk02.zip"
"F02687_SPK02.wav","SPK02","438056","0.4178","cantharm_audio_spk02.zip","downloads/packages/cantharm_audio_spk02.zip"
"F02688_SPK02.wav","SPK02","401192","0.3826","cantharm_audio_spk02.zip","downloads/packages/cantharm_audio_spk02.zip"
"F02689_SPK02.wav","SPK02","548648","0.5232","cantharm_audio_spk02.zip","downloads/packages/cantharm_audio_spk02.zip"
"F02690_SPK02.wav","SPK02","281384","0.2683","cantharm_audio_spk02.zip","downloads/packages/cantharm_audio_spk02.zip"
"F02691_SPK02.wav","SPK02","391976","0.3738","cantharm_audio_spk02.zip","downloads/packages/cantharm_audio_spk02.zip"
"F02692_SPK02.wav","SPK02","378152","0.3606","cantharm_audio_spk02.zip","downloads/packages/cantharm_audio_spk02.zip"
"F02693_SPK02.wav","SPK02","474920","0.4529","cantharm_audio_spk02.zip","downloads/packages/cantharm_audio_spk02.zip"
"F02694_SPK02.wav","SPK02","507176","0.4837","cantharm_audio_spk02.zip","downloads/packages/cantharm_audio_spk02.zip"
"F02695_SPK02.wav","SPK02","364328","0.3475","cantharm_audio_spk02.zip","downloads/packages/cantharm_audio_spk02.zip"
"F02696_SPK02.wav","SPK02","557864","0.532","cantharm_audio_spk02.zip","downloads/packages/cantharm_audio_spk02.zip"
"F02697_SPK02.wav","SPK02","461096","0.4397","cantharm_audio_spk02.zip","downloads/packages/cantharm_audio_spk02.zip"
"F02698_SPK02.wav","SPK02","313640","0.2991","cantharm_audio_spk02.zip","downloads/packages/cantharm_audio_spk02.zip"
"F02699_SPK02.wav","SPK02","318248","0.3035","cantharm_audio_spk02.zip","downloads/packages/cantharm_audio_spk02.zip"
"F02700_SPK02.wav","SPK02","474920","0.4529","cantharm_audio_spk02.zip","downloads/packages/cantharm_audio_spk02.zip"
"F02701A_SPK02.wav","SPK02","375868","0.3585","cantharm_audio_spk02.zip","downloads/packages/cantharm_audio_spk02.zip"
"F02701B_SPK02.wav","SPK02","291214","0.2777","cantharm_audio_spk02.zip","downloads/packages/cantharm_audio_spk02.zip"
"F02702_SPK02.wav","SPK02","309032","0.2947","cantharm_audio_spk02.zip","downloads/packages/cantharm_audio_spk02.zip"
"F02703_SPK02.wav","SPK02","364328","0.3475","cantharm_audio_spk02.zip","downloads/packages/cantharm_audio_spk02.zip"
"F02704_SPK02.wav","SPK02","433448","0.4134","cantharm_audio_spk02.zip","downloads/packages/cantharm_audio_spk02.zip"
"F02705_SPK02.wav","SPK02","548648","0.5232","cantharm_audio_spk02.zip","downloads/packages/cantharm_audio_spk02.zip"
"F02706_SPK02.wav","SPK02","484136","0.4617","cantharm_audio_spk02.zip","downloads/packages/cantharm_audio_spk02.zip"
"F02707_SPK02.wav","SPK02","327464","0.3123","cantharm_audio_spk02.zip","downloads/packages/cantharm_audio_spk02.zip"
"F02708_SPK02.wav","SPK02","359720","0.3431","cantharm_audio_spk02.zip","downloads/packages/cantharm_audio_spk02.zip"
"F02709_SPK02.wav","SPK02","516392","0.4925","cantharm_audio_spk02.zip","downloads/packages/cantharm_audio_spk02.zip"
"F02710_SPK02.wav","SPK02","424232","0.4046","cantharm_audio_spk02.zip","downloads/packages/cantharm_audio_spk02.zip"
"F02711_SPK02.wav","SPK02","438056","0.4178","cantharm_audio_spk02.zip","downloads/packages/cantharm_audio_spk02.zip"
"F02712_SPK02.wav","SPK02","507176","0.4837","cantharm_audio_spk02.zip","downloads/packages/cantharm_audio_spk02.zip"
"F02713_SPK02.wav","SPK02","456488","0.4353","cantharm_audio_spk02.zip","downloads/packages/cantharm_audio_spk02.zip"
"F02714_SPK02.wav","SPK02","530216","0.5057","cantharm_audio_spk02.zip","downloads/packages/cantharm_audio_spk02.zip"
"F02715_SPK02.wav","SPK02","557864","0.532","cantharm_audio_spk02.zip","downloads/packages/cantharm_audio_spk02.zip"
"F02716_SPK02.wav","SPK02","599336","0.5716","cantharm_audio_spk02.zip","downloads/packages/cantharm_audio_spk02.zip"
"F02717_SPK02.wav","SPK02","359720","0.3431","cantharm_audio_spk02.zip","downloads/packages/cantharm_audio_spk02.zip"
"F02718_SPK02.wav","SPK02","493352","0.4705","cantharm_audio_spk02.zip","downloads/packages/cantharm_audio_spk02.zip"
"F02719_SPK02.wav","SPK02","663848","0.6331","cantharm_audio_spk02.zip","downloads/packages/cantharm_audio_spk02.zip"
"F02720_SPK02.wav","SPK02","530216","0.5057","cantharm_audio_spk02.zip","downloads/packages/cantharm_audio_spk02.zip"
"F02721_SPK02.wav","SPK02","313640","0.2991","cantharm_audio_spk02.zip","downloads/packages/cantharm_audio_spk02.zip"
"F02722_SPK02.wav","SPK02","479528","0.4573","cantharm_audio_spk02.zip","downloads/packages/cantharm_audio_spk02.zip"
"F02723_SPK02.wav","SPK02","474920","0.4529","cantharm_audio_spk02.zip","downloads/packages/cantharm_audio_spk02.zip"
"F02724_SPK02.wav","SPK02","479528","0.4573","cantharm_audio_spk02.zip","downloads/packages/cantharm_audio_spk02.zip"
"F02725_SPK02.wav","SPK02","391976","0.3738","cantharm_audio_spk02.zip","downloads/packages/cantharm_audio_spk02.zip"
"F02726_SPK02.wav","SPK02","497960","0.4749","cantharm_audio_spk02.zip","downloads/packages/cantharm_audio_spk02.zip"
"F02727_SPK02.wav","SPK02","488744","0.4661","cantharm_audio_spk02.zip","downloads/packages/cantharm_audio_spk02.zip"
"F02728_SPK02.wav","SPK02","387368","0.3694","cantharm_audio_spk02.zip","downloads/packages/cantharm_audio_spk02.zip"
"F02729_SPK02.wav","SPK02","387368","0.3694","cantharm_audio_spk02.zip","downloads/packages/cantharm_audio_spk02.zip"
"F02730_SPK02.wav","SPK02","364328","0.3475","cantharm_audio_spk02.zip","downloads/packages/cantharm_audio_spk02.zip"
"F02731_SPK02.wav","SPK02","479528","0.4573","cantharm_audio_spk02.zip","downloads/packages/cantharm_audio_spk02.zip"
"F02732_SPK02.wav","SPK02","438056","0.4178","cantharm_audio_spk02.zip","downloads/packages/cantharm_audio_spk02.zip"
"F02733_SPK02.wav","SPK02","497960","0.4749","cantharm_audio_spk02.zip","downloads/packages/cantharm_audio_spk02.zip"
"F02734_SPK02.wav","SPK02","309032","0.2947","cantharm_audio_spk02.zip","downloads/packages/cantharm_audio_spk02.zip"
"F02735_SPK02.wav","SPK02","456488","0.4353","cantharm_audio_spk02.zip","downloads/packages/cantharm_audio_spk02.zip"
"F02736_SPK02.wav","SPK02","396584","0.3782","cantharm_audio_spk02.zip","downloads/packages/cantharm_audio_spk02.zip"
"F02737_SPK02.wav","SPK02","327464","0.3123","cantharm_audio_spk02.zip","downloads/packages/cantharm_audio_spk02.zip"
"F02738_SPK02.wav","SPK02","299816","0.2859","cantharm_audio_spk02.zip","downloads/packages/cantharm_audio_spk02.zip"
"F02739_SPK02.wav","SPK02","295208","0.2815","cantharm_audio_spk02.zip","downloads/packages/cantharm_audio_spk02.zip"
"F02740_SPK02.wav","SPK02","438056","0.4178","cantharm_audio_spk02.zip","downloads/packages/cantharm_audio_spk02.zip"
"F02741_SPK02.wav","SPK02","818556","0.7806","cantharm_audio_spk02.zip","downloads/packages/cantharm_audio_spk02.zip"
"F02742_SPK02.wav","SPK02","553256","0.5276","cantharm_audio_spk02.zip","downloads/packages/cantharm_audio_spk02.zip"
"F02743_SPK02.wav","SPK02","387368","0.3694","cantharm_audio_spk02.zip","downloads/packages/cantharm_audio_spk02.zip"
"F02744_SPK02.wav","SPK02","341288","0.3255","cantharm_audio_spk02.zip","downloads/packages/cantharm_audio_spk02.zip"
"F02745_SPK02.wav","SPK02","456488","0.4353","cantharm_audio_spk02.zip","downloads/packages/cantharm_audio_spk02.zip"
"F02746_SPK02.wav","SPK02","428840","0.409","cantharm_audio_spk02.zip","downloads/packages/cantharm_audio_spk02.zip"
"F02747_SPK02.wav","SPK02","410408","0.3914","cantharm_audio_spk02.zip","downloads/packages/cantharm_audio_spk02.zip"
"F02748_SPK02.wav","SPK02","332072","0.3167","cantharm_audio_spk02.zip","downloads/packages/cantharm_audio_spk02.zip"
"F02749_SPK02.wav","SPK02","405800","0.387","cantharm_audio_spk02.zip","downloads/packages/cantharm_audio_spk02.zip"
"F02750_SPK02.wav","SPK02","488744","0.4661","cantharm_audio_spk02.zip","downloads/packages/cantharm_audio_spk02.zip"
"F02751_SPK02.wav","SPK02","415016","0.3958","cantharm_audio_spk02.zip","downloads/packages/cantharm_audio_spk02.zip"
"F02752_SPK02.wav","SPK02","396584","0.3782","cantharm_audio_spk02.zip","downloads/packages/cantharm_audio_spk02.zip"
"F02753_SPK02.wav","SPK02","299816","0.2859","cantharm_audio_spk02.zip","downloads/packages/cantharm_audio_spk02.zip"
"F02754_SPK02.wav","SPK02","341288","0.3255","cantharm_audio_spk02.zip","downloads/packages/cantharm_audio_spk02.zip"
"F02755_SPK02.wav","SPK02","433448","0.4134","cantharm_audio_spk02.zip","downloads/packages/cantharm_audio_spk02.zip"
"F02756_SPK02.wav","SPK02","309032","0.2947","cantharm_audio_spk02.zip","downloads/packages/cantharm_audio_spk02.zip"
"F02757_SPK02.wav","SPK02","571688","0.5452","cantharm_audio_spk02.zip","downloads/packages/cantharm_audio_spk02.zip"
"F02758_SPK02.wav","SPK02","447272","0.4266","cantharm_audio_spk02.zip","downloads/packages/cantharm_audio_spk02.zip"
"F02759_SPK02.wav","SPK02","322856","0.3079","cantharm_audio_spk02.zip","downloads/packages/cantharm_audio_spk02.zip"
"F02760_SPK02.wav","SPK02","212264","0.2024","cantharm_audio_spk02.zip","downloads/packages/cantharm_audio_spk02.zip"
"F02761_SPK02.wav","SPK02","521000","0.4969","cantharm_audio_spk02.zip","downloads/packages/cantharm_audio_spk02.zip"
"F02762_SPK02.wav","SPK02","272168","0.2596","cantharm_audio_spk02.zip","downloads/packages/cantharm_audio_spk02.zip"
"F02763_SPK02.wav","SPK02","309032","0.2947","cantharm_audio_spk02.zip","downloads/packages/cantharm_audio_spk02.zip"
"F02764_SPK02.wav","SPK02","378152","0.3606","cantharm_audio_spk02.zip","downloads/packages/cantharm_audio_spk02.zip"
"F02765_SPK02.wav","SPK02","391976","0.3738","cantharm_audio_spk02.zip","downloads/packages/cantharm_audio_spk02.zip"
"F02766_SPK02.wav","SPK02","249128","0.2376","cantharm_audio_spk02.zip","downloads/packages/cantharm_audio_spk02.zip"
"F02767A_SPK03.wav","SPK03","661634","0.631","cantharm_audio_spk03.zip","downloads/packages/cantharm_audio_spk03.zip"
"F02767B_SPK01.wav","SPK01","513460","0.4897","cantharm_audio_spk01.zip","downloads/packages/cantharm_audio_spk01.zip"
"F02768_SPK02.wav","SPK02","442664","0.4222","cantharm_audio_spk02.zip","downloads/packages/cantharm_audio_spk02.zip"
"F02769_SPK02.wav","SPK02","313640","0.2991","cantharm_audio_spk02.zip","downloads/packages/cantharm_audio_spk02.zip"
"F02770_SPK02.wav","SPK02","336680","0.3211","cantharm_audio_spk02.zip","downloads/packages/cantharm_audio_spk02.zip"
"F02771_SPK02.wav","SPK02","313640","0.2991","cantharm_audio_spk02.zip","downloads/packages/cantharm_audio_spk02.zip"
"F02772_SPK02.wav","SPK02","364328","0.3475","cantharm_audio_spk02.zip","downloads/packages/cantharm_audio_spk02.zip"
"F02773_SPK02.wav","SPK02","368936","0.3518","cantharm_audio_spk02.zip","downloads/packages/cantharm_audio_spk02.zip"
"F02774_SPK02.wav","SPK02","419624","0.4002","cantharm_audio_spk02.zip","downloads/packages/cantharm_audio_spk02.zip"
"F02775_SPK02.wav","SPK02","507176","0.4837","cantharm_audio_spk02.zip","downloads/packages/cantharm_audio_spk02.zip"
"F02776_SPK02.wav","SPK02","484136","0.4617","cantharm_audio_spk02.zip","downloads/packages/cantharm_audio_spk02.zip"
"F02777_SPK02.wav","SPK02","309032","0.2947","cantharm_audio_spk02.zip","downloads/packages/cantharm_audio_spk02.zip"
"F02778_SPK02.wav","SPK02","299816","0.2859","cantharm_audio_spk02.zip","downloads/packages/cantharm_audio_spk02.zip"
"F02779_SPK02.wav","SPK02","364328","0.3475","cantharm_audio_spk02.zip","downloads/packages/cantharm_audio_spk02.zip"
"F02780_SPK02.wav","SPK02","327464","0.3123","cantharm_audio_spk02.zip","downloads/packages/cantharm_audio_spk02.zip"
"F02781_SPK02.wav","SPK02","355112","0.3387","cantharm_audio_spk02.zip","downloads/packages/cantharm_audio_spk02.zip"
"F02782_SPK02.wav","SPK02","359720","0.3431","cantharm_audio_spk02.zip","downloads/packages/cantharm_audio_spk02.zip"
"F02783_SPK02.wav","SPK02","345896","0.3299","cantharm_audio_spk02.zip","downloads/packages/cantharm_audio_spk02.zip"
"F02784_SPK02.wav","SPK02","318248","0.3035","cantharm_audio_spk02.zip","downloads/packages/cantharm_audio_spk02.zip"
"F02785_SPK02.wav","SPK02","405800","0.387","cantharm_audio_spk02.zip","downloads/packages/cantharm_audio_spk02.zip"
"F02786_SPK02.wav","SPK02","359720","0.3431","cantharm_audio_spk02.zip","downloads/packages/cantharm_audio_spk02.zip"
"F02787_SPK02.wav","SPK02","544040","0.5188","cantharm_audio_spk02.zip","downloads/packages/cantharm_audio_spk02.zip"
"F02788_SPK02.wav","SPK02","438056","0.4178","cantharm_audio_spk02.zip","downloads/packages/cantharm_audio_spk02.zip"
"F02789_SPK02.wav","SPK02","451880","0.4309","cantharm_audio_spk02.zip","downloads/packages/cantharm_audio_spk02.zip"
"F02790_SPK02.wav","SPK02","350504","0.3343","cantharm_audio_spk02.zip","downloads/packages/cantharm_audio_spk02.zip"
"F02791_SPK02.wav","SPK02","456488","0.4353","cantharm_audio_spk02.zip","downloads/packages/cantharm_audio_spk02.zip"
"F02792_SPK02.wav","SPK02","401192","0.3826","cantharm_audio_spk02.zip","downloads/packages/cantharm_audio_spk02.zip"
"F02793_SPK02.wav","SPK02","309032","0.2947","cantharm_audio_spk02.zip","downloads/packages/cantharm_audio_spk02.zip"
"F02794_SPK02.wav","SPK02","415016","0.3958","cantharm_audio_spk02.zip","downloads/packages/cantharm_audio_spk02.zip"
"F02795_SPK02.wav","SPK02","424232","0.4046","cantharm_audio_spk02.zip","downloads/packages/cantharm_audio_spk02.zip"
"F02796_SPK02.wav","SPK02","511784","0.4881","cantharm_audio_spk02.zip","downloads/packages/cantharm_audio_spk02.zip"
"F02797_SPK02.wav","SPK02","309032","0.2947","cantharm_audio_spk02.zip","downloads/packages/cantharm_audio_spk02.zip"
"F02798_SPK02.wav","SPK02","433448","0.4134","cantharm_audio_spk02.zip","downloads/packages/cantharm_audio_spk02.zip"
"F02799_SPK02.wav","SPK02","382760","0.365","cantharm_audio_spk02.zip","downloads/packages/cantharm_audio_spk02.zip"
"F02800_SPK02.wav","SPK02","262952","0.2508","cantharm_audio_spk02.zip","downloads/packages/cantharm_audio_spk02.zip"
"F02801A_SPK02.wav","SPK02","249550","0.238","cantharm_audio_spk02.zip","downloads/packages/cantharm_audio_spk02.zip"
"F02801B_SPK02.wav","SPK02","288778","0.2754","cantharm_audio_spk02.zip","downloads/packages/cantharm_audio_spk02.zip"
"F02801C_SPK05.wav","SPK05","439372","0.419","cantharm_audio_spk05.zip","downloads/packages/cantharm_audio_spk05.zip"
"F02803_SPK02.wav","SPK02","272168","0.2596","cantharm_audio_spk02.zip","downloads/packages/cantharm_audio_spk02.zip"
"F02804_SPK02.wav","SPK02","332072","0.3167","cantharm_audio_spk02.zip","downloads/packages/cantharm_audio_spk02.zip"
"F02805_SPK02.wav","SPK02","309032","0.2947","cantharm_audio_spk02.zip","downloads/packages/cantharm_audio_spk02.zip"
"F02806_SPK02.wav","SPK02","299816","0.2859","cantharm_audio_spk02.zip","downloads/packages/cantharm_audio_spk02.zip"
"F02807_SPK02.wav","SPK02","290600","0.2771","cantharm_audio_spk02.zip","downloads/packages/cantharm_audio_spk02.zip"
"F02808_SPK02.wav","SPK02","327464","0.3123","cantharm_audio_spk02.zip","downloads/packages/cantharm_audio_spk02.zip"
"F02809_SPK02.wav","SPK02","622376","0.5935","cantharm_audio_spk02.zip","downloads/packages/cantharm_audio_spk02.zip"
"F02810_SPK02.wav","SPK02","419624","0.4002","cantharm_audio_spk02.zip","downloads/packages/cantharm_audio_spk02.zip"
"F02811_SPK02.wav","SPK02","364328","0.3475","cantharm_audio_spk02.zip","downloads/packages/cantharm_audio_spk02.zip"
"F02812_SPK02.wav","SPK02","295208","0.2815","cantharm_audio_spk02.zip","downloads/packages/cantharm_audio_spk02.zip"
"F02813_SPK02.wav","SPK02","410408","0.3914","cantharm_audio_spk02.zip","downloads/packages/cantharm_audio_spk02.zip"
"F02814_SPK02.wav","SPK02","281384","0.2683","cantharm_audio_spk02.zip","downloads/packages/cantharm_audio_spk02.zip"
"F02815_SPK02.wav","SPK02","410408","0.3914","cantharm_audio_spk02.zip","downloads/packages/cantharm_audio_spk02.zip"
"F02816_SPK02.wav","SPK02","534824","0.51","cantharm_audio_spk02.zip","downloads/packages/cantharm_audio_spk02.zip"
"F02817_SPK02.wav","SPK02","295208","0.2815","cantharm_audio_spk02.zip","downloads/packages/cantharm_audio_spk02.zip"
"F02818_SPK02.wav","SPK02","415016","0.3958","cantharm_audio_spk02.zip","downloads/packages/cantharm_audio_spk02.zip"
"F02819_SPK02.wav","SPK02","322856","0.3079","cantharm_audio_spk02.zip","downloads/packages/cantharm_audio_spk02.zip"
"F02820_SPK02.wav","SPK02","415016","0.3958","cantharm_audio_spk02.zip","downloads/packages/cantharm_audio_spk02.zip"
"F02821_SPK02.wav","SPK02","327464","0.3123","cantharm_audio_spk02.zip","downloads/packages/cantharm_audio_spk02.zip"
"F02822_SPK02.wav","SPK02","309032","0.2947","cantharm_audio_spk02.zip","downloads/packages/cantharm_audio_spk02.zip"
"F02823_SPK02.wav","SPK02","350504","0.3343","cantharm_audio_spk02.zip","downloads/packages/cantharm_audio_spk02.zip"
"F02824_SPK02.wav","SPK02","391976","0.3738","cantharm_audio_spk02.zip","downloads/packages/cantharm_audio_spk02.zip"
"F02825_SPK02.wav","SPK02","456488","0.4353","cantharm_audio_spk02.zip","downloads/packages/cantharm_audio_spk02.zip"
"F02826_SPK02.wav","SPK02","299816","0.2859","cantharm_audio_spk02.zip","downloads/packages/cantharm_audio_spk02.zip"
"F02827_SPK02.wav","SPK02","336680","0.3211","cantharm_audio_spk02.zip","downloads/packages/cantharm_audio_spk02.zip"
"F02828_SPK02.wav","SPK02","299816","0.2859","cantharm_audio_spk02.zip","downloads/packages/cantharm_audio_spk02.zip"
"F02829_SPK02.wav","SPK02","465704","0.4441","cantharm_audio_spk02.zip","downloads/packages/cantharm_audio_spk02.zip"
"F02830_SPK02.wav","SPK02","341288","0.3255","cantharm_audio_spk02.zip","downloads/packages/cantharm_audio_spk02.zip"
"F02831_SPK02.wav","SPK02","507176","0.4837","cantharm_audio_spk02.zip","downloads/packages/cantharm_audio_spk02.zip"
"F02832_SPK02.wav","SPK02","304424","0.2903","cantharm_audio_spk02.zip","downloads/packages/cantharm_audio_spk02.zip"
"F02833_SPK02.wav","SPK02","410408","0.3914","cantharm_audio_spk02.zip","downloads/packages/cantharm_audio_spk02.zip"
"F02834_SPK02.wav","SPK02","322856","0.3079","cantharm_audio_spk02.zip","downloads/packages/cantharm_audio_spk02.zip"
"F02835_SPK02.wav","SPK02","497960","0.4749","cantharm_audio_spk02.zip","downloads/packages/cantharm_audio_spk02.zip"
"F02836_SPK02.wav","SPK02","378152","0.3606","cantharm_audio_spk02.zip","downloads/packages/cantharm_audio_spk02.zip"
"F02837_SPK02.wav","SPK02","391976","0.3738","cantharm_audio_spk02.zip","downloads/packages/cantharm_audio_spk02.zip"
"F02838_SPK02.wav","SPK02","447272","0.4266","cantharm_audio_spk02.zip","downloads/packages/cantharm_audio_spk02.zip"
"F02839_SPK02.wav","SPK02","493352","0.4705","cantharm_audio_spk02.zip","downloads/packages/cantharm_audio_spk02.zip"
"F02840_SPK02.wav","SPK02","442664","0.4222","cantharm_audio_spk02.zip","downloads/packages/cantharm_audio_spk02.zip"
"F02841_SPK02.wav","SPK02","502568","0.4793","cantharm_audio_spk02.zip","downloads/packages/cantharm_audio_spk02.zip"
"F02842_SPK02.wav","SPK02","465704","0.4441","cantharm_audio_spk02.zip","downloads/packages/cantharm_audio_spk02.zip"
"F02843_SPK02.wav","SPK02","470312","0.4485","cantharm_audio_spk02.zip","downloads/packages/cantharm_audio_spk02.zip"
"F02844_SPK02.wav","SPK02","438056","0.4178","cantharm_audio_spk02.zip","downloads/packages/cantharm_audio_spk02.zip"
"F02845_SPK02.wav","SPK02","410408","0.3914","cantharm_audio_spk02.zip","downloads/packages/cantharm_audio_spk02.zip"
"F02846_SPK02.wav","SPK02","424232","0.4046","cantharm_audio_spk02.zip","downloads/packages/cantharm_audio_spk02.zip"
"F02847_SPK02.wav","SPK02","470312","0.4485","cantharm_audio_spk02.zip","downloads/packages/cantharm_audio_spk02.zip"
"F02848_SPK02.wav","SPK02","511784","0.4881","cantharm_audio_spk02.zip","downloads/packages/cantharm_audio_spk02.zip"
"F02849_SPK02.wav","SPK02","368936","0.3518","cantharm_audio_spk02.zip","downloads/packages/cantharm_audio_spk02.zip"
"F02850_SPK02.wav","SPK02","272168","0.2596","cantharm_audio_spk02.zip","downloads/packages/cantharm_audio_spk02.zip"
"F02851A_SPK02.wav","SPK02","216582","0.2065","cantharm_audio_spk02.zip","downloads/packages/cantharm_audio_spk02.zip"
"F02851B_SPK02.wav","SPK02","232960","0.2222","cantharm_audio_spk02.zip","downloads/packages/cantharm_audio_spk02.zip"
"F02852A_SPK02.wav","SPK02","189492","0.1807","cantharm_audio_spk02.zip","downloads/packages/cantharm_audio_spk02.zip"
"F02852B_SPK02.wav","SPK02","220656","0.2104","cantharm_audio_spk02.zip","downloads/packages/cantharm_audio_spk02.zip"
"F02853_SPK02.wav","SPK02","438056","0.4178","cantharm_audio_spk02.zip","downloads/packages/cantharm_audio_spk02.zip"
"F02854_SPK02.wav","SPK02","327464","0.3123","cantharm_audio_spk02.zip","downloads/packages/cantharm_audio_spk02.zip"
"F02855_SPK02.wav","SPK02","355112","0.3387","cantharm_audio_spk02.zip","downloads/packages/cantharm_audio_spk02.zip"
"F02856_SPK02.wav","SPK02","451880","0.4309","cantharm_audio_spk02.zip","downloads/packages/cantharm_audio_spk02.zip"
"F02857_SPK02.wav","SPK02","521000","0.4969","cantharm_audio_spk02.zip","downloads/packages/cantharm_audio_spk02.zip"
"F02858_SPK02.wav","SPK02","285992","0.2727","cantharm_audio_spk02.zip","downloads/packages/cantharm_audio_spk02.zip"
"F02859_SPK02.wav","SPK02","350504","0.3343","cantharm_audio_spk02.zip","downloads/packages/cantharm_audio_spk02.zip"
"F02860_SPK02.wav","SPK02","428840","0.409","cantharm_audio_spk02.zip","downloads/packages/cantharm_audio_spk02.zip"
"F02861_SPK02.wav","SPK02","461096","0.4397","cantharm_audio_spk02.zip","downloads/packages/cantharm_audio_spk02.zip"
"F02862_SPK02.wav","SPK02","405800","0.387","cantharm_audio_spk02.zip","downloads/packages/cantharm_audio_spk02.zip"
"F02863_SPK02.wav","SPK02","410408","0.3914","cantharm_audio_spk02.zip","downloads/packages/cantharm_audio_spk02.zip"
"F02864_SPK02.wav","SPK02","391976","0.3738","cantharm_audio_spk02.zip","downloads/packages/cantharm_audio_spk02.zip"
"F02865_SPK02.wav","SPK02","391976","0.3738","cantharm_audio_spk02.zip","downloads/packages/cantharm_audio_spk02.zip"
"F02866_SPK02.wav","SPK02","405800","0.387","cantharm_audio_spk02.zip","downloads/packages/cantharm_audio_spk02.zip"
"F02867_SPK02.wav","SPK02","415016","0.3958","cantharm_audio_spk02.zip","downloads/packages/cantharm_audio_spk02.zip"
"F02868_SPK02.wav","SPK02","281384","0.2683","cantharm_audio_spk02.zip","downloads/packages/cantharm_audio_spk02.zip"
"F02869_SPK02.wav","SPK02","415016","0.3958","cantharm_audio_spk02.zip","downloads/packages/cantharm_audio_spk02.zip"
"F02870_SPK02.wav","SPK02","295208","0.2815","cantharm_audio_spk02.zip","downloads/packages/cantharm_audio_spk02.zip"
"F02871A_SPK02.wav","SPK02","213600","0.2037","cantharm_audio_spk02.zip","downloads/packages/cantharm_audio_spk02.zip"
"F02871B_SPK02.wav","SPK02","280632","0.2676","cantharm_audio_spk02.zip","downloads/packages/cantharm_audio_spk02.zip"
"F02872_SPK02.wav","SPK02","373544","0.3562","cantharm_audio_spk02.zip","downloads/packages/cantharm_audio_spk02.zip"
"F02873_SPK02.wav","SPK02","419624","0.4002","cantharm_audio_spk02.zip","downloads/packages/cantharm_audio_spk02.zip"
"F02874_SPK02.wav","SPK02","309032","0.2947","cantharm_audio_spk02.zip","downloads/packages/cantharm_audio_spk02.zip"
"F02875_SPK02.wav","SPK02","378152","0.3606","cantharm_audio_spk02.zip","downloads/packages/cantharm_audio_spk02.zip"
"F02876_SPK02.wav","SPK02","382760","0.365","cantharm_audio_spk02.zip","downloads/packages/cantharm_audio_spk02.zip"
"F02877_SPK02.wav","SPK02","373544","0.3562","cantharm_audio_spk02.zip","downloads/packages/cantharm_audio_spk02.zip"
"F02878_SPK02.wav","SPK02","470312","0.4485","cantharm_audio_spk02.zip","downloads/packages/cantharm_audio_spk02.zip"
"F02879_SPK02.wav","SPK02","433448","0.4134","cantharm_audio_spk02.zip","downloads/packages/cantharm_audio_spk02.zip"
"F02880_SPK02.wav","SPK02","382760","0.365","cantharm_audio_spk02.zip","downloads/packages/cantharm_audio_spk02.zip"
"F02881_SPK02.wav","SPK02","295208","0.2815","cantharm_audio_spk02.zip","downloads/packages/cantharm_audio_spk02.zip"
"F02882_SPK02.wav","SPK02","428840","0.409","cantharm_audio_spk02.zip","downloads/packages/cantharm_audio_spk02.zip"
"F02883_SPK02.wav","SPK02","447272","0.4266","cantharm_audio_spk02.zip","downloads/packages/cantharm_audio_spk02.zip"
"F02884_SPK02.wav","SPK02","378152","0.3606","cantharm_audio_spk02.zip","downloads/packages/cantharm_audio_spk02.zip"
"F02885_SPK02.wav","SPK02","497960","0.4749","cantharm_audio_spk02.zip","downloads/packages/cantharm_audio_spk02.zip"
"F02886_SPK02.wav","SPK02","387368","0.3694","cantharm_audio_spk02.zip","downloads/packages/cantharm_audio_spk02.zip"
"F02887_SPK02.wav","SPK02","382760","0.365","cantharm_audio_spk02.zip","downloads/packages/cantharm_audio_spk02.zip"
"F02888_SPK02.wav","SPK02","391976","0.3738","cantharm_audio_spk02.zip","downloads/packages/cantharm_audio_spk02.zip"
"F02889_SPK02.wav","SPK02","442664","0.4222","cantharm_audio_spk02.zip","downloads/packages/cantharm_audio_spk02.zip"
"F02890_SPK02.wav","SPK02","433448","0.4134","cantharm_audio_spk02.zip","downloads/packages/cantharm_audio_spk02.zip"
"F02891_SPK02.wav","SPK02","447272","0.4266","cantharm_audio_spk02.zip","downloads/packages/cantharm_audio_spk02.zip"
"F02892A_SPK10.wav","SPK10","397036","0.3786","cantharm_audio_spk10.zip","downloads/packages/cantharm_audio_spk10.zip"
"F02892B_SPK10.wav","SPK10","446428","0.4257","cantharm_audio_spk10.zip","downloads/packages/cantharm_audio_spk10.zip"
"F02893_SPK02.wav","SPK02","433448","0.4134","cantharm_audio_spk02.zip","downloads/packages/cantharm_audio_spk02.zip"
"F02894_SPK02.wav","SPK02","599336","0.5716","cantharm_audio_spk02.zip","downloads/packages/cantharm_audio_spk02.zip"
"F02895_SPK02.wav","SPK02","438056","0.4178","cantharm_audio_spk02.zip","downloads/packages/cantharm_audio_spk02.zip"
"F02896_SPK02.wav","SPK02","364328","0.3475","cantharm_audio_spk02.zip","downloads/packages/cantharm_audio_spk02.zip"
"F02897_SPK02.wav","SPK02","332072","0.3167","cantharm_audio_spk02.zip","downloads/packages/cantharm_audio_spk02.zip"
"F02898_SPK02.wav","SPK02","290600","0.2771","cantharm_audio_spk02.zip","downloads/packages/cantharm_audio_spk02.zip"
"F02899_SPK02.wav","SPK02","493352","0.4705","cantharm_audio_spk02.zip","downloads/packages/cantharm_audio_spk02.zip"
"F02900_SPK02.wav","SPK02","479528","0.4573","cantharm_audio_spk02.zip","downloads/packages/cantharm_audio_spk02.zip"
"F02901_SPK02.wav","SPK02","276776","0.264","cantharm_audio_spk02.zip","downloads/packages/cantharm_audio_spk02.zip"
"F02902_SPK02.wav","SPK02","557864","0.532","cantharm_audio_spk02.zip","downloads/packages/cantharm_audio_spk02.zip"
"F02903_SPK02.wav","SPK02","433448","0.4134","cantharm_audio_spk02.zip","downloads/packages/cantharm_audio_spk02.zip"
"F02904_SPK02.wav","SPK02","511784","0.4881","cantharm_audio_spk02.zip","downloads/packages/cantharm_audio_spk02.zip"
"F02905_SPK02.wav","SPK02","359720","0.3431","cantharm_audio_spk02.zip","downloads/packages/cantharm_audio_spk02.zip"
"F02906_SPK02.wav","SPK02","322856","0.3079","cantharm_audio_spk02.zip","downloads/packages/cantharm_audio_spk02.zip"
"F02907_SPK02.wav","SPK02","350504","0.3343","cantharm_audio_spk02.zip","downloads/packages/cantharm_audio_spk02.zip"
"F02908_SPK02.wav","SPK02","433448","0.4134","cantharm_audio_spk02.zip","downloads/packages/cantharm_audio_spk02.zip"
"F02909_SPK02.wav","SPK02","465704","0.4441","cantharm_audio_spk02.zip","downloads/packages/cantharm_audio_spk02.zip"
"F02910_SPK02.wav","SPK02","516392","0.4925","cantharm_audio_spk02.zip","downloads/packages/cantharm_audio_spk02.zip"
"F02911_SPK02.wav","SPK02","474920","0.4529","cantharm_audio_spk02.zip","downloads/packages/cantharm_audio_spk02.zip"
"F02912_SPK02.wav","SPK02","410408","0.3914","cantharm_audio_spk02.zip","downloads/packages/cantharm_audio_spk02.zip"
"F02913_SPK02.wav","SPK02","456488","0.4353","cantharm_audio_spk02.zip","downloads/packages/cantharm_audio_spk02.zip"
"F02914_SPK02.wav","SPK02","521000","0.4969","cantharm_audio_spk02.zip","downloads/packages/cantharm_audio_spk02.zip"
"F02915_SPK02.wav","SPK02","396584","0.3782","cantharm_audio_spk02.zip","downloads/packages/cantharm_audio_spk02.zip"
"F02916_SPK02.wav","SPK02","309032","0.2947","cantharm_audio_spk02.zip","downloads/packages/cantharm_audio_spk02.zip"
"F02917_SPK02.wav","SPK02","336680","0.3211","cantharm_audio_spk02.zip","downloads/packages/cantharm_audio_spk02.zip"
"F02918_SPK02.wav","SPK02","327464","0.3123","cantharm_audio_spk02.zip","downloads/packages/cantharm_audio_spk02.zip"
"F02919_SPK02.wav","SPK02","419624","0.4002","cantharm_audio_spk02.zip","downloads/packages/cantharm_audio_spk02.zip"
"F02920_SPK02.wav","SPK02","507176","0.4837","cantharm_audio_spk02.zip","downloads/packages/cantharm_audio_spk02.zip"
"F02921_SPK02.wav","SPK02","332072","0.3167","cantharm_audio_spk02.zip","downloads/packages/cantharm_audio_spk02.zip"
"F02922_SPK02.wav","SPK02","474920","0.4529","cantharm_audio_spk02.zip","downloads/packages/cantharm_audio_spk02.zip"
"F02923_SPK02.wav","SPK02","378152","0.3606","cantharm_audio_spk02.zip","downloads/packages/cantharm_audio_spk02.zip"
"F02924_SPK02.wav","SPK02","373544","0.3562","cantharm_audio_spk02.zip","downloads/packages/cantharm_audio_spk02.zip"
"F02925_SPK02.wav","SPK02","428840","0.409","cantharm_audio_spk02.zip","downloads/packages/cantharm_audio_spk02.zip"
"F02926_SPK02.wav","SPK02","428840","0.409","cantharm_audio_spk02.zip","downloads/packages/cantharm_audio_spk02.zip"
"F02927_SPK02.wav","SPK02","424232","0.4046","cantharm_audio_spk02.zip","downloads/packages/cantharm_audio_spk02.zip"
"F02928_SPK02.wav","SPK02","470312","0.4485","cantharm_audio_spk02.zip","downloads/packages/cantharm_audio_spk02.zip"
"F02929_SPK02.wav","SPK02","382760","0.365","cantharm_audio_spk02.zip","downloads/packages/cantharm_audio_spk02.zip"
"F02930_SPK02.wav","SPK02","401192","0.3826","cantharm_audio_spk02.zip","downloads/packages/cantharm_audio_spk02.zip"
"F02931_SPK02.wav","SPK02","401192","0.3826","cantharm_audio_spk02.zip","downloads/packages/cantharm_audio_spk02.zip"
"F02932_SPK02.wav","SPK02","470312","0.4485","cantharm_audio_spk02.zip","downloads/packages/cantharm_audio_spk02.zip"
"F02933_SPK02.wav","SPK02","474920","0.4529","cantharm_audio_spk02.zip","downloads/packages/cantharm_audio_spk02.zip"
"F02934_SPK02.wav","SPK02","410408","0.3914","cantharm_audio_spk02.zip","downloads/packages/cantharm_audio_spk02.zip"
"F02935_SPK02.wav","SPK02","405800","0.387","cantharm_audio_spk02.zip","downloads/packages/cantharm_audio_spk02.zip"
"F02936_SPK02.wav","SPK02","410408","0.3914","cantharm_audio_spk02.zip","downloads/packages/cantharm_audio_spk02.zip"
"F02937_SPK02.wav","SPK02","401192","0.3826","cantharm_audio_spk02.zip","downloads/packages/cantharm_audio_spk02.zip"
"F02938_SPK02.wav","SPK02","656780","0.6264","cantharm_audio_spk02.zip","downloads/packages/cantharm_audio_spk02.zip"
"F02939_SPK02.wav","SPK02","873740","0.8333","cantharm_audio_spk02.zip","downloads/packages/cantharm_audio_spk02.zip"
"F02940_SPK02.wav","SPK02","636200","0.6067","cantharm_audio_spk02.zip","downloads/packages/cantharm_audio_spk02.zip"
"F02941_SPK02.wav","SPK02","433448","0.4134","cantharm_audio_spk02.zip","downloads/packages/cantharm_audio_spk02.zip"
"F02942_SPK02.wav","SPK02","659240","0.6287","cantharm_audio_spk02.zip","downloads/packages/cantharm_audio_spk02.zip"
"F02943_SPK02.wav","SPK02","590120","0.5628","cantharm_audio_spk02.zip","downloads/packages/cantharm_audio_spk02.zip"
"F02944_SPK02.wav","SPK02","783628","0.7473","cantharm_audio_spk02.zip","downloads/packages/cantharm_audio_spk02.zip"
"F02945_SPK02.wav","SPK02","521000","0.4969","cantharm_audio_spk02.zip","downloads/packages/cantharm_audio_spk02.zip"
"F02946_SPK02.wav","SPK02","557864","0.532","cantharm_audio_spk02.zip","downloads/packages/cantharm_audio_spk02.zip"
"F02947_SPK02.wav","SPK02","474920","0.4529","cantharm_audio_spk02.zip","downloads/packages/cantharm_audio_spk02.zip"
"F02948_SPK02.wav","SPK02","663848","0.6331","cantharm_audio_spk02.zip","downloads/packages/cantharm_audio_spk02.zip"
"F02949_SPK02.wav","SPK02","309032","0.2947","cantharm_audio_spk02.zip","downloads/packages/cantharm_audio_spk02.zip"
"F02950_SPK02.wav","SPK02","461096","0.4397","cantharm_audio_spk02.zip","downloads/packages/cantharm_audio_spk02.zip"
"F02951_SPK02.wav","SPK02","424232","0.4046","cantharm_audio_spk02.zip","downloads/packages/cantharm_audio_spk02.zip"
"F02952_SPK02.wav","SPK02","502568","0.4793","cantharm_audio_spk02.zip","downloads/packages/cantharm_audio_spk02.zip"
"F02953_SPK02.wav","SPK02","304424","0.2903","cantharm_audio_spk02.zip","downloads/packages/cantharm_audio_spk02.zip"
"F02954_SPK02.wav","SPK02","419624","0.4002","cantharm_audio_spk02.zip","downloads/packages/cantharm_audio_spk02.zip"
"F02955_SPK02.wav","SPK02","415016","0.3958","cantharm_audio_spk02.zip","downloads/packages/cantharm_audio_spk02.zip"
"F02956_SPK02.wav","SPK02","396584","0.3782","cantharm_audio_spk02.zip","downloads/packages/cantharm_audio_spk02.zip"
"F02957_SPK02.wav","SPK02","336680","0.3211","cantharm_audio_spk02.zip","downloads/packages/cantharm_audio_spk02.zip"
"F02958_SPK02.wav","SPK02","382760","0.365","cantharm_audio_spk02.zip","downloads/packages/cantharm_audio_spk02.zip"
"F02959_SPK02.wav","SPK02","401192","0.3826","cantharm_audio_spk02.zip","downloads/packages/cantharm_audio_spk02.zip"
"F02960_SPK02.wav","SPK02","410408","0.3914","cantharm_audio_spk02.zip","downloads/packages/cantharm_audio_spk02.zip"
"F02961_SPK02.wav","SPK02","419624","0.4002","cantharm_audio_spk02.zip","downloads/packages/cantharm_audio_spk02.zip"
"F02962_SPK02.wav","SPK02","438056","0.4178","cantharm_audio_spk02.zip","downloads/packages/cantharm_audio_spk02.zip"
"F02963A_SPK02.wav","SPK02","266520","0.2542","cantharm_audio_spk02.zip","downloads/packages/cantharm_audio_spk02.zip"
"F02963B_SPK02.wav","SPK02","259464","0.2474","cantharm_audio_spk02.zip","downloads/packages/cantharm_audio_spk02.zip"
"F02964_SPK02.wav","SPK02","419624","0.4002","cantharm_audio_spk02.zip","downloads/packages/cantharm_audio_spk02.zip"
"F02965_SPK02.wav","SPK02","401192","0.3826","cantharm_audio_spk02.zip","downloads/packages/cantharm_audio_spk02.zip"
"F02966_SPK02.wav","SPK02","401192","0.3826","cantharm_audio_spk02.zip","downloads/packages/cantharm_audio_spk02.zip"
"F02967_SPK02.wav","SPK02","285992","0.2727","cantharm_audio_spk02.zip","downloads/packages/cantharm_audio_spk02.zip"
"F02968_SPK02.wav","SPK02","631592","0.6023","cantharm_audio_spk02.zip","downloads/packages/cantharm_audio_spk02.zip"
"F02969_SPK02.wav","SPK02","313640","0.2991","cantharm_audio_spk02.zip","downloads/packages/cantharm_audio_spk02.zip"
"F02970_SPK02.wav","SPK02","313640","0.2991","cantharm_audio_spk02.zip","downloads/packages/cantharm_audio_spk02.zip"
"F02971_SPK02.wav","SPK02","391976","0.3738","cantharm_audio_spk02.zip","downloads/packages/cantharm_audio_spk02.zip"
"F02972_SPK02.wav","SPK02","396584","0.3782","cantharm_audio_spk02.zip","downloads/packages/cantharm_audio_spk02.zip"
"F02973_SPK02.wav","SPK02","461096","0.4397","cantharm_audio_spk02.zip","downloads/packages/cantharm_audio_spk02.zip"
"F02974_SPK02.wav","SPK02","438056","0.4178","cantharm_audio_spk02.zip","downloads/packages/cantharm_audio_spk02.zip"
"F02975_SPK02.wav","SPK02","438056","0.4178","cantharm_audio_spk02.zip","downloads/packages/cantharm_audio_spk02.zip"
"F02976_SPK02.wav","SPK02","364328","0.3475","cantharm_audio_spk02.zip","downloads/packages/cantharm_audio_spk02.zip"
"F02977_SPK02.wav","SPK02","497960","0.4749","cantharm_audio_spk02.zip","downloads/packages/cantharm_audio_spk02.zip"
"F02978_SPK02.wav","SPK02","401192","0.3826","cantharm_audio_spk02.zip","downloads/packages/cantharm_audio_spk02.zip"
"F02979_SPK02.wav","SPK02","433448","0.4134","cantharm_audio_spk02.zip","downloads/packages/cantharm_audio_spk02.zip"
"F02980_SPK02.wav","SPK02","626984","0.5979","cantharm_audio_spk02.zip","downloads/packages/cantharm_audio_spk02.zip"
"F02981_SPK02.wav","SPK02","415016","0.3958","cantharm_audio_spk02.zip","downloads/packages/cantharm_audio_spk02.zip"
"F02982_SPK02.wav","SPK02","295208","0.2815","cantharm_audio_spk02.zip","downloads/packages/cantharm_audio_spk02.zip"
"F02983_SPK02.wav","SPK02","327464","0.3123","cantharm_audio_spk02.zip","downloads/packages/cantharm_audio_spk02.zip"
"F02984_SPK02.wav","SPK02","576296","0.5496","cantharm_audio_spk02.zip","downloads/packages/cantharm_audio_spk02.zip"
"F02985_SPK02.wav","SPK02","511784","0.4881","cantharm_audio_spk02.zip","downloads/packages/cantharm_audio_spk02.zip"
"F02986_SPK02.wav","SPK02","355112","0.3387","cantharm_audio_spk02.zip","downloads/packages/cantharm_audio_spk02.zip"
"F02987_SPK02.wav","SPK02","447272","0.4266","cantharm_audio_spk02.zip","downloads/packages/cantharm_audio_spk02.zip"
"F02988_SPK02.wav","SPK02","415016","0.3958","cantharm_audio_spk02.zip","downloads/packages/cantharm_audio_spk02.zip"
"F02989_SPK02.wav","SPK02","382760","0.365","cantharm_audio_spk02.zip","downloads/packages/cantharm_audio_spk02.zip"
"F02990_SPK02.wav","SPK02","332072","0.3167","cantharm_audio_spk02.zip","downloads/packages/cantharm_audio_spk02.zip"
"F02991_SPK02.wav","SPK02","442664","0.4222","cantharm_audio_spk02.zip","downloads/packages/cantharm_audio_spk02.zip"
"F02992_SPK02.wav","SPK02","318248","0.3035","cantharm_audio_spk02.zip","downloads/packages/cantharm_audio_spk02.zip"
"F02993_SPK02.wav","SPK02","539432","0.5144","cantharm_audio_spk02.zip","downloads/packages/cantharm_audio_spk02.zip"
"F02994_SPK02.wav","SPK02","318248","0.3035","cantharm_audio_spk02.zip","downloads/packages/cantharm_audio_spk02.zip"
"F02995_SPK02.wav","SPK02","368936","0.3518","cantharm_audio_spk02.zip","downloads/packages/cantharm_audio_spk02.zip"
"F02996_SPK02.wav","SPK02","382760","0.365","cantharm_audio_spk02.zip","downloads/packages/cantharm_audio_spk02.zip"
"F02997_SPK02.wav","SPK02","364328","0.3475","cantharm_audio_spk02.zip","downloads/packages/cantharm_audio_spk02.zip"
"F02998_SPK02.wav","SPK02","497960","0.4749","cantharm_audio_spk02.zip","downloads/packages/cantharm_audio_spk02.zip"
"F02999_SPK02.wav","SPK02","428840","0.409","cantharm_audio_spk02.zip","downloads/packages/cantharm_audio_spk02.zip"
"F03000_SPK02.wav","SPK02","488744","0.4661","cantharm_audio_spk02.zip","downloads/packages/cantharm_audio_spk02.zip"
"F03001_SPK02.wav","SPK02","451880","0.4309","cantharm_audio_spk02.zip","downloads/packages/cantharm_audio_spk02.zip"
"F03002_SPK02.wav","SPK02","488744","0.4661","cantharm_audio_spk02.zip","downloads/packages/cantharm_audio_spk02.zip"
"F03003_SPK02.wav","SPK02","378152","0.3606","cantharm_audio_spk02.zip","downloads/packages/cantharm_audio_spk02.zip"
"F03004_SPK02.wav","SPK02","442664","0.4222","cantharm_audio_spk02.zip","downloads/packages/cantharm_audio_spk02.zip"
"F03005_SPK02.wav","SPK02","368936","0.3518","cantharm_audio_spk02.zip","downloads/packages/cantharm_audio_spk02.zip"
"F03006_SPK02.wav","SPK02","373544","0.3562","cantharm_audio_spk02.zip","downloads/packages/cantharm_audio_spk02.zip"
"F03007_SPK02.wav","SPK02","433448","0.4134","cantharm_audio_spk02.zip","downloads/packages/cantharm_audio_spk02.zip"
"F03008_SPK02.wav","SPK02","451880","0.4309","cantharm_audio_spk02.zip","downloads/packages/cantharm_audio_spk02.zip"
"F03009_SPK02.wav","SPK02","373544","0.3562","cantharm_audio_spk02.zip","downloads/packages/cantharm_audio_spk02.zip"
"F03010_SPK02.wav","SPK02","391976","0.3738","cantharm_audio_spk02.zip","downloads/packages/cantharm_audio_spk02.zip"
"F03011_SPK02.wav","SPK02","424232","0.4046","cantharm_audio_spk02.zip","downloads/packages/cantharm_audio_spk02.zip"
"F03012_SPK02.wav","SPK02","433448","0.4134","cantharm_audio_spk02.zip","downloads/packages/cantharm_audio_spk02.zip"
"F03013_SPK02.wav","SPK02","355112","0.3387","cantharm_audio_spk02.zip","downloads/packages/cantharm_audio_spk02.zip"
"F03014_SPK02.wav","SPK02","364328","0.3475","cantharm_audio_spk02.zip","downloads/packages/cantharm_audio_spk02.zip"
"F03015_SPK02.wav","SPK02","368936","0.3518","cantharm_audio_spk02.zip","downloads/packages/cantharm_audio_spk02.zip"
"F03016_SPK02.wav","SPK02","355112","0.3387","cantharm_audio_spk02.zip","downloads/packages/cantharm_audio_spk02.zip"
"F03017_SPK02.wav","SPK02","378152","0.3606","cantharm_audio_spk02.zip","downloads/packages/cantharm_audio_spk02.zip"
"F03018_SPK02.wav","SPK02","461096","0.4397","cantharm_audio_spk02.zip","downloads/packages/cantharm_audio_spk02.zip"
"F03019_SPK02.wav","SPK02","470312","0.4485","cantharm_audio_spk02.zip","downloads/packages/cantharm_audio_spk02.zip"
"F03020_SPK02.wav","SPK02","373544","0.3562","cantharm_audio_spk02.zip","downloads/packages/cantharm_audio_spk02.zip"
"F03021_SPK02.wav","SPK02","378152","0.3606","cantharm_audio_spk02.zip","downloads/packages/cantharm_audio_spk02.zip"
"F03022_SPK02.wav","SPK02","474920","0.4529","cantharm_audio_spk02.zip","downloads/packages/cantharm_audio_spk02.zip"
"F03023_SPK02.wav","SPK02","382760","0.365","cantharm_audio_spk02.zip","downloads/packages/cantharm_audio_spk02.zip"
"F03024A_SPK11.wav","SPK11","222420","0.2121","cantharm_audio_spk11.zip","downloads/packages/cantharm_audio_spk11.zip"
"F03024B_SPK11.wav","SPK11","278868","0.2659","cantharm_audio_spk11.zip","downloads/packages/cantharm_audio_spk11.zip"
"F03025_SPK02.wav","SPK02","387368","0.3694","cantharm_audio_spk02.zip","downloads/packages/cantharm_audio_spk02.zip"
"F03026_SPK02.wav","SPK02","419624","0.4002","cantharm_audio_spk02.zip","downloads/packages/cantharm_audio_spk02.zip"
"F03027_SPK02.wav","SPK02","456488","0.4353","cantharm_audio_spk02.zip","downloads/packages/cantharm_audio_spk02.zip"
"F03028_SPK02.wav","SPK02","373544","0.3562","cantharm_audio_spk02.zip","downloads/packages/cantharm_audio_spk02.zip"
"F03029_SPK02.wav","SPK02","332072","0.3167","cantharm_audio_spk02.zip","downloads/packages/cantharm_audio_spk02.zip"
"F03030_SPK02.wav","SPK02","332072","0.3167","cantharm_audio_spk02.zip","downloads/packages/cantharm_audio_spk02.zip"
"F03031_SPK02.wav","SPK02","350504","0.3343","cantharm_audio_spk02.zip","downloads/packages/cantharm_audio_spk02.zip"
"F03032_SPK02.wav","SPK02","350504","0.3343","cantharm_audio_spk02.zip","downloads/packages/cantharm_audio_spk02.zip"
"F03033_SPK02.wav","SPK02","451880","0.4309","cantharm_audio_spk02.zip","downloads/packages/cantharm_audio_spk02.zip"
"F03034_SPK02.wav","SPK02","396584","0.3782","cantharm_audio_spk02.zip","downloads/packages/cantharm_audio_spk02.zip"
"F03035_SPK02.wav","SPK02","521000","0.4969","cantharm_audio_spk02.zip","downloads/packages/cantharm_audio_spk02.zip"
"F03036_SPK02.wav","SPK02","336680","0.3211","cantharm_audio_spk02.zip","downloads/packages/cantharm_audio_spk02.zip"
"F03037_SPK02.wav","SPK02","396584","0.3782","cantharm_audio_spk02.zip","downloads/packages/cantharm_audio_spk02.zip"
"F03038_SPK02.wav","SPK02","567080","0.5408","cantharm_audio_spk02.zip","downloads/packages/cantharm_audio_spk02.zip"
"F03039_SPK02.wav","SPK02","465704","0.4441","cantharm_audio_spk02.zip","downloads/packages/cantharm_audio_spk02.zip"
"F03040_SPK02.wav","SPK02","516392","0.4925","cantharm_audio_spk02.zip","downloads/packages/cantharm_audio_spk02.zip"
"F03041_SPK02.wav","SPK02","391976","0.3738","cantharm_audio_spk02.zip","downloads/packages/cantharm_audio_spk02.zip"
"F03042_SPK02.wav","SPK02","378152","0.3606","cantharm_audio_spk02.zip","downloads/packages/cantharm_audio_spk02.zip"
"F03043_SPK02.wav","SPK02","309032","0.2947","cantharm_audio_spk02.zip","downloads/packages/cantharm_audio_spk02.zip"
"F03044_SPK02.wav","SPK02","599336","0.5716","cantharm_audio_spk02.zip","downloads/packages/cantharm_audio_spk02.zip"
"F03045_SPK02.wav","SPK02","391976","0.3738","cantharm_audio_spk02.zip","downloads/packages/cantharm_audio_spk02.zip"
"F03046_SPK02.wav","SPK02","488744","0.4661","cantharm_audio_spk02.zip","downloads/packages/cantharm_audio_spk02.zip"
"F03047_SPK02.wav","SPK02","350504","0.3343","cantharm_audio_spk02.zip","downloads/packages/cantharm_audio_spk02.zip"
"F03048_SPK02.wav","SPK02","285992","0.2727","cantharm_audio_spk02.zip","downloads/packages/cantharm_audio_spk02.zip"
"F03049_SPK02.wav","SPK02","355112","0.3387","cantharm_audio_spk02.zip","downloads/packages/cantharm_audio_spk02.zip"
"F03050_SPK02.wav","SPK02","433448","0.4134","cantharm_audio_spk02.zip","downloads/packages/cantharm_audio_spk02.zip"
"F03051_SPK02.wav","SPK02","364328","0.3475","cantharm_audio_spk02.zip","downloads/packages/cantharm_audio_spk02.zip"
"F03052_SPK02.wav","SPK02","599336","0.5716","cantharm_audio_spk02.zip","downloads/packages/cantharm_audio_spk02.zip"
"F03053_SPK02.wav","SPK02","410408","0.3914","cantharm_audio_spk02.zip","downloads/packages/cantharm_audio_spk02.zip"
"F03054_SPK02.wav","SPK02","336680","0.3211","cantharm_audio_spk02.zip","downloads/packages/cantharm_audio_spk02.zip"
"F03055_SPK02.wav","SPK02","424232","0.4046","cantharm_audio_spk02.zip","downloads/packages/cantharm_audio_spk02.zip"
"F03056_SPK02.wav","SPK02","368936","0.3518","cantharm_audio_spk02.zip","downloads/packages/cantharm_audio_spk02.zip"
"F03057_SPK02.wav","SPK02","442664","0.4222","cantharm_audio_spk02.zip","downloads/packages/cantharm_audio_spk02.zip"
"F03058_SPK02.wav","SPK02","502568","0.4793","cantharm_audio_spk02.zip","downloads/packages/cantharm_audio_spk02.zip"
"F03059_SPK02.wav","SPK02","332072","0.3167","cantharm_audio_spk02.zip","downloads/packages/cantharm_audio_spk02.zip"
"F03060_SPK02.wav","SPK02","368936","0.3518","cantharm_audio_spk02.zip","downloads/packages/cantharm_audio_spk02.zip"
"F03061_SPK02.wav","SPK02","382760","0.365","cantharm_audio_spk02.zip","downloads/packages/cantharm_audio_spk02.zip"
"F03062_SPK02.wav","SPK02","368936","0.3518","cantharm_audio_spk02.zip","downloads/packages/cantharm_audio_spk02.zip"
"F03063_SPK02.wav","SPK02","359720","0.3431","cantharm_audio_spk02.zip","downloads/packages/cantharm_audio_spk02.zip"
"F03064_SPK02.wav","SPK02","479528","0.4573","cantharm_audio_spk02.zip","downloads/packages/cantharm_audio_spk02.zip"
"F03065_SPK02.wav","SPK02","332072","0.3167","cantharm_audio_spk02.zip","downloads/packages/cantharm_audio_spk02.zip"
"F03066_SPK02.wav","SPK02","387368","0.3694","cantharm_audio_spk02.zip","downloads/packages/cantharm_audio_spk02.zip"
"F03067_SPK02.wav","SPK02","341288","0.3255","cantharm_audio_spk02.zip","downloads/packages/cantharm_audio_spk02.zip"
"F03068_SPK02.wav","SPK02","438056","0.4178","cantharm_audio_spk02.zip","downloads/packages/cantharm_audio_spk02.zip"
"F03069_SPK02.wav","SPK02","405800","0.387","cantharm_audio_spk02.zip","downloads/packages/cantharm_audio_spk02.zip"
"F03070_SPK02.wav","SPK02","419624","0.4002","cantharm_audio_spk02.zip","downloads/packages/cantharm_audio_spk02.zip"
"F03071_SPK02.wav","SPK02","382760","0.365","cantharm_audio_spk02.zip","downloads/packages/cantharm_audio_spk02.zip"
"F03072_SPK02.wav","SPK02","396584","0.3782","cantharm_audio_spk02.zip","downloads/packages/cantharm_audio_spk02.zip"
"F03073_SPK02.wav","SPK02","364328","0.3475","cantharm_audio_spk02.zip","downloads/packages/cantharm_audio_spk02.zip"
"F03074_SPK02.wav","SPK02","410408","0.3914","cantharm_audio_spk02.zip","downloads/packages/cantharm_audio_spk02.zip"
"F03075_SPK02.wav","SPK02","364328","0.3475","cantharm_audio_spk02.zip","downloads/packages/cantharm_audio_spk02.zip"
"F03076_SPK02.wav","SPK02","613160","0.5848","cantharm_audio_spk02.zip","downloads/packages/cantharm_audio_spk02.zip"
"F03077_SPK02.wav","SPK02","461096","0.4397","cantharm_audio_spk02.zip","downloads/packages/cantharm_audio_spk02.zip"
"F03078_SPK02.wav","SPK02","378152","0.3606","cantharm_audio_spk02.zip","downloads/packages/cantharm_audio_spk02.zip"
"F03079_SPK02.wav","SPK02","378152","0.3606","cantharm_audio_spk02.zip","downloads/packages/cantharm_audio_spk02.zip"
"F03080_SPK02.wav","SPK02","318248","0.3035","cantharm_audio_spk02.zip","downloads/packages/cantharm_audio_spk02.zip"
"F03081_SPK02.wav","SPK02","516392","0.4925","cantharm_audio_spk02.zip","downloads/packages/cantharm_audio_spk02.zip"
"F03082_SPK02.wav","SPK02","456488","0.4353","cantharm_audio_spk02.zip","downloads/packages/cantharm_audio_spk02.zip"
"F03083A_SPK02.wav","SPK02","228516","0.2179","cantharm_audio_spk02.zip","downloads/packages/cantharm_audio_spk02.zip"
"F03083B_SPK02.wav","SPK02","278868","0.2659","cantharm_audio_spk02.zip","downloads/packages/cantharm_audio_spk02.zip"
"F03084_SPK02.wav","SPK02","345896","0.3299","cantharm_audio_spk02.zip","downloads/packages/cantharm_audio_spk02.zip"
"F03085_SPK02.wav","SPK02","336680","0.3211","cantharm_audio_spk02.zip","downloads/packages/cantharm_audio_spk02.zip"
"F03086_SPK02.wav","SPK02","267560","0.2552","cantharm_audio_spk02.zip","downloads/packages/cantharm_audio_spk02.zip"
"F03087_SPK02.wav","SPK02","451880","0.4309","cantharm_audio_spk02.zip","downloads/packages/cantharm_audio_spk02.zip"
"F03088_SPK02.wav","SPK02","309032","0.2947","cantharm_audio_spk02.zip","downloads/packages/cantharm_audio_spk02.zip"
"F03089_SPK02.wav","SPK02","368936","0.3518","cantharm_audio_spk02.zip","downloads/packages/cantharm_audio_spk02.zip"
"F03090_SPK02.wav","SPK02","373544","0.3562","cantharm_audio_spk02.zip","downloads/packages/cantharm_audio_spk02.zip"
"F03091_SPK02.wav","SPK02","378152","0.3606","cantharm_audio_spk02.zip","downloads/packages/cantharm_audio_spk02.zip"
"F03092_SPK02.wav","SPK02","470312","0.4485","cantharm_audio_spk02.zip","downloads/packages/cantharm_audio_spk02.zip"
"F03093_SPK02.wav","SPK02","410408","0.3914","cantharm_audio_spk02.zip","downloads/packages/cantharm_audio_spk02.zip"
"F03094_SPK02.wav","SPK02","341288","0.3255","cantharm_audio_spk02.zip","downloads/packages/cantharm_audio_spk02.zip"
"F03095_SPK02.wav","SPK02","313640","0.2991","cantharm_audio_spk02.zip","downloads/packages/cantharm_audio_spk02.zip"
"F03096_SPK02.wav","SPK02","401192","0.3826","cantharm_audio_spk02.zip","downloads/packages/cantharm_audio_spk02.zip"
"F03097_SPK02.wav","SPK02","364328","0.3475","cantharm_audio_spk02.zip","downloads/packages/cantharm_audio_spk02.zip"
"F03098_SPK02.wav","SPK02","391976","0.3738","cantharm_audio_spk02.zip","downloads/packages/cantharm_audio_spk02.zip"
"F03099_SPK02.wav","SPK02","373544","0.3562","cantharm_audio_spk02.zip","downloads/packages/cantharm_audio_spk02.zip"
"F03100_SPK02.wav","SPK02","350504","0.3343","cantharm_audio_spk02.zip","downloads/packages/cantharm_audio_spk02.zip"
"F03101_SPK02.wav","SPK02","497960","0.4749","cantharm_audio_spk02.zip","downloads/packages/cantharm_audio_spk02.zip"
"F03102_SPK02.wav","SPK02","470312","0.4485","cantharm_audio_spk02.zip","downloads/packages/cantharm_audio_spk02.zip"
"F03103_SPK02.wav","SPK02","493352","0.4705","cantharm_audio_spk02.zip","downloads/packages/cantharm_audio_spk02.zip"
"F03104_SPK02.wav","SPK02","415016","0.3958","cantharm_audio_spk02.zip","downloads/packages/cantharm_audio_spk02.zip"
"F03105_SPK02.wav","SPK02","373544","0.3562","cantharm_audio_spk02.zip","downloads/packages/cantharm_audio_spk02.zip"
"F03106_SPK02.wav","SPK02","341288","0.3255","cantharm_audio_spk02.zip","downloads/packages/cantharm_audio_spk02.zip"
"F03107_SPK02.wav","SPK02","332072","0.3167","cantharm_audio_spk02.zip","downloads/packages/cantharm_audio_spk02.zip"
"F03108_SPK02.wav","SPK02","442664","0.4222","cantharm_audio_spk02.zip","downloads/packages/cantharm_audio_spk02.zip"
"F03109_SPK02.wav","SPK02","479528","0.4573","cantharm_audio_spk02.zip","downloads/packages/cantharm_audio_spk02.zip"
"F03110_SPK02.wav","SPK02","387368","0.3694","cantharm_audio_spk02.zip","downloads/packages/cantharm_audio_spk02.zip"
"F03111_SPK02.wav","SPK02","382760","0.365","cantharm_audio_spk02.zip","downloads/packages/cantharm_audio_spk02.zip"
"F03112_SPK02.wav","SPK02","447272","0.4266","cantharm_audio_spk02.zip","downloads/packages/cantharm_audio_spk02.zip"
"F03113_SPK02.wav","SPK02","433448","0.4134","cantharm_audio_spk02.zip","downloads/packages/cantharm_audio_spk02.zip"
"F03114_SPK02.wav","SPK02","382760","0.365","cantharm_audio_spk02.zip","downloads/packages/cantharm_audio_spk02.zip"
"F03115_SPK02.wav","SPK02","332072","0.3167","cantharm_audio_spk02.zip","downloads/packages/cantharm_audio_spk02.zip"
"F03116_SPK02.wav","SPK02","378152","0.3606","cantharm_audio_spk02.zip","downloads/packages/cantharm_audio_spk02.zip"
"F03117_SPK02.wav","SPK02","382760","0.365","cantharm_audio_spk02.zip","downloads/packages/cantharm_audio_spk02.zip"
"F03118_SPK02.wav","SPK02","355112","0.3387","cantharm_audio_spk02.zip","downloads/packages/cantharm_audio_spk02.zip"
"F03119_SPK02.wav","SPK02","424232","0.4046","cantharm_audio_spk02.zip","downloads/packages/cantharm_audio_spk02.zip"
"F03120_SPK02.wav","SPK02","396584","0.3782","cantharm_audio_spk02.zip","downloads/packages/cantharm_audio_spk02.zip"
"F03121_SPK02.wav","SPK02","502568","0.4793","cantharm_audio_spk02.zip","downloads/packages/cantharm_audio_spk02.zip"
"F03122_SPK02.wav","SPK02","364328","0.3475","cantharm_audio_spk02.zip","downloads/packages/cantharm_audio_spk02.zip"
"F03123_SPK02.wav","SPK02","373544","0.3562","cantharm_audio_spk02.zip","downloads/packages/cantharm_audio_spk02.zip"
"F03124_SPK02.wav","SPK02","419624","0.4002","cantharm_audio_spk02.zip","downloads/packages/cantharm_audio_spk02.zip"
"F03125_SPK02.wav","SPK02","387368","0.3694","cantharm_audio_spk02.zip","downloads/packages/cantharm_audio_spk02.zip"
"F03126_SPK02.wav","SPK02","391976","0.3738","cantharm_audio_spk02.zip","downloads/packages/cantharm_audio_spk02.zip"
"F03127_SPK02.wav","SPK02","359720","0.3431","cantharm_audio_spk02.zip","downloads/packages/cantharm_audio_spk02.zip"
"F03128_SPK02.wav","SPK02","382760","0.365","cantharm_audio_spk02.zip","downloads/packages/cantharm_audio_spk02.zip"
"F03129_SPK02.wav","SPK02","350504","0.3343","cantharm_audio_spk02.zip","downloads/packages/cantharm_audio_spk02.zip"
"F03130_SPK02.wav","SPK02","350504","0.3343","cantharm_audio_spk02.zip","downloads/packages/cantharm_audio_spk02.zip"
"F03131_SPK02.wav","SPK02","428840","0.409","cantharm_audio_spk02.zip","downloads/packages/cantharm_audio_spk02.zip"
"F03132_SPK02.wav","SPK02","631592","0.6023","cantharm_audio_spk02.zip","downloads/packages/cantharm_audio_spk02.zip"
"F03133_SPK02.wav","SPK02","309032","0.2947","cantharm_audio_spk02.zip","downloads/packages/cantharm_audio_spk02.zip"
"F03134_SPK02.wav","SPK02","378152","0.3606","cantharm_audio_spk02.zip","downloads/packages/cantharm_audio_spk02.zip"
"F03135_SPK02.wav","SPK02","438056","0.4178","cantharm_audio_spk02.zip","downloads/packages/cantharm_audio_spk02.zip"
"F03136_SPK02.wav","SPK02","387368","0.3694","cantharm_audio_spk02.zip","downloads/packages/cantharm_audio_spk02.zip"
"F03137_SPK02.wav","SPK02","387368","0.3694","cantharm_audio_spk02.zip","downloads/packages/cantharm_audio_spk02.zip"
"F03138_SPK02.wav","SPK02","332072","0.3167","cantharm_audio_spk02.zip","downloads/packages/cantharm_audio_spk02.zip"
"F03139_SPK02.wav","SPK02","359720","0.3431","cantharm_audio_spk02.zip","downloads/packages/cantharm_audio_spk02.zip"
"F03140_SPK02.wav","SPK02","355112","0.3387","cantharm_audio_spk02.zip","downloads/packages/cantharm_audio_spk02.zip"
"F03141_SPK02.wav","SPK02","368936","0.3518","cantharm_audio_spk02.zip","downloads/packages/cantharm_audio_spk02.zip"
"F03142_SPK02.wav","SPK02","521000","0.4969","cantharm_audio_spk02.zip","downloads/packages/cantharm_audio_spk02.zip"
"F03143_SPK02.wav","SPK02","456488","0.4353","cantharm_audio_spk02.zip","downloads/packages/cantharm_audio_spk02.zip"
"F03144A_SPK02.wav","SPK02","331768","0.3164","cantharm_audio_spk02.zip","downloads/packages/cantharm_audio_spk02.zip"
"F03144B_SPK02.wav","SPK02","359992","0.3433","cantharm_audio_spk02.zip","downloads/packages/cantharm_audio_spk02.zip"
"F03145_SPK02.wav","SPK02","364328","0.3475","cantharm_audio_spk02.zip","downloads/packages/cantharm_audio_spk02.zip"
"F03146_SPK02.wav","SPK02","341288","0.3255","cantharm_audio_spk02.zip","downloads/packages/cantharm_audio_spk02.zip"
"F03147_SPK02.wav","SPK02","332072","0.3167","cantharm_audio_spk02.zip","downloads/packages/cantharm_audio_spk02.zip"
"F03148_SPK02.wav","SPK02","332072","0.3167","cantharm_audio_spk02.zip","downloads/packages/cantharm_audio_spk02.zip"
"F03149_SPK02.wav","SPK02","336680","0.3211","cantharm_audio_spk02.zip","downloads/packages/cantharm_audio_spk02.zip"
"F03150_SPK02.wav","SPK02","350504","0.3343","cantharm_audio_spk02.zip","downloads/packages/cantharm_audio_spk02.zip"
"F03151_SPK02.wav","SPK02","309032","0.2947","cantharm_audio_spk02.zip","downloads/packages/cantharm_audio_spk02.zip"
"F03152_SPK02.wav","SPK02","299816","0.2859","cantharm_audio_spk02.zip","downloads/packages/cantharm_audio_spk02.zip"
"F03153_SPK02.wav","SPK02","309032","0.2947","cantharm_audio_spk02.zip","downloads/packages/cantharm_audio_spk02.zip"
"F03154_SPK02.wav","SPK02","332072","0.3167","cantharm_audio_spk02.zip","downloads/packages/cantharm_audio_spk02.zip"
"F03155_SPK02.wav","SPK02","295208","0.2815","cantharm_audio_spk02.zip","downloads/packages/cantharm_audio_spk02.zip"
"F03156_SPK02.wav","SPK02","295208","0.2815","cantharm_audio_spk02.zip","downloads/packages/cantharm_audio_spk02.zip"
"F03157_SPK02.wav","SPK02","405800","0.387","cantharm_audio_spk02.zip","downloads/packages/cantharm_audio_spk02.zip"
"F03158_SPK02.wav","SPK02","304424","0.2903","cantharm_audio_spk02.zip","downloads/packages/cantharm_audio_spk02.zip"
"F03159_SPK02.wav","SPK02","285992","0.2727","cantharm_audio_spk02.zip","downloads/packages/cantharm_audio_spk02.zip"
"F03160_SPK02.wav","SPK02","410408","0.3914","cantharm_audio_spk02.zip","downloads/packages/cantharm_audio_spk02.zip"
"F03161_SPK02.wav","SPK02","433448","0.4134","cantharm_audio_spk02.zip","downloads/packages/cantharm_audio_spk02.zip"
"F03162_SPK02.wav","SPK02","428840","0.409","cantharm_audio_spk02.zip","downloads/packages/cantharm_audio_spk02.zip"
"F03163_SPK02.wav","SPK02","373544","0.3562","cantharm_audio_spk02.zip","downloads/packages/cantharm_audio_spk02.zip"
"F03164_SPK02.wav","SPK02","322856","0.3079","cantharm_audio_spk02.zip","downloads/packages/cantharm_audio_spk02.zip"
"F03165_SPK02.wav","SPK02","318248","0.3035","cantharm_audio_spk02.zip","downloads/packages/cantharm_audio_spk02.zip"
"F03166_SPK02.wav","SPK02","364328","0.3475","cantharm_audio_spk02.zip","downloads/packages/cantharm_audio_spk02.zip"
"F03167_SPK02.wav","SPK02","368936","0.3518","cantharm_audio_spk02.zip","downloads/packages/cantharm_audio_spk02.zip"
"F03168_SPK02.wav","SPK02","364328","0.3475","cantharm_audio_spk02.zip","downloads/packages/cantharm_audio_spk02.zip"
"F03169_SPK02.wav","SPK02","341288","0.3255","cantharm_audio_spk02.zip","downloads/packages/cantharm_audio_spk02.zip"
"F03170_SPK02.wav","SPK02","350504","0.3343","cantharm_audio_spk02.zip","downloads/packages/cantharm_audio_spk02.zip"
"F03171_SPK02.wav","SPK02","382760","0.365","cantharm_audio_spk02.zip","downloads/packages/cantharm_audio_spk02.zip"
"F03172_SPK02.wav","SPK02","322856","0.3079","cantharm_audio_spk02.zip","downloads/packages/cantharm_audio_spk02.zip"
"F03173_SPK02.wav","SPK02","332072","0.3167","cantharm_audio_spk02.zip","downloads/packages/cantharm_audio_spk02.zip"
"F03174_SPK02.wav","SPK02","327464","0.3123","cantharm_audio_spk02.zip","downloads/packages/cantharm_audio_spk02.zip"
"F03175_SPK02.wav","SPK02","332072","0.3167","cantharm_audio_spk02.zip","downloads/packages/cantharm_audio_spk02.zip"
"F03176_SPK02.wav","SPK02","391976","0.3738","cantharm_audio_spk02.zip","downloads/packages/cantharm_audio_spk02.zip"
"F03177_SPK02.wav","SPK02","355112","0.3387","cantharm_audio_spk02.zip","downloads/packages/cantharm_audio_spk02.zip"
"F03178_SPK02.wav","SPK02","368936","0.3518","cantharm_audio_spk02.zip","downloads/packages/cantharm_audio_spk02.zip"
"F03179_SPK02.wav","SPK02","350504","0.3343","cantharm_audio_spk02.zip","downloads/packages/cantharm_audio_spk02.zip"
"F03180_SPK02.wav","SPK02","410408","0.3914","cantharm_audio_spk02.zip","downloads/packages/cantharm_audio_spk02.zip"
"F03181_SPK02.wav","SPK02","304424","0.2903","cantharm_audio_spk02.zip","downloads/packages/cantharm_audio_spk02.zip"
"F03182_SPK02.wav","SPK02","272168","0.2596","cantharm_audio_spk02.zip","downloads/packages/cantharm_audio_spk02.zip"
"F03183_SPK02.wav","SPK02","336680","0.3211","cantharm_audio_spk02.zip","downloads/packages/cantharm_audio_spk02.zip"
"F03184_SPK02.wav","SPK02","341288","0.3255","cantharm_audio_spk02.zip","downloads/packages/cantharm_audio_spk02.zip"
"F03185_SPK02.wav","SPK02","327464","0.3123","cantharm_audio_spk02.zip","downloads/packages/cantharm_audio_spk02.zip"
"F03186_SPK02.wav","SPK02","327464","0.3123","cantharm_audio_spk02.zip","downloads/packages/cantharm_audio_spk02.zip"
"F03187_SPK02.wav","SPK02","451880","0.4309","cantharm_audio_spk02.zip","downloads/packages/cantharm_audio_spk02.zip"
"F03188_SPK02.wav","SPK02","424232","0.4046","cantharm_audio_spk02.zip","downloads/packages/cantharm_audio_spk02.zip"
"F03189_SPK02.wav","SPK02","299816","0.2859","cantharm_audio_spk02.zip","downloads/packages/cantharm_audio_spk02.zip"
"F03190_SPK02.wav","SPK02","276776","0.264","cantharm_audio_spk02.zip","downloads/packages/cantharm_audio_spk02.zip"
"F03191_SPK02.wav","SPK02","415016","0.3958","cantharm_audio_spk02.zip","downloads/packages/cantharm_audio_spk02.zip"
"F03192_SPK02.wav","SPK02","410408","0.3914","cantharm_audio_spk02.zip","downloads/packages/cantharm_audio_spk02.zip"
"F03193_SPK02.wav","SPK02","355112","0.3387","cantharm_audio_spk02.zip","downloads/packages/cantharm_audio_spk02.zip"
"F03194_SPK02.wav","SPK02","391976","0.3738","cantharm_audio_spk02.zip","downloads/packages/cantharm_audio_spk02.zip"
"F03195_SPK02.wav","SPK02","281384","0.2683","cantharm_audio_spk02.zip","downloads/packages/cantharm_audio_spk02.zip"
"F03196_SPK02.wav","SPK02","290600","0.2771","cantharm_audio_spk02.zip","downloads/packages/cantharm_audio_spk02.zip"
"F03197_SPK02.wav","SPK02","336680","0.3211","cantharm_audio_spk02.zip","downloads/packages/cantharm_audio_spk02.zip"
"F03198_SPK02.wav","SPK02","493352","0.4705","cantharm_audio_spk02.zip","downloads/packages/cantharm_audio_spk02.zip"
"F03199_SPK02.wav","SPK02","355112","0.3387","cantharm_audio_spk02.zip","downloads/packages/cantharm_audio_spk02.zip"
"F03200_SPK02.wav","SPK02","470312","0.4485","cantharm_audio_spk02.zip","downloads/packages/cantharm_audio_spk02.zip"
"F03201_SPK02.wav","SPK02","318248","0.3035","cantharm_audio_spk02.zip","downloads/packages/cantharm_audio_spk02.zip"
"F03202_SPK02.wav","SPK02","332072","0.3167","cantharm_audio_spk02.zip","downloads/packages/cantharm_audio_spk02.zip"
"F03203_SPK02.wav","SPK02","341288","0.3255","cantharm_audio_spk02.zip","downloads/packages/cantharm_audio_spk02.zip"
"F03204_SPK02.wav","SPK02","336680","0.3211","cantharm_audio_spk02.zip","downloads/packages/cantharm_audio_spk02.zip"
"F03205_SPK02.wav","SPK02","401192","0.3826","cantharm_audio_spk02.zip","downloads/packages/cantharm_audio_spk02.zip"
"F03206_SPK02.wav","SPK02","396584","0.3782","cantharm_audio_spk02.zip","downloads/packages/cantharm_audio_spk02.zip"
"F03207_SPK02.wav","SPK02","313640","0.2991","cantharm_audio_spk02.zip","downloads/packages/cantharm_audio_spk02.zip"
"F03208_SPK02.wav","SPK02","424232","0.4046","cantharm_audio_spk02.zip","downloads/packages/cantharm_audio_spk02.zip"
"F03209_SPK02.wav","SPK02","737420","0.7033","cantharm_audio_spk02.zip","downloads/packages/cantharm_audio_spk02.zip"
"F03212_SPK02.wav","SPK02","598060","0.5704","cantharm_audio_spk02.zip","downloads/packages/cantharm_audio_spk02.zip"
"F03213A_SPK01.wav","SPK01","432334","0.4123","cantharm_audio_spk01.zip","downloads/packages/cantharm_audio_spk01.zip"
"F03213B_SPK01.wav","SPK01","377650","0.3602","cantharm_audio_spk01.zip","downloads/packages/cantharm_audio_spk01.zip"
"F03242A_SPK01.wav","SPK01","419986","0.4005","cantharm_audio_spk01.zip","downloads/packages/cantharm_audio_spk01.zip"
"F03242B_SPK03.wav","SPK03","518752","0.4947","cantharm_audio_spk03.zip","downloads/packages/cantharm_audio_spk03.zip"
"F03283A_SPK01.wav","SPK01","407638","0.3888","cantharm_audio_spk01.zip","downloads/packages/cantharm_audio_spk01.zip"
"F03283B_SPK01.wav","SPK01","397056","0.3787","cantharm_audio_spk01.zip","downloads/packages/cantharm_audio_spk01.zip"
"F03300A_SPK01.wav","SPK01","312384","0.2979","cantharm_audio_spk01.zip","downloads/packages/cantharm_audio_spk01.zip"
"F03300B_SPK01.wav","SPK01","321204","0.3063","cantharm_audio_spk01.zip","downloads/packages/cantharm_audio_spk01.zip"
"F03432A_SPK05.wav","SPK05","412912","0.3938","cantharm_audio_spk05.zip","downloads/packages/cantharm_audio_spk05.zip"
"F03432B_SPK05.wav","SPK05","446428","0.4257","cantharm_audio_spk05.zip","downloads/packages/cantharm_audio_spk05.zip"
"F03440A_SPK01.wav","SPK01","349428","0.3332","cantharm_audio_spk01.zip","downloads/packages/cantharm_audio_spk01.zip"
"F03440B_SPK01.wav","SPK01","407640","0.3888","cantharm_audio_spk01.zip","downloads/packages/cantharm_audio_spk01.zip"
"F03443A_SPK07.wav","SPK07","291196","0.2777","cantharm_audio_spk07.zip","downloads/packages/cantharm_audio_spk07.zip"
"F03443B_SPK07.wav","SPK07","423496","0.4039","cantharm_audio_spk07.zip","downloads/packages/cantharm_audio_spk07.zip"
"F03530A_SPK01.wav","SPK01","351192","0.3349","cantharm_audio_spk01.zip","downloads/packages/cantharm_audio_spk01.zip"
"F03530B_SPK08.wav","SPK08","502896","0.4796","cantharm_audio_spk08.zip","downloads/packages/cantharm_audio_spk08.zip"
"F03575A_SPK10.wav","SPK10","393508","0.3753","cantharm_audio_spk10.zip","downloads/packages/cantharm_audio_spk10.zip"
"F03575B_SPK10.wav","SPK10","421732","0.4022","cantharm_audio_spk10.zip","downloads/packages/cantharm_audio_spk10.zip"
"F03733_SPK01.wav","SPK01","322828","0.3079","cantharm_audio_spk01.zip","downloads/packages/cantharm_audio_spk01.zip"
"F03734_SPK01.wav","SPK01","336652","0.3211","cantharm_audio_spk01.zip","downloads/packages/cantharm_audio_spk01.zip"
"F03735_SPK01.wav","SPK01","336652","0.3211","cantharm_audio_spk01.zip","downloads/packages/cantharm_audio_spk01.zip"
"F03736_SPK01.wav","SPK01","345868","0.3298","cantharm_audio_spk01.zip","downloads/packages/cantharm_audio_spk01.zip"
"F03738_SPK08.wav","SPK08","453504","0.4325","cantharm_audio_spk08.zip","downloads/packages/cantharm_audio_spk08.zip"
"F03739_SPK01.wav","SPK01","459034","0.4378","cantharm_audio_spk01.zip","downloads/packages/cantharm_audio_spk01.zip"
"F03740_SPK01.wav","SPK01","336652","0.3211","cantharm_audio_spk01.zip","downloads/packages/cantharm_audio_spk01.zip"
"F03741_SPK01.wav","SPK01","327436","0.3123","cantharm_audio_spk01.zip","downloads/packages/cantharm_audio_spk01.zip"
"F03742_SPK01.wav","SPK01","322828","0.3079","cantharm_audio_spk01.zip","downloads/packages/cantharm_audio_spk01.zip"
"F03743_SPK01.wav","SPK01","336652","0.3211","cantharm_audio_spk01.zip","downloads/packages/cantharm_audio_spk01.zip"
"F03744_SPK01.wav","SPK01","397036","0.3786","cantharm_audio_spk01.zip","downloads/packages/cantharm_audio_spk01.zip"
"F03745_SPK01.wav","SPK01","510874","0.4872","cantharm_audio_spk01.zip","downloads/packages/cantharm_audio_spk01.zip"
"F03746_SPK01.wav","SPK01","313612","0.2991","cantharm_audio_spk01.zip","downloads/packages/cantharm_audio_spk01.zip"
"F03747_SPK01.wav","SPK01","364300","0.3474","cantharm_audio_spk01.zip","downloads/packages/cantharm_audio_spk01.zip"
"F03748_SPK01.wav","SPK01","414988","0.3958","cantharm_audio_spk01.zip","downloads/packages/cantharm_audio_spk01.zip"
"F03749_SPK01.wav","SPK01","285964","0.2727","cantharm_audio_spk01.zip","downloads/packages/cantharm_audio_spk01.zip"
"F03750_SPK01.wav","SPK01","336652","0.3211","cantharm_audio_spk01.zip","downloads/packages/cantharm_audio_spk01.zip"
"F03751_SPK01.wav","SPK01","451852","0.4309","cantharm_audio_spk01.zip","downloads/packages/cantharm_audio_spk01.zip"
"F03752_SPK01.wav","SPK01","318220","0.3035","cantharm_audio_spk01.zip","downloads/packages/cantharm_audio_spk01.zip"
"F03753_SPK01.wav","SPK01","313612","0.2991","cantharm_audio_spk01.zip","downloads/packages/cantharm_audio_spk01.zip"
"F03754_SPK01.wav","SPK01","322828","0.3079","cantharm_audio_spk01.zip","downloads/packages/cantharm_audio_spk01.zip"
"F03755_SPK01.wav","SPK01","322828","0.3079","cantharm_audio_spk01.zip","downloads/packages/cantharm_audio_spk01.zip"
"F03756_SPK01.wav","SPK01","313612","0.2991","cantharm_audio_spk01.zip","downloads/packages/cantharm_audio_spk01.zip"
"F03757_SPK01.wav","SPK01","461068","0.4397","cantharm_audio_spk01.zip","downloads/packages/cantharm_audio_spk01.zip"
"F03758_SPK01.wav","SPK01","378124","0.3606","cantharm_audio_spk01.zip","downloads/packages/cantharm_audio_spk01.zip"
"F03760_SPK01.wav","SPK01","355084","0.3386","cantharm_audio_spk01.zip","downloads/packages/cantharm_audio_spk01.zip"
"F03761_SPK01.wav","SPK01","433420","0.4133","cantharm_audio_spk01.zip","downloads/packages/cantharm_audio_spk01.zip"
"F03762_SPK03.wav","SPK03","600300","0.5725","cantharm_audio_spk03.zip","downloads/packages/cantharm_audio_spk03.zip"
"F03763_SPK01.wav","SPK01","410380","0.3914","cantharm_audio_spk01.zip","downloads/packages/cantharm_audio_spk01.zip"
"F03764_SPK01.wav","SPK01","470284","0.4485","cantharm_audio_spk01.zip","downloads/packages/cantharm_audio_spk01.zip"
"F03765_SPK04.wav","SPK04","449954","0.4291","cantharm_audio_spk04.zip","downloads/packages/cantharm_audio_spk04.zip"
"F03766_SPK04.wav","SPK04","428812","0.4089","cantharm_audio_spk04.zip","downloads/packages/cantharm_audio_spk04.zip"
"F03767_SPK04.wav","SPK04","524064","0.4998","cantharm_audio_spk04.zip","downloads/packages/cantharm_audio_spk04.zip"
"F03768_SPK04.wav","SPK04","461068","0.4397","cantharm_audio_spk04.zip","downloads/packages/cantharm_audio_spk04.zip"
"F03769_SPK05.wav","SPK05","423496","0.4039","cantharm_audio_spk05.zip","downloads/packages/cantharm_audio_spk05.zip"
"F03770_SPK04.wav","SPK04","530188","0.5056","cantharm_audio_spk04.zip","downloads/packages/cantharm_audio_spk04.zip"
"F03771_SPK04.wav","SPK04","336652","0.3211","cantharm_audio_spk04.zip","downloads/packages/cantharm_audio_spk04.zip"
"F03772_SPK04.wav","SPK04","484108","0.4617","cantharm_audio_spk04.zip","downloads/packages/cantharm_audio_spk04.zip"
"F03773_SPK04.wav","SPK04","378124","0.3606","cantharm_audio_spk04.zip","downloads/packages/cantharm_audio_spk04.zip"
"F03774_SPK06.wav","SPK06","510136","0.4865","cantharm_audio_spk06.zip","downloads/packages/cantharm_audio_spk06.zip"
"F03775_SPK04.wav","SPK04","391948","0.3738","cantharm_audio_spk04.zip","downloads/packages/cantharm_audio_spk04.zip"
"F03776_SPK04.wav","SPK04","336652","0.3211","cantharm_audio_spk04.zip","downloads/packages/cantharm_audio_spk04.zip"
"F03777_SPK04.wav","SPK04","382732","0.365","cantharm_audio_spk04.zip","downloads/packages/cantharm_audio_spk04.zip"
"F03778_SPK07.wav","SPK07","499500","0.4764","cantharm_audio_spk07.zip","downloads/packages/cantharm_audio_spk07.zip"
"F03779_SPK08.wav","SPK08","584840","0.5577","cantharm_audio_spk08.zip","downloads/packages/cantharm_audio_spk08.zip"
"F03780_SPK04.wav","SPK04","553228","0.5276","cantharm_audio_spk04.zip","downloads/packages/cantharm_audio_spk04.zip"
"F03781_SPK04.wav","SPK04","332044","0.3167","cantharm_audio_spk04.zip","downloads/packages/cantharm_audio_spk04.zip"
"F03782_SPK04.wav","SPK04","378124","0.3606","cantharm_audio_spk04.zip","downloads/packages/cantharm_audio_spk04.zip"
"F03783_SPK04.wav","SPK04","387340","0.3694","cantharm_audio_spk04.zip","downloads/packages/cantharm_audio_spk04.zip"
"F03784_SPK04.wav","SPK04","562444","0.5364","cantharm_audio_spk04.zip","downloads/packages/cantharm_audio_spk04.zip"
"F03785_SPK04.wav","SPK04","387340","0.3694","cantharm_audio_spk04.zip","downloads/packages/cantharm_audio_spk04.zip"
"F03786_SPK04.wav","SPK04","401164","0.3826","cantharm_audio_spk04.zip","downloads/packages/cantharm_audio_spk04.zip"
"F03787_SPK04.wav","SPK04","419596","0.4002","cantharm_audio_spk04.zip","downloads/packages/cantharm_audio_spk04.zip"
"F03788_SPK04.wav","SPK04","428812","0.4089","cantharm_audio_spk04.zip","downloads/packages/cantharm_audio_spk04.zip"
"F03789_SPK04.wav","SPK04","424204","0.4046","cantharm_audio_spk04.zip","downloads/packages/cantharm_audio_spk04.zip"
"F03790_SPK04.wav","SPK04","414988","0.3958","cantharm_audio_spk04.zip","downloads/packages/cantharm_audio_spk04.zip"
"F03791_SPK11.wav","SPK11","445576","0.4249","cantharm_audio_spk11.zip","downloads/packages/cantharm_audio_spk11.zip"
"F03792_SPK04.wav","SPK04","497434","0.4744","cantharm_audio_spk04.zip","downloads/packages/cantharm_audio_spk04.zip"
"F03793_SPK04.wav","SPK04","414988","0.3958","cantharm_audio_spk04.zip","downloads/packages/cantharm_audio_spk04.zip"
"F03794_SPK04.wav","SPK04","530188","0.5056","cantharm_audio_spk04.zip","downloads/packages/cantharm_audio_spk04.zip"
"F03795_SPK04.wav","SPK04","474892","0.4529","cantharm_audio_spk04.zip","downloads/packages/cantharm_audio_spk04.zip"
"F03796_SPK04.wav","SPK04","391948","0.3738","cantharm_audio_spk04.zip","downloads/packages/cantharm_audio_spk04.zip"
"F03797_SPK04.wav","SPK04","295180","0.2815","cantharm_audio_spk04.zip","downloads/packages/cantharm_audio_spk04.zip"
"F03798_SPK04.wav","SPK04","309004","0.2947","cantharm_audio_spk04.zip","downloads/packages/cantharm_audio_spk04.zip"
"F03799_SPK04.wav","SPK04","410380","0.3914","cantharm_audio_spk04.zip","downloads/packages/cantharm_audio_spk04.zip"
"F03800_SPK01.wav","SPK01","401436","0.3828","cantharm_audio_spk01.zip","downloads/packages/cantharm_audio_spk01.zip"
"F03803_SPK04.wav","SPK04","350476","0.3342","cantharm_audio_spk04.zip","downloads/packages/cantharm_audio_spk04.zip"
"F03804_SPK04.wav","SPK04","350476","0.3342","cantharm_audio_spk04.zip","downloads/packages/cantharm_audio_spk04.zip"
"F03805_SPK04.wav","SPK04","388236","0.3703","cantharm_audio_spk04.zip","downloads/packages/cantharm_audio_spk04.zip"
"F03806_SPK04.wav","SPK04","332044","0.3167","cantharm_audio_spk04.zip","downloads/packages/cantharm_audio_spk04.zip"
"F03807_SPK04.wav","SPK04","466412","0.4448","cantharm_audio_spk04.zip","downloads/packages/cantharm_audio_spk04.zip"
"F03808_SPK04.wav","SPK04","410380","0.3914","cantharm_audio_spk04.zip","downloads/packages/cantharm_audio_spk04.zip"
"F03809_SPK04.wav","SPK04","456460","0.4353","cantharm_audio_spk04.zip","downloads/packages/cantharm_audio_spk04.zip"
"F03810_SPK04.wav","SPK04","419596","0.4002","cantharm_audio_spk04.zip","downloads/packages/cantharm_audio_spk04.zip"
"F03811_SPK04.wav","SPK04","391948","0.3738","cantharm_audio_spk04.zip","downloads/packages/cantharm_audio_spk04.zip"
"F03812_SPK10.wav","SPK10","502876","0.4796","cantharm_audio_spk10.zip","downloads/packages/cantharm_audio_spk10.zip"
"F03813_SPK01.wav","SPK01","326476","0.3114","cantharm_audio_spk01.zip","downloads/packages/cantharm_audio_spk01.zip"
"F03814_SPK04.wav","SPK04","216844","0.2068","cantharm_audio_spk04.zip","downloads/packages/cantharm_audio_spk04.zip"
"F03815_SPK04.wav","SPK04","419596","0.4002","cantharm_audio_spk04.zip","downloads/packages/cantharm_audio_spk04.zip"
"F03816_SPK04.wav","SPK04","258316","0.2463","cantharm_audio_spk04.zip","downloads/packages/cantharm_audio_spk04.zip"
"F03817_SPK04.wav","SPK04","304396","0.2903","cantharm_audio_spk04.zip","downloads/packages/cantharm_audio_spk04.zip"
"F03818_SPK04.wav","SPK04","364300","0.3474","cantharm_audio_spk04.zip","downloads/packages/cantharm_audio_spk04.zip"
"F03819_SPK04.wav","SPK04","341260","0.3255","cantharm_audio_spk04.zip","downloads/packages/cantharm_audio_spk04.zip"
"F03820_SPK04.wav","SPK04","553228","0.5276","cantharm_audio_spk04.zip","downloads/packages/cantharm_audio_spk04.zip"
"F03821_SPK06.wav","SPK06","474280","0.4523","cantharm_audio_spk06.zip","downloads/packages/cantharm_audio_spk06.zip"
"F03822_SPK04.wav","SPK04","285964","0.2727","cantharm_audio_spk04.zip","downloads/packages/cantharm_audio_spk04.zip"
"F03823_SPK04.wav","SPK04","336652","0.3211","cantharm_audio_spk04.zip","downloads/packages/cantharm_audio_spk04.zip"
"F03824_SPK04.wav","SPK04","299788","0.2859","cantharm_audio_spk04.zip","downloads/packages/cantharm_audio_spk04.zip"
"F03825_SPK07.wav","SPK07","445740","0.4251","cantharm_audio_spk07.zip","downloads/packages/cantharm_audio_spk07.zip"
"F03826_SPK04.wav","SPK04","433420","0.4133","cantharm_audio_spk04.zip","downloads/packages/cantharm_audio_spk04.zip"
"F03827_SPK04.wav","SPK04","396556","0.3782","cantharm_audio_spk04.zip","downloads/packages/cantharm_audio_spk04.zip"
"F03828_SPK04.wav","SPK04","364300","0.3474","cantharm_audio_spk04.zip","downloads/packages/cantharm_audio_spk04.zip"
"F03829_SPK04.wav","SPK04","373516","0.3562","cantharm_audio_spk04.zip","downloads/packages/cantharm_audio_spk04.zip"
"F03830_SPK08.wav","SPK08","322948","0.308","cantharm_audio_spk08.zip","downloads/packages/cantharm_audio_spk08.zip"
"F03831_SPK04.wav","SPK04","442636","0.4221","cantharm_audio_spk04.zip","downloads/packages/cantharm_audio_spk04.zip"
"F03832_SPK11.wav","SPK11","338056","0.3224","cantharm_audio_spk11.zip","downloads/packages/cantharm_audio_spk11.zip"
"F03833_SPK04.wav","SPK04","424204","0.4046","cantharm_audio_spk04.zip","downloads/packages/cantharm_audio_spk04.zip"
"F03834_SPK04.wav","SPK04","235276","0.2244","cantharm_audio_spk04.zip","downloads/packages/cantharm_audio_spk04.zip"
"F03835_SPK04.wav","SPK04","336652","0.3211","cantharm_audio_spk04.zip","downloads/packages/cantharm_audio_spk04.zip"
"F03836_SPK04.wav","SPK04","451852","0.4309","cantharm_audio_spk04.zip","downloads/packages/cantharm_audio_spk04.zip"
"F03837_SPK01.wav","SPK01","485916","0.4634","cantharm_audio_spk01.zip","downloads/packages/cantharm_audio_spk01.zip"
"F03838_SPK04.wav","SPK04","530188","0.5056","cantharm_audio_spk04.zip","downloads/packages/cantharm_audio_spk04.zip"
"F03839_SPK04.wav","SPK04","276748","0.2639","cantharm_audio_spk04.zip","downloads/packages/cantharm_audio_spk04.zip"
"F03840_SPK04.wav","SPK04","396556","0.3782","cantharm_audio_spk04.zip","downloads/packages/cantharm_audio_spk04.zip"
"F03841_SPK04.wav","SPK04","327436","0.3123","cantharm_audio_spk04.zip","downloads/packages/cantharm_audio_spk04.zip"
"F03842_SPK04.wav","SPK04","378124","0.3606","cantharm_audio_spk04.zip","downloads/packages/cantharm_audio_spk04.zip"
"F03843_SPK04.wav","SPK04","525580","0.5012","cantharm_audio_spk04.zip","downloads/packages/cantharm_audio_spk04.zip"
"F03844_SPK04.wav","SPK04","304396","0.2903","cantharm_audio_spk04.zip","downloads/packages/cantharm_audio_spk04.zip"
"F03845_SPK04.wav","SPK04","230668","0.22","cantharm_audio_spk04.zip","downloads/packages/cantharm_audio_spk04.zip"
"F03846_SPK04.wav","SPK04","438028","0.4177","cantharm_audio_spk04.zip","downloads/packages/cantharm_audio_spk04.zip"
"F03847_SPK04.wav","SPK04","332044","0.3167","cantharm_audio_spk04.zip","downloads/packages/cantharm_audio_spk04.zip"
"F03848_SPK04.wav","SPK04","378124","0.3606","cantharm_audio_spk04.zip","downloads/packages/cantharm_audio_spk04.zip"
"F03849_SPK04.wav","SPK04","345868","0.3298","cantharm_audio_spk04.zip","downloads/packages/cantharm_audio_spk04.zip"
"F03850_SPK04.wav","SPK04","272140","0.2595","cantharm_audio_spk04.zip","downloads/packages/cantharm_audio_spk04.zip"
"F03851_SPK04.wav","SPK04","290572","0.2771","cantharm_audio_spk04.zip","downloads/packages/cantharm_audio_spk04.zip"
"F03852_SPK04.wav","SPK04","322828","0.3079","cantharm_audio_spk04.zip","downloads/packages/cantharm_audio_spk04.zip"
"F03853_SPK04.wav","SPK04","373516","0.3562","cantharm_audio_spk04.zip","downloads/packages/cantharm_audio_spk04.zip"
"F03854_SPK04.wav","SPK04","502540","0.4793","cantharm_audio_spk04.zip","downloads/packages/cantharm_audio_spk04.zip"
"F03855_SPK04.wav","SPK04","520972","0.4968","cantharm_audio_spk04.zip","downloads/packages/cantharm_audio_spk04.zip"
"F03856_SPK04.wav","SPK04","355084","0.3386","cantharm_audio_spk04.zip","downloads/packages/cantharm_audio_spk04.zip"
"F03857_SPK04.wav","SPK04","309004","0.2947","cantharm_audio_spk04.zip","downloads/packages/cantharm_audio_spk04.zip"
"F03858_SPK04.wav","SPK04","359692","0.343","cantharm_audio_spk04.zip","downloads/packages/cantharm_audio_spk04.zip"
"F03859_SPK04.wav","SPK04","276748","0.2639","cantharm_audio_spk04.zip","downloads/packages/cantharm_audio_spk04.zip"
"F03860_SPK04.wav","SPK04","710554","0.6776","cantharm_audio_spk04.zip","downloads/packages/cantharm_audio_spk04.zip"
"F03861_SPK04.wav","SPK04","410380","0.3914","cantharm_audio_spk04.zip","downloads/packages/cantharm_audio_spk04.zip"
"F03862_SPK04.wav","SPK04","336652","0.3211","cantharm_audio_spk04.zip","downloads/packages/cantharm_audio_spk04.zip"
"F03863_SPK04.wav","SPK04","439834","0.4195","cantharm_audio_spk04.zip","downloads/packages/cantharm_audio_spk04.zip"
"F03864_SPK04.wav","SPK04","1117594","1.0658","cantharm_audio_spk04.zip","downloads/packages/cantharm_audio_spk04.zip"
"F03865_SPK04.wav","SPK04","601114","0.5733","cantharm_audio_spk04.zip","downloads/packages/cantharm_audio_spk04.zip"
"F03866_SPK01.wav","SPK01","345880","0.3299","cantharm_audio_spk01.zip","downloads/packages/cantharm_audio_spk01.zip"
"F03867_SPK03.wav","SPK03","485236","0.4628","cantharm_audio_spk03.zip","downloads/packages/cantharm_audio_spk03.zip"
"F03868_SPK04.wav","SPK04","446448","0.4258","cantharm_audio_spk04.zip","downloads/packages/cantharm_audio_spk04.zip"
"F03869_SPK04.wav","SPK04","368908","0.3518","cantharm_audio_spk04.zip","downloads/packages/cantharm_audio_spk04.zip"
"F03870_SPK05.wav","SPK05","414988","0.3958","cantharm_audio_spk05.zip","downloads/packages/cantharm_audio_spk05.zip"
"F03871_SPK04.wav","SPK04","332044","0.3167","cantharm_audio_spk04.zip","downloads/packages/cantharm_audio_spk04.zip"
"F03872_SPK04.wav","SPK04","731674","0.6978","cantharm_audio_spk04.zip","downloads/packages/cantharm_audio_spk04.zip"
"F03873_SPK04.wav","SPK04","359692","0.343","cantharm_audio_spk04.zip","downloads/packages/cantharm_audio_spk04.zip"
"F03874_SPK04.wav","SPK04","299788","0.2859","cantharm_audio_spk04.zip","downloads/packages/cantharm_audio_spk04.zip"
"F03875_SPK04.wav","SPK04","378124","0.3606","cantharm_audio_spk04.zip","downloads/packages/cantharm_audio_spk04.zip"
"F03876_SPK04.wav","SPK04","387340","0.3694","cantharm_audio_spk04.zip","downloads/packages/cantharm_audio_spk04.zip"
"F03877_SPK04.wav","SPK04","419596","0.4002","cantharm_audio_spk04.zip","downloads/packages/cantharm_audio_spk04.zip"
"F03878_SPK04.wav","SPK04","318220","0.3035","cantharm_audio_spk04.zip","downloads/packages/cantharm_audio_spk04.zip"
"F03879_SPK04.wav","SPK04","345868","0.3298","cantharm_audio_spk04.zip","downloads/packages/cantharm_audio_spk04.zip"
"F03880_SPK05.wav","SPK05","379396","0.3618","cantharm_audio_spk05.zip","downloads/packages/cantharm_audio_spk05.zip"
"F03881_SPK04.wav","SPK04","336652","0.3211","cantharm_audio_spk04.zip","downloads/packages/cantharm_audio_spk04.zip"
"F03882_SPK04.wav","SPK04","364300","0.3474","cantharm_audio_spk04.zip","downloads/packages/cantharm_audio_spk04.zip"
"F03883_SPK04.wav","SPK04","414988","0.3958","cantharm_audio_spk04.zip","downloads/packages/cantharm_audio_spk04.zip"
"F03884_SPK04.wav","SPK04","207628","0.198","cantharm_audio_spk04.zip","downloads/packages/cantharm_audio_spk04.zip"
"F03885_SPK04.wav","SPK04","285964","0.2727","cantharm_audio_spk04.zip","downloads/packages/cantharm_audio_spk04.zip"
"F03886_SPK10.wav","SPK10","301398","0.2874","cantharm_audio_spk10.zip","downloads/packages/cantharm_audio_spk10.zip"
"F03887_SPK07.wav","SPK07","438060","0.4178","cantharm_audio_spk07.zip","downloads/packages/cantharm_audio_spk07.zip"
"F03888_SPK05.wav","SPK05","345868","0.3298","cantharm_audio_spk05.zip","downloads/packages/cantharm_audio_spk05.zip"
"F03889_SPK08.wav","SPK08","504640","0.4813","cantharm_audio_spk08.zip","downloads/packages/cantharm_audio_spk08.zip"
"F03890_SPK04.wav","SPK04","2175514","2.0747","cantharm_audio_spk04.zip","downloads/packages/cantharm_audio_spk04.zip"
"F03891_SPK04.wav","SPK04","673982","0.6428","cantharm_audio_spk04.zip","downloads/packages/cantharm_audio_spk04.zip"
"F03892_SPK04.wav","SPK04","332044","0.3167","cantharm_audio_spk04.zip","downloads/packages/cantharm_audio_spk04.zip"
"F03893_SPK04.wav","SPK04","281356","0.2683","cantharm_audio_spk04.zip","downloads/packages/cantharm_audio_spk04.zip"
"F03894_SPK04.wav","SPK04","276748","0.2639","cantharm_audio_spk04.zip","downloads/packages/cantharm_audio_spk04.zip"
"F03895_SPK04.wav","SPK04","272140","0.2595","cantharm_audio_spk04.zip","downloads/packages/cantharm_audio_spk04.zip"
"F03896_SPK04.wav","SPK04","387340","0.3694","cantharm_audio_spk04.zip","downloads/packages/cantharm_audio_spk04.zip"
"F03897_SPK04.wav","SPK04","327436","0.3123","cantharm_audio_spk04.zip","downloads/packages/cantharm_audio_spk04.zip"
"F03898_SPK04.wav","SPK04","332044","0.3167","cantharm_audio_spk04.zip","downloads/packages/cantharm_audio_spk04.zip"
"F03899_SPK04.wav","SPK04","295180","0.2815","cantharm_audio_spk04.zip","downloads/packages/cantharm_audio_spk04.zip"
"F03900_SPK04.wav","SPK04","350476","0.3342","cantharm_audio_spk04.zip","downloads/packages/cantharm_audio_spk04.zip"
"F03901_SPK11.wav","SPK11","430216","0.4103","cantharm_audio_spk11.zip","downloads/packages/cantharm_audio_spk11.zip"
"F03902_SPK04.wav","SPK04","341260","0.3255","cantharm_audio_spk04.zip","downloads/packages/cantharm_audio_spk04.zip"
"F03903_SPK04.wav","SPK04","281356","0.2683","cantharm_audio_spk04.zip","downloads/packages/cantharm_audio_spk04.zip"
"F03904_SPK01.wav","SPK01","460956","0.4396","cantharm_audio_spk01.zip","downloads/packages/cantharm_audio_spk01.zip"
"F03905_SPK04.wav","SPK04","355084","0.3386","cantharm_audio_spk04.zip","downloads/packages/cantharm_audio_spk04.zip"
"F03906_SPK04.wav","SPK04","341260","0.3255","cantharm_audio_spk04.zip","downloads/packages/cantharm_audio_spk04.zip"
"F03907_SPK04.wav","SPK04","327436","0.3123","cantharm_audio_spk04.zip","downloads/packages/cantharm_audio_spk04.zip"
"F03908_SPK04.wav","SPK04","262924","0.2507","cantharm_audio_spk04.zip","downloads/packages/cantharm_audio_spk04.zip"
"F03909_SPK04.wav","SPK04","290572","0.2771","cantharm_audio_spk04.zip","downloads/packages/cantharm_audio_spk04.zip"
"F03910_SPK04.wav","SPK04","262924","0.2507","cantharm_audio_spk04.zip","downloads/packages/cantharm_audio_spk04.zip"
"F03911_SPK04.wav","SPK04","433420","0.4133","cantharm_audio_spk04.zip","downloads/packages/cantharm_audio_spk04.zip"
"F03912_SPK04.wav","SPK04","267532","0.2551","cantharm_audio_spk04.zip","downloads/packages/cantharm_audio_spk04.zip"
"F03913_SPK04.wav","SPK04","285964","0.2727","cantharm_audio_spk04.zip","downloads/packages/cantharm_audio_spk04.zip"
"F03914_SPK04.wav","SPK04","359692","0.343","cantharm_audio_spk04.zip","downloads/packages/cantharm_audio_spk04.zip"
"F03915_SPK04.wav","SPK04","493324","0.4705","cantharm_audio_spk04.zip","downloads/packages/cantharm_audio_spk04.zip"
"F03916_SPK04.wav","SPK04","382732","0.365","cantharm_audio_spk04.zip","downloads/packages/cantharm_audio_spk04.zip"
"F03917_SPK04.wav","SPK04","364300","0.3474","cantharm_audio_spk04.zip","downloads/packages/cantharm_audio_spk04.zip"
"F03918_SPK01.wav","SPK01","266500","0.2542","cantharm_audio_spk01.zip","downloads/packages/cantharm_audio_spk01.zip"
"F03919_SPK04.wav","SPK04","401164","0.3826","cantharm_audio_spk04.zip","downloads/packages/cantharm_audio_spk04.zip"
"F03920_SPK04.wav","SPK04","456460","0.4353","cantharm_audio_spk04.zip","downloads/packages/cantharm_audio_spk04.zip"
"F03921_SPK04.wav","SPK04","456460","0.4353","cantharm_audio_spk04.zip","downloads/packages/cantharm_audio_spk04.zip"
"F03922_SPK04.wav","SPK04","410380","0.3914","cantharm_audio_spk04.zip","downloads/packages/cantharm_audio_spk04.zip"
"F03923_SPK03.wav","SPK03","636940","0.6074","cantharm_audio_spk03.zip","downloads/packages/cantharm_audio_spk03.zip"
"F03924_SPK04.wav","SPK04","396556","0.3782","cantharm_audio_spk04.zip","downloads/packages/cantharm_audio_spk04.zip"
"F03925_SPK04.wav","SPK04","405772","0.387","cantharm_audio_spk04.zip","downloads/packages/cantharm_audio_spk04.zip"
"F03926_SPK04.wav","SPK04","387340","0.3694","cantharm_audio_spk04.zip","downloads/packages/cantharm_audio_spk04.zip"
"F03927_SPK04.wav","SPK04","336652","0.3211","cantharm_audio_spk04.zip","downloads/packages/cantharm_audio_spk04.zip"
"F03928_SPK04.wav","SPK04","239884","0.2288","cantharm_audio_spk04.zip","downloads/packages/cantharm_audio_spk04.zip"
"F03929_SPK04.wav","SPK04","364300","0.3474","cantharm_audio_spk04.zip","downloads/packages/cantharm_audio_spk04.zip"
"F03930_SPK04.wav","SPK04","378124","0.3606","cantharm_audio_spk04.zip","downloads/packages/cantharm_audio_spk04.zip"
"F03931_SPK04.wav","SPK04","409404","0.3904","cantharm_audio_spk04.zip","downloads/packages/cantharm_audio_spk04.zip"
"F03932_SPK04.wav","SPK04","511756","0.488","cantharm_audio_spk04.zip","downloads/packages/cantharm_audio_spk04.zip"
"F03933_SPK05.wav","SPK05","428788","0.4089","cantharm_audio_spk05.zip","downloads/packages/cantharm_audio_spk05.zip"
"F03934_SPK04.wav","SPK04","1127196","1.075","cantharm_audio_spk04.zip","downloads/packages/cantharm_audio_spk04.zip"
"F03935_SPK04.wav","SPK04","507148","0.4837","cantharm_audio_spk04.zip","downloads/packages/cantharm_audio_spk04.zip"
"F03936_SPK04.wav","SPK04","309004","0.2947","cantharm_audio_spk04.zip","downloads/packages/cantharm_audio_spk04.zip"
"F03937_SPK04.wav","SPK04","364300","0.3474","cantharm_audio_spk04.zip","downloads/packages/cantharm_audio_spk04.zip"
"F03938_SPK06.wav","SPK06","574624","0.548","cantharm_audio_spk06.zip","downloads/packages/cantharm_audio_spk06.zip"
"F03939_SPK04.wav","SPK04","359692","0.343","cantharm_audio_spk04.zip","downloads/packages/cantharm_audio_spk04.zip"
"F03940_SPK07.wav","SPK07","424620","0.4049","cantharm_audio_spk07.zip","downloads/packages/cantharm_audio_spk07.zip"
"F03941_SPK04.wav","SPK04","1601436","1.5272","cantharm_audio_spk04.zip","downloads/packages/cantharm_audio_spk04.zip"
"F03942_SPK08.wav","SPK08","344116","0.3282","cantharm_audio_spk08.zip","downloads/packages/cantharm_audio_spk08.zip"
"F03943_SPK11.wav","SPK11","366856","0.3499","cantharm_audio_spk11.zip","downloads/packages/cantharm_audio_spk11.zip"
"F03944_SPK04.wav","SPK04","516364","0.4924","cantharm_audio_spk04.zip","downloads/packages/cantharm_audio_spk04.zip"
"F03945_SPK04.wav","SPK04","309004","0.2947","cantharm_audio_spk04.zip","downloads/packages/cantharm_audio_spk04.zip"
"F03946_SPK01.wav","SPK01","445596","0.425","cantharm_audio_spk01.zip","downloads/packages/cantharm_audio_spk01.zip"
"F03947_SPK05.wav","SPK05","396556","0.3782","cantharm_audio_spk05.zip","downloads/packages/cantharm_audio_spk05.zip"
"F03948_SPK01.wav","SPK01","335296","0.3198","cantharm_audio_spk01.zip","downloads/packages/cantharm_audio_spk01.zip"
"F03949_SPK04.wav","SPK04","345868","0.3298","cantharm_audio_spk04.zip","downloads/packages/cantharm_audio_spk04.zip"
"F03950_SPK04.wav","SPK04","281356","0.2683","cantharm_audio_spk04.zip","downloads/packages/cantharm_audio_spk04.zip"
"F03951_SPK04.wav","SPK04","253708","0.242","cantharm_audio_spk04.zip","downloads/packages/cantharm_audio_spk04.zip"
"F03952_SPK04.wav","SPK04","327436","0.3123","cantharm_audio_spk04.zip","downloads/packages/cantharm_audio_spk04.zip"
"F03953_SPK04.wav","SPK04","502540","0.4793","cantharm_audio_spk04.zip","downloads/packages/cantharm_audio_spk04.zip"
"F03954_SPK04.wav","SPK04","424204","0.4046","cantharm_audio_spk04.zip","downloads/packages/cantharm_audio_spk04.zip"
"F03955_SPK04.wav","SPK04","474892","0.4529","cantharm_audio_spk04.zip","downloads/packages/cantharm_audio_spk04.zip"
"F03956_SPK02.wav","SPK02","2222854","2.1199","cantharm_audio_spk02.zip","downloads/packages/cantharm_audio_spk02.zip"
"F03957_SPK03.wav","SPK03","474652","0.4527","cantharm_audio_spk03.zip","downloads/packages/cantharm_audio_spk03.zip"
"F03958_SPK04.wav","SPK04","350476","0.3342","cantharm_audio_spk04.zip","downloads/packages/cantharm_audio_spk04.zip"
"F03959_SPK04.wav","SPK04","285964","0.2727","cantharm_audio_spk04.zip","downloads/packages/cantharm_audio_spk04.zip"
"F03960_SPK10.wav","SPK10","305306","0.2912","cantharm_audio_spk10.zip","downloads/packages/cantharm_audio_spk10.zip"
"F03961_SPK04.wav","SPK04","507148","0.4837","cantharm_audio_spk04.zip","downloads/packages/cantharm_audio_spk04.zip"
"F03962_SPK04.wav","SPK04","364300","0.3474","cantharm_audio_spk04.zip","downloads/packages/cantharm_audio_spk04.zip"
"F03963_SPK04.wav","SPK04","507148","0.4837","cantharm_audio_spk04.zip","downloads/packages/cantharm_audio_spk04.zip"
"F03964_SPK04.wav","SPK04","318220","0.3035","cantharm_audio_spk04.zip","downloads/packages/cantharm_audio_spk04.zip"
"F03965_SPK04.wav","SPK04","355084","0.3386","cantharm_audio_spk04.zip","downloads/packages/cantharm_audio_spk04.zip"
"F03966_SPK04.wav","SPK04","567052","0.5408","cantharm_audio_spk04.zip","downloads/packages/cantharm_audio_spk04.zip"
"F03967_SPK04.wav","SPK04","497932","0.4749","cantharm_audio_spk04.zip","downloads/packages/cantharm_audio_spk04.zip"
"F03968_SPK04.wav","SPK04","322828","0.3079","cantharm_audio_spk04.zip","downloads/packages/cantharm_audio_spk04.zip"
"F03969_SPK05.wav","SPK05","427024","0.4072","cantharm_audio_spk05.zip","downloads/packages/cantharm_audio_spk05.zip"
"F03970_SPK04.wav","SPK04","313612","0.2991","cantharm_audio_spk04.zip","downloads/packages/cantharm_audio_spk04.zip"
"F03971_SPK04.wav","SPK04","313612","0.2991","cantharm_audio_spk04.zip","downloads/packages/cantharm_audio_spk04.zip"
"F03972_SPK04.wav","SPK04","299788","0.2859","cantharm_audio_spk04.zip","downloads/packages/cantharm_audio_spk04.zip"
"F03973_SPK04.wav","SPK04","299788","0.2859","cantharm_audio_spk04.zip","downloads/packages/cantharm_audio_spk04.zip"
"F03974_SPK06.wav","SPK06","485308","0.4628","cantharm_audio_spk06.zip","downloads/packages/cantharm_audio_spk06.zip"
"F03975_SPK04.wav","SPK04","585484","0.5584","cantharm_audio_spk04.zip","downloads/packages/cantharm_audio_spk04.zip"
"F03976_SPK04.wav","SPK04","318220","0.3035","cantharm_audio_spk04.zip","downloads/packages/cantharm_audio_spk04.zip"
"F03977_SPK04.wav","SPK04","285964","0.2727","cantharm_audio_spk04.zip","downloads/packages/cantharm_audio_spk04.zip"
"F03978_SPK04.wav","SPK04","433420","0.4133","cantharm_audio_spk04.zip","downloads/packages/cantharm_audio_spk04.zip"
"F03979_SPK04.wav","SPK04","267532","0.2551","cantharm_audio_spk04.zip","downloads/packages/cantharm_audio_spk04.zip"
"F03981_SPK04.wav","SPK04","327436","0.3123","cantharm_audio_spk04.zip","downloads/packages/cantharm_audio_spk04.zip"
"F03982_SPK04.wav","SPK04","401164","0.3826","cantharm_audio_spk04.zip","downloads/packages/cantharm_audio_spk04.zip"
"F03983_SPK04.wav","SPK04","1388316","1.324","cantharm_audio_spk04.zip","downloads/packages/cantharm_audio_spk04.zip"
"F03984_SPK04.wav","SPK04","322828","0.3079","cantharm_audio_spk04.zip","downloads/packages/cantharm_audio_spk04.zip"
"F03985_SPK04.wav","SPK04","355084","0.3386","cantharm_audio_spk04.zip","downloads/packages/cantharm_audio_spk04.zip"
"F03986_SPK04.wav","SPK04","419596","0.4002","cantharm_audio_spk04.zip","downloads/packages/cantharm_audio_spk04.zip"
"F03987_SPK04.wav","SPK04","590092","0.5628","cantharm_audio_spk04.zip","downloads/packages/cantharm_audio_spk04.zip"
"F03988_SPK04.wav","SPK04","368908","0.3518","cantharm_audio_spk04.zip","downloads/packages/cantharm_audio_spk04.zip"
"F03989_SPK04.wav","SPK04","493324","0.4705","cantharm_audio_spk04.zip","downloads/packages/cantharm_audio_spk04.zip"
"F03990_SPK04.wav","SPK04","493324","0.4705","cantharm_audio_spk04.zip","downloads/packages/cantharm_audio_spk04.zip"
"F03991_SPK04.wav","SPK04","405772","0.387","cantharm_audio_spk04.zip","downloads/packages/cantharm_audio_spk04.zip"
"F03992_SPK04.wav","SPK04","424204","0.4046","cantharm_audio_spk04.zip","downloads/packages/cantharm_audio_spk04.zip"
"F03993_SPK04.wav","SPK04","336652","0.3211","cantharm_audio_spk04.zip","downloads/packages/cantharm_audio_spk04.zip"
"F03994_SPK04.wav","SPK04","327436","0.3123","cantharm_audio_spk04.zip","downloads/packages/cantharm_audio_spk04.zip"
"F03995_SPK04.wav","SPK04","336652","0.3211","cantharm_audio_spk04.zip","downloads/packages/cantharm_audio_spk04.zip"
"F03996_SPK04.wav","SPK04","396556","0.3782","cantharm_audio_spk04.zip","downloads/packages/cantharm_audio_spk04.zip"
"F03997_SPK04.wav","SPK04","327436","0.3123","cantharm_audio_spk04.zip","downloads/packages/cantharm_audio_spk04.zip"
"F03998_SPK04.wav","SPK04","368908","0.3518","cantharm_audio_spk04.zip","downloads/packages/cantharm_audio_spk04.zip"
"F03999_SPK04.wav","SPK04","327436","0.3123","cantharm_audio_spk04.zip","downloads/packages/cantharm_audio_spk04.zip"
"F04000_SPK04.wav","SPK04","1203996","1.1482","cantharm_audio_spk04.zip","downloads/packages/cantharm_audio_spk04.zip"
"F04001_SPK04.wav","SPK04","290572","0.2771","cantharm_audio_spk04.zip","downloads/packages/cantharm_audio_spk04.zip"
"F04002_SPK04.wav","SPK04","373516","0.3562","cantharm_audio_spk04.zip","downloads/packages/cantharm_audio_spk04.zip"
"F04003_SPK04.wav","SPK04","290572","0.2771","cantharm_audio_spk04.zip","downloads/packages/cantharm_audio_spk04.zip"
"F04004_SPK04.wav","SPK04","364300","0.3474","cantharm_audio_spk04.zip","downloads/packages/cantharm_audio_spk04.zip"
"F04005_SPK04.wav","SPK04","262924","0.2507","cantharm_audio_spk04.zip","downloads/packages/cantharm_audio_spk04.zip"
"F04006_SPK04.wav","SPK04","428812","0.4089","cantharm_audio_spk04.zip","downloads/packages/cantharm_audio_spk04.zip"
"F04007_SPK07.wav","SPK07","512940","0.4892","cantharm_audio_spk07.zip","downloads/packages/cantharm_audio_spk07.zip"
"F04008_SPK04.wav","SPK04","419596","0.4002","cantharm_audio_spk04.zip","downloads/packages/cantharm_audio_spk04.zip"
"F04009_SPK04.wav","SPK04","562444","0.5364","cantharm_audio_spk04.zip","downloads/packages/cantharm_audio_spk04.zip"
"F04010_SPK04.wav","SPK04","267532","0.2551","cantharm_audio_spk04.zip","downloads/packages/cantharm_audio_spk04.zip"
"F04011_SPK04.wav","SPK04","327436","0.3123","cantharm_audio_spk04.zip","downloads/packages/cantharm_audio_spk04.zip"
"F04012_SPK04.wav","SPK04","309004","0.2947","cantharm_audio_spk04.zip","downloads/packages/cantharm_audio_spk04.zip"
"F04013_SPK04.wav","SPK04","373516","0.3562","cantharm_audio_spk04.zip","downloads/packages/cantharm_audio_spk04.zip"
"F04015_SPK04.wav","SPK04","424204","0.4046","cantharm_audio_spk04.zip","downloads/packages/cantharm_audio_spk04.zip"
"F04016_SPK04.wav","SPK04","341260","0.3255","cantharm_audio_spk04.zip","downloads/packages/cantharm_audio_spk04.zip"
"F04017_SPK05.wav","SPK05","470284","0.4485","cantharm_audio_spk05.zip","downloads/packages/cantharm_audio_spk05.zip"
"F04018_SPK11.wav","SPK11","332296","0.3169","cantharm_audio_spk11.zip","downloads/packages/cantharm_audio_spk11.zip"
"F04019_SPK01.wav","SPK01","505116","0.4817","cantharm_audio_spk01.zip","downloads/packages/cantharm_audio_spk01.zip"
"F04020_SPK04.wav","SPK04","295180","0.2815","cantharm_audio_spk04.zip","downloads/packages/cantharm_audio_spk04.zip"
"F04021_SPK04.wav","SPK04","414988","0.3958","cantharm_audio_spk04.zip","downloads/packages/cantharm_audio_spk04.zip"
"F04022_SPK04.wav","SPK04","405772","0.387","cantharm_audio_spk04.zip","downloads/packages/cantharm_audio_spk04.zip"
"F04023_SPK04.wav","SPK04","295180","0.2815","cantharm_audio_spk04.zip","downloads/packages/cantharm_audio_spk04.zip"
"F04024_SPK04.wav","SPK04","221452","0.2112","cantharm_audio_spk04.zip","downloads/packages/cantharm_audio_spk04.zip"
"F04025_SPK02.wav","SPK02","1023502","0.9761","cantharm_audio_spk02.zip","downloads/packages/cantharm_audio_spk02.zip"
"F04026_SPK04.wav","SPK04","318220","0.3035","cantharm_audio_spk04.zip","downloads/packages/cantharm_audio_spk04.zip"
"F04027_SPK04.wav","SPK04","244492","0.2332","cantharm_audio_spk04.zip","downloads/packages/cantharm_audio_spk04.zip"
"F04028_SPK04.wav","SPK04","438028","0.4177","cantharm_audio_spk04.zip","downloads/packages/cantharm_audio_spk04.zip"
"F04029_SPK04.wav","SPK04","281356","0.2683","cantharm_audio_spk04.zip","downloads/packages/cantharm_audio_spk04.zip"
"F04030_SPK04.wav","SPK04","511756","0.488","cantharm_audio_spk04.zip","downloads/packages/cantharm_audio_spk04.zip"
"F04031_SPK04.wav","SPK04","405772","0.387","cantharm_audio_spk04.zip","downloads/packages/cantharm_audio_spk04.zip"
"F04032A_SPK11.wav","SPK11","185376","0.1768","cantharm_audio_spk11.zip","downloads/packages/cantharm_audio_spk11.zip"
"F04032B_SPK11.wav","SPK11","270048","0.2575","cantharm_audio_spk11.zip","downloads/packages/cantharm_audio_spk11.zip"
"F04033_SPK04.wav","SPK04","221452","0.2112","cantharm_audio_spk04.zip","downloads/packages/cantharm_audio_spk04.zip"
"F04034_SPK04.wav","SPK04","332044","0.3167","cantharm_audio_spk04.zip","downloads/packages/cantharm_audio_spk04.zip"
"F04035_SPK05.wav","SPK05","295180","0.2815","cantharm_audio_spk05.zip","downloads/packages/cantharm_audio_spk05.zip"
"F04036_SPK04.wav","SPK04","290572","0.2771","cantharm_audio_spk04.zip","downloads/packages/cantharm_audio_spk04.zip"
"F04037_SPK04.wav","SPK04","309004","0.2947","cantharm_audio_spk04.zip","downloads/packages/cantharm_audio_spk04.zip"
"F04038_SPK04.wav","SPK04","798876","0.7619","cantharm_audio_spk04.zip","downloads/packages/cantharm_audio_spk04.zip"
"F04039_SPK04.wav","SPK04","313612","0.2991","cantharm_audio_spk04.zip","downloads/packages/cantharm_audio_spk04.zip"
"F04040_SPK04.wav","SPK04","189196","0.1804","cantharm_audio_spk04.zip","downloads/packages/cantharm_audio_spk04.zip"
"F04041_SPK04.wav","SPK04","299788","0.2859","cantharm_audio_spk04.zip","downloads/packages/cantharm_audio_spk04.zip"
"F04042_SPK04.wav","SPK04","267532","0.2551","cantharm_audio_spk04.zip","downloads/packages/cantharm_audio_spk04.zip"
"F04043_SPK04.wav","SPK04","322828","0.3079","cantharm_audio_spk04.zip","downloads/packages/cantharm_audio_spk04.zip"
"F04044_SPK03.wav","SPK03","280612","0.2676","cantharm_audio_spk03.zip","downloads/packages/cantharm_audio_spk03.zip"
"F04045_SPK04.wav","SPK04","481728","0.4594","cantharm_audio_spk04.zip","downloads/packages/cantharm_audio_spk04.zip"
"F04046_SPK05.wav","SPK05","414676","0.3955","cantharm_audio_spk05.zip","downloads/packages/cantharm_audio_spk05.zip"
"F04047_SPK06.wav","SPK06","402348","0.3837","cantharm_audio_spk06.zip","downloads/packages/cantharm_audio_spk06.zip"
"F04048_SPK07.wav","SPK07","411180","0.3921","cantharm_audio_spk07.zip","downloads/packages/cantharm_audio_spk07.zip"
"F04049_SPK04.wav","SPK04","396556","0.3782","cantharm_audio_spk04.zip","downloads/packages/cantharm_audio_spk04.zip"
"F04050_SPK08.wav","SPK08","301780","0.2878","cantharm_audio_spk08.zip","downloads/packages/cantharm_audio_spk08.zip"
"F04051_SPK11.wav","SPK11","305416","0.2913","cantharm_audio_spk11.zip","downloads/packages/cantharm_audio_spk11.zip"
"F04052_SPK04.wav","SPK04","2198556","2.0967","cantharm_audio_spk04.zip","downloads/packages/cantharm_audio_spk04.zip"
"F04053_SPK01.wav","SPK01","420636","0.4011","cantharm_audio_spk01.zip","downloads/packages/cantharm_audio_spk01.zip"
"F04054_SPK04.wav","SPK04","442636","0.4221","cantharm_audio_spk04.zip","downloads/packages/cantharm_audio_spk04.zip"
"F04055_SPK04.wav","SPK04","281356","0.2683","cantharm_audio_spk04.zip","downloads/packages/cantharm_audio_spk04.zip"
"F04056_SPK04.wav","SPK04","442636","0.4221","cantharm_audio_spk04.zip","downloads/packages/cantharm_audio_spk04.zip"
"F04057_SPK02.wav","SPK02","1284622","1.2251","cantharm_audio_spk02.zip","downloads/packages/cantharm_audio_spk02.zip"
"F04058_SPK04.wav","SPK04","276748","0.2639","cantharm_audio_spk04.zip","downloads/packages/cantharm_audio_spk04.zip"
"F04059_SPK04.wav","SPK04","285964","0.2727","cantharm_audio_spk04.zip","downloads/packages/cantharm_audio_spk04.zip"
"F04060_SPK04.wav","SPK04","299788","0.2859","cantharm_audio_spk04.zip","downloads/packages/cantharm_audio_spk04.zip"
"F04061_SPK03.wav","SPK03","488764","0.4661","cantharm_audio_spk03.zip","downloads/packages/cantharm_audio_spk03.zip"
"F04062_SPK04.wav","SPK04","478200","0.456","cantharm_audio_spk04.zip","downloads/packages/cantharm_audio_spk04.zip"
"F04063_SPK04.wav","SPK04","1493916","1.4247","cantharm_audio_spk04.zip","downloads/packages/cantharm_audio_spk04.zip"
"F04064_SPK05.wav","SPK05","418204","0.3988","cantharm_audio_spk05.zip","downloads/packages/cantharm_audio_spk05.zip"
"F04065_SPK06.wav","SPK06","448212","0.4274","cantharm_audio_spk06.zip","downloads/packages/cantharm_audio_spk06.zip"
"F04066_SPK07.wav","SPK07","415020","0.3958","cantharm_audio_spk07.zip","downloads/packages/cantharm_audio_spk07.zip"
"F04067_SPK08.wav","SPK08","229456","0.2188","cantharm_audio_spk08.zip","downloads/packages/cantharm_audio_spk08.zip"
"F04068_SPK11.wav","SPK11","307336","0.2931","cantharm_audio_spk11.zip","downloads/packages/cantharm_audio_spk11.zip"
"F04069_SPK04.wav","SPK04","456460","0.4353","cantharm_audio_spk04.zip","downloads/packages/cantharm_audio_spk04.zip"
"F04070_SPK01.wav","SPK01","445596","0.425","cantharm_audio_spk01.zip","downloads/packages/cantharm_audio_spk01.zip"
"F04071_SPK02.wav","SPK02","1253902","1.1958","cantharm_audio_spk02.zip","downloads/packages/cantharm_audio_spk02.zip"
"F04072_SPK03.wav","SPK03","326476","0.3114","cantharm_audio_spk03.zip","downloads/packages/cantharm_audio_spk03.zip"
"F04073_SPK04.wav","SPK04","411168","0.3921","cantharm_audio_spk04.zip","downloads/packages/cantharm_audio_spk04.zip"
"F04074_SPK05.wav","SPK05","336652","0.3211","cantharm_audio_spk05.zip","downloads/packages/cantharm_audio_spk05.zip"
"F04075_SPK05.wav","SPK05","386452","0.3685","cantharm_audio_spk05.zip","downloads/packages/cantharm_audio_spk05.zip"
"F04076_SPK04.wav","SPK04","401164","0.3826","cantharm_audio_spk04.zip","downloads/packages/cantharm_audio_spk04.zip"
"F04077_SPK06.wav","SPK06","457736","0.4365","cantharm_audio_spk06.zip","downloads/packages/cantharm_audio_spk06.zip"
"F04078_SPK07.wav","SPK07","340140","0.3244","cantharm_audio_spk07.zip","downloads/packages/cantharm_audio_spk07.zip"
"F04079_SPK04.wav","SPK04","488716","0.4661","cantharm_audio_spk04.zip","downloads/packages/cantharm_audio_spk04.zip"
"F04080_SPK04.wav","SPK04","493324","0.4705","cantharm_audio_spk04.zip","downloads/packages/cantharm_audio_spk04.zip"
"F04081_SPK08.wav","SPK08","377632","0.3601","cantharm_audio_spk08.zip","downloads/packages/cantharm_audio_spk08.zip"
"F04082_SPK11.wav","SPK11","309256","0.2949","cantharm_audio_spk11.zip","downloads/packages/cantharm_audio_spk11.zip"
"F04083_SPK04.wav","SPK04","1259676","1.2013","cantharm_audio_spk04.zip","downloads/packages/cantharm_audio_spk04.zip"
"F04084_SPK01.wav","SPK01","386076","0.3682","cantharm_audio_spk01.zip","downloads/packages/cantharm_audio_spk01.zip"
"F04085_SPK02.wav","SPK02","973582","0.9285","cantharm_audio_spk02.zip","downloads/packages/cantharm_audio_spk02.zip"
"F04086_SPK04.wav","SPK04","451852","0.4309","cantharm_audio_spk04.zip","downloads/packages/cantharm_audio_spk04.zip"
"F04087_SPK04.wav","SPK04","368908","0.3518","cantharm_audio_spk04.zip","downloads/packages/cantharm_audio_spk04.zip"
"F04089_SPK04.wav","SPK04","717654","0.6844","cantharm_audio_spk04.zip","downloads/packages/cantharm_audio_spk04.zip"
"F04090_SPK04.wav","SPK04","315890","0.3013","cantharm_audio_spk04.zip","downloads/packages/cantharm_audio_spk04.zip"
"F04091_SPK04.wav","SPK04","521534","0.4974","cantharm_audio_spk04.zip","downloads/packages/cantharm_audio_spk04.zip"
"F04092_SPK04.wav","SPK04","239884","0.2288","cantharm_audio_spk04.zip","downloads/packages/cantharm_audio_spk04.zip"
"F04093_SPK04.wav","SPK04","493324","0.4705","cantharm_audio_spk04.zip","downloads/packages/cantharm_audio_spk04.zip"
"F04094_SPK04.wav","SPK04","442636","0.4221","cantharm_audio_spk04.zip","downloads/packages/cantharm_audio_spk04.zip"
"F04095_SPK04.wav","SPK04","193804","0.1848","cantharm_audio_spk04.zip","downloads/packages/cantharm_audio_spk04.zip"
"F04096_SPK04.wav","SPK04","411146","0.3921","cantharm_audio_spk04.zip","downloads/packages/cantharm_audio_spk04.zip"
"F04097_SPK04.wav","SPK04","410380","0.3914","cantharm_audio_spk04.zip","downloads/packages/cantharm_audio_spk04.zip"
"F04098_SPK04.wav","SPK04","387340","0.3694","cantharm_audio_spk04.zip","downloads/packages/cantharm_audio_spk04.zip"
"F04099_SPK04.wav","SPK04","267532","0.2551","cantharm_audio_spk04.zip","downloads/packages/cantharm_audio_spk04.zip"
"F04100_SPK04.wav","SPK04","355084","0.3386","cantharm_audio_spk04.zip","downloads/packages/cantharm_audio_spk04.zip"
"F04101_SPK04.wav","SPK04","244492","0.2332","cantharm_audio_spk04.zip","downloads/packages/cantharm_audio_spk04.zip"
"F04102_SPK04.wav","SPK04","471144","0.4493","cantharm_audio_spk04.zip","downloads/packages/cantharm_audio_spk04.zip"
"F04103_SPK04.wav","SPK04","529686","0.5051","cantharm_audio_spk04.zip","downloads/packages/cantharm_audio_spk04.zip"
"F04104_SPK04.wav","SPK04","474298","0.4523","cantharm_audio_spk04.zip","downloads/packages/cantharm_audio_spk04.zip"
"F04105_SPK04.wav","SPK04","336652","0.3211","cantharm_audio_spk04.zip","downloads/packages/cantharm_audio_spk04.zip"
"F04106_SPK04.wav","SPK04","290572","0.2771","cantharm_audio_spk04.zip","downloads/packages/cantharm_audio_spk04.zip"
"F04107_SPK04.wav","SPK04","387340","0.3694","cantharm_audio_spk04.zip","downloads/packages/cantharm_audio_spk04.zip"
"F04108_SPK04.wav","SPK04","465676","0.4441","cantharm_audio_spk04.zip","downloads/packages/cantharm_audio_spk04.zip"
"F04109_SPK04.wav","SPK04","433420","0.4133","cantharm_audio_spk04.zip","downloads/packages/cantharm_audio_spk04.zip"
"F04110_SPK04.wav","SPK04","401164","0.3826","cantharm_audio_spk04.zip","downloads/packages/cantharm_audio_spk04.zip"
"F04111_SPK04.wav","SPK04","461068","0.4397","cantharm_audio_spk04.zip","downloads/packages/cantharm_audio_spk04.zip"
"F04112_SPK04.wav","SPK04","516364","0.4924","cantharm_audio_spk04.zip","downloads/packages/cantharm_audio_spk04.zip"
"F04113_SPK05.wav","SPK05","377632","0.3601","cantharm_audio_spk05.zip","downloads/packages/cantharm_audio_spk05.zip"
"F04114_SPK04.wav","SPK04","438028","0.4177","cantharm_audio_spk04.zip","downloads/packages/cantharm_audio_spk04.zip"
"F04115_SPK04.wav","SPK04","447244","0.4265","cantharm_audio_spk04.zip","downloads/packages/cantharm_audio_spk04.zip"
"F04116_SPK04.wav","SPK04","332044","0.3167","cantharm_audio_spk04.zip","downloads/packages/cantharm_audio_spk04.zip"
"F04117_SPK04.wav","SPK04","493324","0.4705","cantharm_audio_spk04.zip","downloads/packages/cantharm_audio_spk04.zip"
"F04118_SPK04.wav","SPK04","313612","0.2991","cantharm_audio_spk04.zip","downloads/packages/cantharm_audio_spk04.zip"
"F04119_SPK04.wav","SPK04","355084","0.3386","cantharm_audio_spk04.zip","downloads/packages/cantharm_audio_spk04.zip"
"F04120_SPK04.wav","SPK04","557836","0.532","cantharm_audio_spk04.zip","downloads/packages/cantharm_audio_spk04.zip"
"F04121_SPK06.wav","SPK06","386060","0.3682","cantharm_audio_spk06.zip","downloads/packages/cantharm_audio_spk06.zip"
"F04122_SPK04.wav","SPK04","474892","0.4529","cantharm_audio_spk04.zip","downloads/packages/cantharm_audio_spk04.zip"
"F04123_SPK04.wav","SPK04","493324","0.4705","cantharm_audio_spk04.zip","downloads/packages/cantharm_audio_spk04.zip"
"F04124_SPK04.wav","SPK04","410380","0.3914","cantharm_audio_spk04.zip","downloads/packages/cantharm_audio_spk04.zip"
"F04125_SPK04.wav","SPK04","364300","0.3474","cantharm_audio_spk04.zip","downloads/packages/cantharm_audio_spk04.zip"
"F04126_SPK04.wav","SPK04","327436","0.3123","cantharm_audio_spk04.zip","downloads/packages/cantharm_audio_spk04.zip"
"F04127_SPK07.wav","SPK07","582060","0.5551","cantharm_audio_spk07.zip","downloads/packages/cantharm_audio_spk07.zip"
"F04128_SPK04.wav","SPK04","239884","0.2288","cantharm_audio_spk04.zip","downloads/packages/cantharm_audio_spk04.zip"
"F04129_SPK04.wav","SPK04","474892","0.4529","cantharm_audio_spk04.zip","downloads/packages/cantharm_audio_spk04.zip"
"F04130_SPK04.wav","SPK04","493324","0.4705","cantharm_audio_spk04.zip","downloads/packages/cantharm_audio_spk04.zip"
"F04131_SPK04.wav","SPK04","313612","0.2991","cantharm_audio_spk04.zip","downloads/packages/cantharm_audio_spk04.zip"
"F04132_SPK04.wav","SPK04","355084","0.3386","cantharm_audio_spk04.zip","downloads/packages/cantharm_audio_spk04.zip"
"F04133_SPK04.wav","SPK04","309004","0.2947","cantharm_audio_spk04.zip","downloads/packages/cantharm_audio_spk04.zip"
"F04134_SPK04.wav","SPK04","345868","0.3298","cantharm_audio_spk04.zip","downloads/packages/cantharm_audio_spk04.zip"
"F04135_SPK04.wav","SPK04","295180","0.2815","cantharm_audio_spk04.zip","downloads/packages/cantharm_audio_spk04.zip"
"F04136_SPK04.wav","SPK04","290572","0.2771","cantharm_audio_spk04.zip","downloads/packages/cantharm_audio_spk04.zip"
"F04137_SPK04.wav","SPK04","309004","0.2947","cantharm_audio_spk04.zip","downloads/packages/cantharm_audio_spk04.zip"
"F04138_SPK08.wav","SPK08","354700","0.3383","cantharm_audio_spk08.zip","downloads/packages/cantharm_audio_spk08.zip"
"F04139_SPK11.wav","SPK11","332296","0.3169","cantharm_audio_spk11.zip","downloads/packages/cantharm_audio_spk11.zip"
"F04140_SPK04.wav","SPK04","442636","0.4221","cantharm_audio_spk04.zip","downloads/packages/cantharm_audio_spk04.zip"
"F04141_SPK04.wav","SPK04","295180","0.2815","cantharm_audio_spk04.zip","downloads/packages/cantharm_audio_spk04.zip"
"F04142_SPK04.wav","SPK04","631564","0.6023","cantharm_audio_spk04.zip","downloads/packages/cantharm_audio_spk04.zip"
"F04143_SPK01.wav","SPK01","424476","0.4048","cantharm_audio_spk01.zip","downloads/packages/cantharm_audio_spk01.zip"
"F04144_SPK04.wav","SPK04","359692","0.343","cantharm_audio_spk04.zip","downloads/packages/cantharm_audio_spk04.zip"
"F04145_SPK04.wav","SPK04","442636","0.4221","cantharm_audio_spk04.zip","downloads/packages/cantharm_audio_spk04.zip"
"F04146_SPK02.wav","SPK02","748942","0.7142","cantharm_audio_spk02.zip","downloads/packages/cantharm_audio_spk02.zip"
"F04147_SPK04.wav","SPK04","433420","0.4133","cantharm_audio_spk04.zip","downloads/packages/cantharm_audio_spk04.zip"
"F04148_SPK04.wav","SPK04","332044","0.3167","cantharm_audio_spk04.zip","downloads/packages/cantharm_audio_spk04.zip"
"F04149_SPK04.wav","SPK04","258316","0.2463","cantharm_audio_spk04.zip","downloads/packages/cantharm_audio_spk04.zip"
"F04151_SPK04.wav","SPK04","484108","0.4617","cantharm_audio_spk04.zip","downloads/packages/cantharm_audio_spk04.zip"
"F04152_SPK01.wav","SPK01","275320","0.2626","cantharm_audio_spk01.zip","downloads/packages/cantharm_audio_spk01.zip"
"F04153_SPK04.wav","SPK04","543468","0.5183","cantharm_audio_spk04.zip","downloads/packages/cantharm_audio_spk04.zip"
"F04154_SPK05.wav","SPK05","439372","0.419","cantharm_audio_spk05.zip","downloads/packages/cantharm_audio_spk05.zip"
"F04155_SPK06.wav","SPK06","542648","0.5175","cantharm_audio_spk06.zip","downloads/packages/cantharm_audio_spk06.zip"
"F04156_SPK04.wav","SPK04","387340","0.3694","cantharm_audio_spk04.zip","downloads/packages/cantharm_audio_spk04.zip"
"F04157_SPK04.wav","SPK04","405772","0.387","cantharm_audio_spk04.zip","downloads/packages/cantharm_audio_spk04.zip"
"F04158_SPK04.wav","SPK04","318220","0.3035","cantharm_audio_spk04.zip","downloads/packages/cantharm_audio_spk04.zip"
"F04159_SPK04.wav","SPK04","488716","0.4661","cantharm_audio_spk04.zip","downloads/packages/cantharm_audio_spk04.zip"
"F04160_SPK04.wav","SPK04","396556","0.3782","cantharm_audio_spk04.zip","downloads/packages/cantharm_audio_spk04.zip"
"F04161_SPK04.wav","SPK04","401164","0.3826","cantharm_audio_spk04.zip","downloads/packages/cantharm_audio_spk04.zip"
"F04162_SPK04.wav","SPK04","465676","0.4441","cantharm_audio_spk04.zip","downloads/packages/cantharm_audio_spk04.zip"
"F04163_SPK04.wav","SPK04","373516","0.3562","cantharm_audio_spk04.zip","downloads/packages/cantharm_audio_spk04.zip"
"F04164_SPK04.wav","SPK04","368908","0.3518","cantharm_audio_spk04.zip","downloads/packages/cantharm_audio_spk04.zip"
"F04165_SPK07.wav","SPK07","449580","0.4288","cantharm_audio_spk07.zip","downloads/packages/cantharm_audio_spk07.zip"
"F04166_SPK04.wav","SPK04","249100","0.2376","cantharm_audio_spk04.zip","downloads/packages/cantharm_audio_spk04.zip"
"F04167_SPK04.wav","SPK04","405772","0.387","cantharm_audio_spk04.zip","downloads/packages/cantharm_audio_spk04.zip"
"F04168_SPK04.wav","SPK04","419596","0.4002","cantharm_audio_spk04.zip","downloads/packages/cantharm_audio_spk04.zip"
"F04169_SPK04.wav","SPK04","387340","0.3694","cantharm_audio_spk04.zip","downloads/packages/cantharm_audio_spk04.zip"
"F04170_SPK04.wav","SPK04","364300","0.3474","cantharm_audio_spk04.zip","downloads/packages/cantharm_audio_spk04.zip"
"F04171_SPK04.wav","SPK04","414988","0.3958","cantharm_audio_spk04.zip","downloads/packages/cantharm_audio_spk04.zip"
"F04172_SPK04.wav","SPK04","825756","0.7875","cantharm_audio_spk04.zip","downloads/packages/cantharm_audio_spk04.zip"
"F04173_SPK04.wav","SPK04","497932","0.4749","cantharm_audio_spk04.zip","downloads/packages/cantharm_audio_spk04.zip"
"F04174_SPK04.wav","SPK04","470284","0.4485","cantharm_audio_spk04.zip","downloads/packages/cantharm_audio_spk04.zip"
"F04175_SPK04.wav","SPK04","451852","0.4309","cantharm_audio_spk04.zip","downloads/packages/cantharm_audio_spk04.zip"
"F04176_SPK04.wav","SPK04","285964","0.2727","cantharm_audio_spk04.zip","downloads/packages/cantharm_audio_spk04.zip"
"F04177_SPK04.wav","SPK04","350476","0.3342","cantharm_audio_spk04.zip","downloads/packages/cantharm_audio_spk04.zip"
"F04178_SPK04.wav","SPK04","373516","0.3562","cantharm_audio_spk04.zip","downloads/packages/cantharm_audio_spk04.zip"
"F04179_SPK04.wav","SPK04","410380","0.3914","cantharm_audio_spk04.zip","downloads/packages/cantharm_audio_spk04.zip"
"F04180_SPK04.wav","SPK04","318220","0.3035","cantharm_audio_spk04.zip","downloads/packages/cantharm_audio_spk04.zip"
"F04181_SPK08.wav","SPK08","315892","0.3013","cantharm_audio_spk08.zip","downloads/packages/cantharm_audio_spk08.zip"
"F04182_SPK04.wav","SPK04","258316","0.2463","cantharm_audio_spk04.zip","downloads/packages/cantharm_audio_spk04.zip"
"F04183_SPK10.wav","SPK10","358430","0.3418","cantharm_audio_spk10.zip","downloads/packages/cantharm_audio_spk10.zip"
"F04184_SPK04.wav","SPK04","405772","0.387","cantharm_audio_spk04.zip","downloads/packages/cantharm_audio_spk04.zip"
"F04185_SPK04.wav","SPK04","391948","0.3738","cantharm_audio_spk04.zip","downloads/packages/cantharm_audio_spk04.zip"
"F04186_SPK04.wav","SPK04","249100","0.2376","cantharm_audio_spk04.zip","downloads/packages/cantharm_audio_spk04.zip"
"F04187_SPK04.wav","SPK04","345868","0.3298","cantharm_audio_spk04.zip","downloads/packages/cantharm_audio_spk04.zip"
"F04188_SPK04.wav","SPK04","382732","0.365","cantharm_audio_spk04.zip","downloads/packages/cantharm_audio_spk04.zip"
"F04189_SPK04.wav","SPK04","424204","0.4046","cantharm_audio_spk04.zip","downloads/packages/cantharm_audio_spk04.zip"
"F04190_SPK04.wav","SPK04","1294236","1.2343","cantharm_audio_spk04.zip","downloads/packages/cantharm_audio_spk04.zip"
"F04191_SPK04.wav","SPK04","387340","0.3694","cantharm_audio_spk04.zip","downloads/packages/cantharm_audio_spk04.zip"
"F04192_SPK04.wav","SPK04","378124","0.3606","cantharm_audio_spk04.zip","downloads/packages/cantharm_audio_spk04.zip"
"F04193_SPK10.wav","SPK10","411350","0.3923","cantharm_audio_spk10.zip","downloads/packages/cantharm_audio_spk10.zip"
"F04194_SPK04.wav","SPK04","230668","0.22","cantharm_audio_spk04.zip","downloads/packages/cantharm_audio_spk04.zip"
"F04195_SPK01.wav","SPK01","439836","0.4195","cantharm_audio_spk01.zip","downloads/packages/cantharm_audio_spk01.zip"
"F04196_SPK10.wav","SPK10","245330","0.234","cantharm_audio_spk10.zip","downloads/packages/cantharm_audio_spk10.zip"
"F04197_SPK04.wav","SPK04","433420","0.4133","cantharm_audio_spk04.zip","downloads/packages/cantharm_audio_spk04.zip"
"F04198_SPK04.wav","SPK04","1253916","1.1958","cantharm_audio_spk04.zip","downloads/packages/cantharm_audio_spk04.zip"
"F04199_SPK02.wav","SPK02","764302","0.7289","cantharm_audio_spk02.zip","downloads/packages/cantharm_audio_spk02.zip"
"F04200_SPK01.wav","SPK01","405856","0.3871","cantharm_audio_spk01.zip","downloads/packages/cantharm_audio_spk01.zip"
"F04201_SPK10.wav","SPK10","324710","0.3097","cantharm_audio_spk10.zip","downloads/packages/cantharm_audio_spk10.zip"
"F04202_SPK04.wav","SPK04","350476","0.3342","cantharm_audio_spk04.zip","downloads/packages/cantharm_audio_spk04.zip"
"F04203_SPK05.wav","SPK05","439372","0.419","cantharm_audio_spk05.zip","downloads/packages/cantharm_audio_spk05.zip"
"F04204_SPK04.wav","SPK04","295180","0.2815","cantharm_audio_spk04.zip","downloads/packages/cantharm_audio_spk04.zip"
"F04205_SPK06.wav","SPK06","499640","0.4765","cantharm_audio_spk06.zip","downloads/packages/cantharm_audio_spk06.zip"
"F04206_SPK07.wav","SPK07","443820","0.4233","cantharm_audio_spk07.zip","downloads/packages/cantharm_audio_spk07.zip"
"F04207_SPK04.wav","SPK04","396556","0.3782","cantharm_audio_spk04.zip","downloads/packages/cantharm_audio_spk04.zip"
"F04208_SPK04.wav","SPK04","424204","0.4046","cantharm_audio_spk04.zip","downloads/packages/cantharm_audio_spk04.zip"
"F04209_SPK08.wav","SPK08","388216","0.3702","cantharm_audio_spk08.zip","downloads/packages/cantharm_audio_spk08.zip"
"F04210_SPK04.wav","SPK04","438028","0.4177","cantharm_audio_spk04.zip","downloads/packages/cantharm_audio_spk04.zip"
"F04211_SPK04.wav","SPK04","350476","0.3342","cantharm_audio_spk04.zip","downloads/packages/cantharm_audio_spk04.zip"
"F04212_SPK11.wav","SPK11","426376","0.4066","cantharm_audio_spk11.zip","downloads/packages/cantharm_audio_spk11.zip"
"F04213_SPK04.wav","SPK04","396556","0.3782","cantharm_audio_spk04.zip","downloads/packages/cantharm_audio_spk04.zip"
"F04214_SPK04.wav","SPK04","391948","0.3738","cantharm_audio_spk04.zip","downloads/packages/cantharm_audio_spk04.zip"
"F04215_SPK04.wav","SPK04","424204","0.4046","cantharm_audio_spk04.zip","downloads/packages/cantharm_audio_spk04.zip"
"F04216_SPK04.wav","SPK04","419596","0.4002","cantharm_audio_spk04.zip","downloads/packages/cantharm_audio_spk04.zip"
"F04217_SPK04.wav","SPK04","507148","0.4837","cantharm_audio_spk04.zip","downloads/packages/cantharm_audio_spk04.zip"
"F04218_SPK04.wav","SPK04","419596","0.4002","cantharm_audio_spk04.zip","downloads/packages/cantharm_audio_spk04.zip"
"F04219_SPK04.wav","SPK04","281356","0.2683","cantharm_audio_spk04.zip","downloads/packages/cantharm_audio_spk04.zip"
"F04220_SPK01.wav","SPK01","493596","0.4707","cantharm_audio_spk01.zip","downloads/packages/cantharm_audio_spk01.zip"
"F04221_SPK02.wav","SPK02","1038862","0.9907","cantharm_audio_spk02.zip","downloads/packages/cantharm_audio_spk02.zip"
"F04222_SPK04.wav","SPK04","456460","0.4353","cantharm_audio_spk04.zip","downloads/packages/cantharm_audio_spk04.zip"
"F04223_SPK04.wav","SPK04","387340","0.3694","cantharm_audio_spk04.zip","downloads/packages/cantharm_audio_spk04.zip"
"F04224_SPK04.wav","SPK04","322828","0.3079","cantharm_audio_spk04.zip","downloads/packages/cantharm_audio_spk04.zip"
"F04225_SPK04.wav","SPK04","507148","0.4837","cantharm_audio_spk04.zip","downloads/packages/cantharm_audio_spk04.zip"
"F04226_SPK04.wav","SPK04","359692","0.343","cantharm_audio_spk04.zip","downloads/packages/cantharm_audio_spk04.zip"
"F04227_SPK04.wav","SPK04","507148","0.4837","cantharm_audio_spk04.zip","downloads/packages/cantharm_audio_spk04.zip"
"F04228_SPK04.wav","SPK04","442636","0.4221","cantharm_audio_spk04.zip","downloads/packages/cantharm_audio_spk04.zip"
"F04229_SPK04.wav","SPK04","465676","0.4441","cantharm_audio_spk04.zip","downloads/packages/cantharm_audio_spk04.zip"
"F04230_SPK04.wav","SPK04","493324","0.4705","cantharm_audio_spk04.zip","downloads/packages/cantharm_audio_spk04.zip"
"F04231_SPK03.wav","SPK03","569908","0.5435","cantharm_audio_spk03.zip","downloads/packages/cantharm_audio_spk03.zip"
"F04232_SPK04.wav","SPK04","488784","0.4661","cantharm_audio_spk04.zip","downloads/packages/cantharm_audio_spk04.zip"
"F04233_SPK04.wav","SPK04","488716","0.4661","cantharm_audio_spk04.zip","downloads/packages/cantharm_audio_spk04.zip"
"F04234_SPK04.wav","SPK04","281356","0.2683","cantharm_audio_spk04.zip","downloads/packages/cantharm_audio_spk04.zip"
"F04235_SPK04.wav","SPK04","355084","0.3386","cantharm_audio_spk04.zip","downloads/packages/cantharm_audio_spk04.zip"
"F04236_SPK04.wav","SPK04","387340","0.3694","cantharm_audio_spk04.zip","downloads/packages/cantharm_audio_spk04.zip"
"F04237_SPK05.wav","SPK05","379396","0.3618","cantharm_audio_spk05.zip","downloads/packages/cantharm_audio_spk05.zip"
"F04238_SPK04.wav","SPK04","401164","0.3826","cantharm_audio_spk04.zip","downloads/packages/cantharm_audio_spk04.zip"
"F04239_SPK04.wav","SPK04","451852","0.4309","cantharm_audio_spk04.zip","downloads/packages/cantharm_audio_spk04.zip"
"F04240_SPK06.wav","SPK06","501132","0.4779","cantharm_audio_spk06.zip","downloads/packages/cantharm_audio_spk06.zip"
"F04241_SPK04.wav","SPK04","860316","0.8205","cantharm_audio_spk04.zip","downloads/packages/cantharm_audio_spk04.zip"
"F04242_SPK04.wav","SPK04","522396","0.4982","cantharm_audio_spk04.zip","downloads/packages/cantharm_audio_spk04.zip"
"F04243_SPK04.wav","SPK04","207628","0.198","cantharm_audio_spk04.zip","downloads/packages/cantharm_audio_spk04.zip"
"F04244_SPK10.wav","SPK10","421730","0.4022","cantharm_audio_spk10.zip","downloads/packages/cantharm_audio_spk10.zip"
"F04245_SPK04.wav","SPK04","364300","0.3474","cantharm_audio_spk04.zip","downloads/packages/cantharm_audio_spk04.zip"
"F04246_SPK07.wav","SPK07","497580","0.4745","cantharm_audio_spk07.zip","downloads/packages/cantharm_audio_spk07.zip"
"F04248_SPK11.wav","SPK11","389896","0.3718","cantharm_audio_spk11.zip","downloads/packages/cantharm_audio_spk11.zip"
"F04249_SPK04.wav","SPK04","511694","0.488","cantharm_audio_spk04.zip","downloads/packages/cantharm_audio_spk04.zip"
"F04250_SPK01.wav","SPK01","493596","0.4707","cantharm_audio_spk01.zip","downloads/packages/cantharm_audio_spk01.zip"
"F04251_SPK04.wav","SPK04","332044","0.3167","cantharm_audio_spk04.zip","downloads/packages/cantharm_audio_spk04.zip"
"F04252_SPK02.wav","SPK02","1052302","1.0036","cantharm_audio_spk02.zip","downloads/packages/cantharm_audio_spk02.zip"
"F04253_SPK04.wav","SPK04","507148","0.4837","cantharm_audio_spk04.zip","downloads/packages/cantharm_audio_spk04.zip"
"F04254_SPK04.wav","SPK04","350476","0.3342","cantharm_audio_spk04.zip","downloads/packages/cantharm_audio_spk04.zip"
"F04255_SPK04.wav","SPK04","451852","0.4309","cantharm_audio_spk04.zip","downloads/packages/cantharm_audio_spk04.zip"
"F04256_SPK04.wav","SPK04","272140","0.2595","cantharm_audio_spk04.zip","downloads/packages/cantharm_audio_spk04.zip"
"F04257_SPK04.wav","SPK04","520972","0.4968","cantharm_audio_spk04.zip","downloads/packages/cantharm_audio_spk04.zip"
"F04258_SPK03.wav","SPK03","603424","0.5755","cantharm_audio_spk03.zip","downloads/packages/cantharm_audio_spk03.zip"
"F04259_SPK04.wav","SPK04","322828","0.3079","cantharm_audio_spk04.zip","downloads/packages/cantharm_audio_spk04.zip"
"F04261_SPK04.wav","SPK04","566400","0.5402","cantharm_audio_spk04.zip","downloads/packages/cantharm_audio_spk04.zip"
"F04262_SPK10.wav","SPK10","428788","0.4089","cantharm_audio_spk10.zip","downloads/packages/cantharm_audio_spk10.zip"
"F04263_SPK06.wav","SPK06","383852","0.3661","cantharm_audio_spk06.zip","downloads/packages/cantharm_audio_spk06.zip"
"F04264_SPK04.wav","SPK04","516364","0.4924","cantharm_audio_spk04.zip","downloads/packages/cantharm_audio_spk04.zip"
"F04265_SPK04.wav","SPK04","438028","0.4177","cantharm_audio_spk04.zip","downloads/packages/cantharm_audio_spk04.zip"
"F04266_SPK04.wav","SPK04","355084","0.3386","cantharm_audio_spk04.zip","downloads/packages/cantharm_audio_spk04.zip"
"F04267_SPK04.wav","SPK04","576268","0.5496","cantharm_audio_spk04.zip","downloads/packages/cantharm_audio_spk04.zip"
"F04268_SPK04.wav","SPK04","461068","0.4397","cantharm_audio_spk04.zip","downloads/packages/cantharm_audio_spk04.zip"
"F04269_SPK04.wav","SPK04","433420","0.4133","cantharm_audio_spk04.zip","downloads/packages/cantharm_audio_spk04.zip"
"F04270_SPK07.wav","SPK07","497580","0.4745","cantharm_audio_spk07.zip","downloads/packages/cantharm_audio_spk07.zip"
"F04271_SPK08.wav","SPK08","285904","0.2727","cantharm_audio_spk08.zip","downloads/packages/cantharm_audio_spk08.zip"
"F04272_SPK11.wav","SPK11","311176","0.2968","cantharm_audio_spk11.zip","downloads/packages/cantharm_audio_spk11.zip"
"F04274_SPK04.wav","SPK04","502540","0.4793","cantharm_audio_spk04.zip","downloads/packages/cantharm_audio_spk04.zip"
"F04275_SPK04.wav","SPK04","1296156","1.2361","cantharm_audio_spk04.zip","downloads/packages/cantharm_audio_spk04.zip"
"F04276_SPK04.wav","SPK04","382732","0.365","cantharm_audio_spk04.zip","downloads/packages/cantharm_audio_spk04.zip"
"F04277_SPK04.wav","SPK04","295180","0.2815","cantharm_audio_spk04.zip","downloads/packages/cantharm_audio_spk04.zip"
"F04278_SPK04.wav","SPK04","414988","0.3958","cantharm_audio_spk04.zip","downloads/packages/cantharm_audio_spk04.zip"
"F04279_SPK04.wav","SPK04","304396","0.2903","cantharm_audio_spk04.zip","downloads/packages/cantharm_audio_spk04.zip"
"F04280_SPK04.wav","SPK04","299788","0.2859","cantharm_audio_spk04.zip","downloads/packages/cantharm_audio_spk04.zip"
"F04281_SPK02.wav","SPK02","1219342","1.1629","cantharm_audio_spk02.zip","downloads/packages/cantharm_audio_spk02.zip"
"F04282_SPK05.wav","SPK05","299788","0.2859","cantharm_audio_spk05.zip","downloads/packages/cantharm_audio_spk05.zip"
"F04283_SPK04.wav","SPK04","253708","0.242","cantharm_audio_spk04.zip","downloads/packages/cantharm_audio_spk04.zip"
"F04284_SPK03.wav","SPK03","575200","0.5486","cantharm_audio_spk03.zip","downloads/packages/cantharm_audio_spk03.zip"
"F04285_SPK04.wav","SPK04","710556","0.6776","cantharm_audio_spk04.zip","downloads/packages/cantharm_audio_spk04.zip"
"F04286_SPK04.wav","SPK04","419596","0.4002","cantharm_audio_spk04.zip","downloads/packages/cantharm_audio_spk04.zip"
"F04287_SPK04.wav","SPK04","447244","0.4265","cantharm_audio_spk04.zip","downloads/packages/cantharm_audio_spk04.zip"
"F04288_SPK04.wav","SPK04","405876","0.3871","cantharm_audio_spk04.zip","downloads/packages/cantharm_audio_spk04.zip"
"F04289_SPK04.wav","SPK04","382732","0.365","cantharm_audio_spk04.zip","downloads/packages/cantharm_audio_spk04.zip"
"F04290_SPK04.wav","SPK04","419596","0.4002","cantharm_audio_spk04.zip","downloads/packages/cantharm_audio_spk04.zip"
"F04291_SPK04.wav","SPK04","332044","0.3167","cantharm_audio_spk04.zip","downloads/packages/cantharm_audio_spk04.zip"
"F04292_SPK04.wav","SPK04","410380","0.3914","cantharm_audio_spk04.zip","downloads/packages/cantharm_audio_spk04.zip"
"F04293_SPK04.wav","SPK04","1240476","1.183","cantharm_audio_spk04.zip","downloads/packages/cantharm_audio_spk04.zip"
"F04294_SPK05.wav","SPK05","280612","0.2676","cantharm_audio_spk05.zip","downloads/packages/cantharm_audio_spk05.zip"
"F04295_SPK05.wav","SPK05","405772","0.387","cantharm_audio_spk05.zip","downloads/packages/cantharm_audio_spk05.zip"
"F04296_SPK06.wav","SPK06","382944","0.3652","cantharm_audio_spk06.zip","downloads/packages/cantharm_audio_spk06.zip"
"F04297_SPK07.wav","SPK07","530220","0.5057","cantharm_audio_spk07.zip","downloads/packages/cantharm_audio_spk07.zip"
"F04298_SPK04.wav","SPK04","474892","0.4529","cantharm_audio_spk04.zip","downloads/packages/cantharm_audio_spk04.zip"
"F04299_SPK04.wav","SPK04","438028","0.4177","cantharm_audio_spk04.zip","downloads/packages/cantharm_audio_spk04.zip"
"F04300_SPK04.wav","SPK04","368908","0.3518","cantharm_audio_spk04.zip","downloads/packages/cantharm_audio_spk04.zip"
"F04301_SPK08.wav","SPK08","419968","0.4005","cantharm_audio_spk08.zip","downloads/packages/cantharm_audio_spk08.zip"
"F04302_SPK11.wav","SPK11","411016","0.392","cantharm_audio_spk11.zip","downloads/packages/cantharm_audio_spk11.zip"
"F04303_SPK01.wav","SPK01","499356","0.4762","cantharm_audio_spk01.zip","downloads/packages/cantharm_audio_spk01.zip"
"F04304_SPK04.wav","SPK04","373516","0.3562","cantharm_audio_spk04.zip","downloads/packages/cantharm_audio_spk04.zip"
"F04305_SPK04.wav","SPK04","382732","0.365","cantharm_audio_spk04.zip","downloads/packages/cantharm_audio_spk04.zip"
"F04306_SPK02.wav","SPK02","1073422","1.0237","cantharm_audio_spk02.zip","downloads/packages/cantharm_audio_spk02.zip"
"F04307_SPK04.wav","SPK04","414988","0.3958","cantharm_audio_spk04.zip","downloads/packages/cantharm_audio_spk04.zip"
"F04308_SPK10.wav","SPK10","402326","0.3837","cantharm_audio_spk10.zip","downloads/packages/cantharm_audio_spk10.zip"
"F04309_SPK03.wav","SPK03","407620","0.3887","cantharm_audio_spk03.zip","downloads/packages/cantharm_audio_spk03.zip"
"F04310_SPK04.wav","SPK04","1505436","1.4357","cantharm_audio_spk04.zip","downloads/packages/cantharm_audio_spk04.zip"
"F04311_SPK04.wav","SPK04","1025436","0.9779","cantharm_audio_spk04.zip","downloads/packages/cantharm_audio_spk04.zip"
"F04312_SPK04.wav","SPK04","368908","0.3518","cantharm_audio_spk04.zip","downloads/packages/cantharm_audio_spk04.zip"
"F04313_SPK04.wav","SPK04","587568","0.5603","cantharm_audio_spk04.zip","downloads/packages/cantharm_audio_spk04.zip"
"F04314_SPK04.wav","SPK04","461068","0.4397","cantharm_audio_spk04.zip","downloads/packages/cantharm_audio_spk04.zip"
"F04316_SPK06.wav","SPK06","375888","0.3585","cantharm_audio_spk06.zip","downloads/packages/cantharm_audio_spk06.zip"
"F04317_SPK07.wav","SPK07","445740","0.4251","cantharm_audio_spk07.zip","downloads/packages/cantharm_audio_spk07.zip"
"F04318_SPK04.wav","SPK04","355084","0.3386","cantharm_audio_spk04.zip","downloads/packages/cantharm_audio_spk04.zip"
"F04319_SPK04.wav","SPK04","438028","0.4177","cantharm_audio_spk04.zip","downloads/packages/cantharm_audio_spk04.zip"
"F04320_SPK04.wav","SPK04","497932","0.4749","cantharm_audio_spk04.zip","downloads/packages/cantharm_audio_spk04.zip"
"F04321_SPK04.wav","SPK04","1440156","1.3734","cantharm_audio_spk04.zip","downloads/packages/cantharm_audio_spk04.zip"
"F04322_SPK04.wav","SPK04","530188","0.5056","cantharm_audio_spk04.zip","downloads/packages/cantharm_audio_spk04.zip"
"F04323_SPK04.wav","SPK04","327436","0.3123","cantharm_audio_spk04.zip","downloads/packages/cantharm_audio_spk04.zip"
"F04324_SPK04.wav","SPK04","484108","0.4617","cantharm_audio_spk04.zip","downloads/packages/cantharm_audio_spk04.zip"
"F04325_SPK04.wav","SPK04","345868","0.3298","cantharm_audio_spk04.zip","downloads/packages/cantharm_audio_spk04.zip"
"F04326_SPK04.wav","SPK04","461068","0.4397","cantharm_audio_spk04.zip","downloads/packages/cantharm_audio_spk04.zip"
"F04327_SPK04.wav","SPK04","355084","0.3386","cantharm_audio_spk04.zip","downloads/packages/cantharm_audio_spk04.zip"
"F04328_SPK04.wav","SPK04","438028","0.4177","cantharm_audio_spk04.zip","downloads/packages/cantharm_audio_spk04.zip"
"F04330_SPK04.wav","SPK04","332044","0.3167","cantharm_audio_spk04.zip","downloads/packages/cantharm_audio_spk04.zip"
"F04331_SPK04.wav","SPK04","410380","0.3914","cantharm_audio_spk04.zip","downloads/packages/cantharm_audio_spk04.zip"
"F04332_SPK04.wav","SPK04","387340","0.3694","cantharm_audio_spk04.zip","downloads/packages/cantharm_audio_spk04.zip"
"F04333_SPK04.wav","SPK04","451852","0.4309","cantharm_audio_spk04.zip","downloads/packages/cantharm_audio_spk04.zip"
"F04334_SPK04.wav","SPK04","548620","0.5232","cantharm_audio_spk04.zip","downloads/packages/cantharm_audio_spk04.zip"
"F04335_SPK04.wav","SPK04","272140","0.2595","cantharm_audio_spk04.zip","downloads/packages/cantharm_audio_spk04.zip"
"F04336_SPK04.wav","SPK04","267532","0.2551","cantharm_audio_spk04.zip","downloads/packages/cantharm_audio_spk04.zip"
"F04337_SPK04.wav","SPK04","405772","0.387","cantharm_audio_spk04.zip","downloads/packages/cantharm_audio_spk04.zip"
"F04338_SPK04.wav","SPK04","387340","0.3694","cantharm_audio_spk04.zip","downloads/packages/cantharm_audio_spk04.zip"
"F04339_SPK04.wav","SPK04","368908","0.3518","cantharm_audio_spk04.zip","downloads/packages/cantharm_audio_spk04.zip"
"F04340_SPK04.wav","SPK04","345868","0.3298","cantharm_audio_spk04.zip","downloads/packages/cantharm_audio_spk04.zip"
"F04341_SPK04.wav","SPK04","350476","0.3342","cantharm_audio_spk04.zip","downloads/packages/cantharm_audio_spk04.zip"
"F04342_SPK04.wav","SPK04","332044","0.3167","cantharm_audio_spk04.zip","downloads/packages/cantharm_audio_spk04.zip"
"F04343_SPK04.wav","SPK04","336652","0.3211","cantharm_audio_spk04.zip","downloads/packages/cantharm_audio_spk04.zip"
"F04344_SPK04.wav","SPK04","1482560","1.4139","cantharm_audio_spk04.zip","downloads/packages/cantharm_audio_spk04.zip"
"F04345_SPK11.wav","SPK11","416776","0.3975","cantharm_audio_spk11.zip","downloads/packages/cantharm_audio_spk11.zip"
"F04346_SPK04.wav","SPK04","350476","0.3342","cantharm_audio_spk04.zip","downloads/packages/cantharm_audio_spk04.zip"
"F04347_SPK04.wav","SPK04","373516","0.3562","cantharm_audio_spk04.zip","downloads/packages/cantharm_audio_spk04.zip"
"F04348_SPK01.wav","SPK01","418222","0.3988","cantharm_audio_spk01.zip","downloads/packages/cantharm_audio_spk01.zip"
"F04349_SPK04.wav","SPK04","345868","0.3298","cantharm_audio_spk04.zip","downloads/packages/cantharm_audio_spk04.zip"
"F04350_SPK02.wav","SPK02","622222","0.5934","cantharm_audio_spk02.zip","downloads/packages/cantharm_audio_spk02.zip"
"F04351_SPK04.wav","SPK04","493324","0.4705","cantharm_audio_spk04.zip","downloads/packages/cantharm_audio_spk04.zip"
"F04352_SPK10.wav","SPK10","359692","0.343","cantharm_audio_spk10.zip","downloads/packages/cantharm_audio_spk10.zip"
"F04353_SPK10.wav","SPK10","341260","0.3255","cantharm_audio_spk10.zip","downloads/packages/cantharm_audio_spk10.zip"
"F04354_SPK10.wav","SPK10","414988","0.3958","cantharm_audio_spk10.zip","downloads/packages/cantharm_audio_spk10.zip"
"F04355_SPK03.wav","SPK03","479944","0.4577","cantharm_audio_spk03.zip","downloads/packages/cantharm_audio_spk03.zip"
"F04356_SPK10.wav","SPK10","497932","0.4749","cantharm_audio_spk10.zip","downloads/packages/cantharm_audio_spk10.zip"
"F04357_SPK10.wav","SPK10","438028","0.4177","cantharm_audio_spk10.zip","downloads/packages/cantharm_audio_spk10.zip"
"F04358_SPK04.wav","SPK04","351192","0.3349","cantharm_audio_spk04.zip","downloads/packages/cantharm_audio_spk04.zip"
"F04359_SPK05.wav","SPK05","411148","0.3921","cantharm_audio_spk05.zip","downloads/packages/cantharm_audio_spk05.zip"
"F04360_SPK10.wav","SPK10","345868","0.3298","cantharm_audio_spk10.zip","downloads/packages/cantharm_audio_spk10.zip"
"F04361_SPK10.wav","SPK10","340588","0.3248","cantharm_audio_spk10.zip","downloads/packages/cantharm_audio_spk10.zip"
"F04362_SPK07.wav","SPK07","415020","0.3958","cantharm_audio_spk07.zip","downloads/packages/cantharm_audio_spk07.zip"
"F04363_SPK10.wav","SPK10","456460","0.4353","cantharm_audio_spk10.zip","downloads/packages/cantharm_audio_spk10.zip"
"F04364_SPK08.wav","SPK08","351172","0.3349","cantharm_audio_spk08.zip","downloads/packages/cantharm_audio_spk08.zip"
"F04365_SPK11.wav","SPK11","341896","0.3261","cantharm_audio_spk11.zip","downloads/packages/cantharm_audio_spk11.zip"
"F04366_SPK01.wav","SPK01","386470","0.3686","cantharm_audio_spk01.zip","downloads/packages/cantharm_audio_spk01.zip"
"F04367_SPK10.wav","SPK10","485914","0.4634","cantharm_audio_spk10.zip","downloads/packages/cantharm_audio_spk10.zip"
"F04368_SPK02.wav","SPK02","912142","0.8699","cantharm_audio_spk02.zip","downloads/packages/cantharm_audio_spk02.zip"
"F04369_SPK03.wav","SPK03","412912","0.3938","cantharm_audio_spk03.zip","downloads/packages/cantharm_audio_spk03.zip"
"F04370_SPK10.wav","SPK10","418202","0.3988","cantharm_audio_spk10.zip","downloads/packages/cantharm_audio_spk10.zip"
"F04371_SPK05.wav","SPK05","391744","0.3736","cantharm_audio_spk05.zip","downloads/packages/cantharm_audio_spk05.zip"
"F04372_SPK06.wav","SPK06","514256","0.4904","cantharm_audio_spk06.zip","downloads/packages/cantharm_audio_spk06.zip"
"F04373_SPK07.wav","SPK07","432300","0.4123","cantharm_audio_spk07.zip","downloads/packages/cantharm_audio_spk07.zip"
"F04374_SPK10.wav","SPK10","438028","0.4177","cantharm_audio_spk10.zip","downloads/packages/cantharm_audio_spk10.zip"
"F04375_SPK10.wav","SPK10","474892","0.4529","cantharm_audio_spk10.zip","downloads/packages/cantharm_audio_spk10.zip"
"F04376_SPK08.wav","SPK08","352936","0.3366","cantharm_audio_spk08.zip","downloads/packages/cantharm_audio_spk08.zip"
"F04377_SPK11.wav","SPK11","424456","0.4048","cantharm_audio_spk11.zip","downloads/packages/cantharm_audio_spk11.zip"
"F04378_SPK10.wav","SPK10","309004","0.2947","cantharm_audio_spk10.zip","downloads/packages/cantharm_audio_spk10.zip"
"F04379_SPK10.wav","SPK10","493324","0.4705","cantharm_audio_spk10.zip","downloads/packages/cantharm_audio_spk10.zip"
"F04380_SPK01.wav","SPK01","503196","0.4799","cantharm_audio_spk01.zip","downloads/packages/cantharm_audio_spk01.zip"
"F04381_SPK10.wav","SPK10","433420","0.4133","cantharm_audio_spk10.zip","downloads/packages/cantharm_audio_spk10.zip"
"F04382_SPK10.wav","SPK10","424204","0.4046","cantharm_audio_spk10.zip","downloads/packages/cantharm_audio_spk10.zip"
"F04383_SPK10.wav","SPK10","507148","0.4837","cantharm_audio_spk10.zip","downloads/packages/cantharm_audio_spk10.zip"
"F04384_SPK10.wav","SPK10","401164","0.3826","cantharm_audio_spk10.zip","downloads/packages/cantharm_audio_spk10.zip"
"F04385_SPK10.wav","SPK10","484108","0.4617","cantharm_audio_spk10.zip","downloads/packages/cantharm_audio_spk10.zip"
"F04386_SPK10.wav","SPK10","414988","0.3958","cantharm_audio_spk10.zip","downloads/packages/cantharm_audio_spk10.zip"
"F04387_SPK10.wav","SPK10","405772","0.387","cantharm_audio_spk10.zip","downloads/packages/cantharm_audio_spk10.zip"
"F04388_SPK02.wav","SPK02","730258","0.6964","cantharm_audio_spk02.zip","downloads/packages/cantharm_audio_spk02.zip"
"F04389_SPK03.wav","SPK03","483472","0.4611","cantharm_audio_spk03.zip","downloads/packages/cantharm_audio_spk03.zip"
"F04390_SPK10.wav","SPK10","484108","0.4617","cantharm_audio_spk10.zip","downloads/packages/cantharm_audio_spk10.zip"
"F04391_SPK04.wav","SPK04","405876","0.3871","cantharm_audio_spk04.zip","downloads/packages/cantharm_audio_spk04.zip"
"F04392_SPK05.wav","SPK05","465832","0.4443","cantharm_audio_spk05.zip","downloads/packages/cantharm_audio_spk05.zip"
"F04393_SPK06.wav","SPK06","558472","0.5326","cantharm_audio_spk06.zip","downloads/packages/cantharm_audio_spk06.zip"
"F04394_SPK10.wav","SPK10","544012","0.5188","cantharm_audio_spk10.zip","downloads/packages/cantharm_audio_spk10.zip"
"F04395_SPK07.wav","SPK07","461100","0.4397","cantharm_audio_spk07.zip","downloads/packages/cantharm_audio_spk07.zip"
"F04396_SPK10.wav","SPK10","511756","0.488","cantharm_audio_spk10.zip","downloads/packages/cantharm_audio_spk10.zip"
"F04397_SPK10.wav","SPK10","534796","0.51","cantharm_audio_spk10.zip","downloads/packages/cantharm_audio_spk10.zip"
"F04398_SPK10.wav","SPK10","438028","0.4177","cantharm_audio_spk10.zip","downloads/packages/cantharm_audio_spk10.zip"
"F04399_SPK10.wav","SPK10","534796","0.51","cantharm_audio_spk10.zip","downloads/packages/cantharm_audio_spk10.zip"
"F04400_SPK10.wav","SPK10","391948","0.3738","cantharm_audio_spk10.zip","downloads/packages/cantharm_audio_spk10.zip"
"F04401_SPK10.wav","SPK10","433420","0.4133","cantharm_audio_spk10.zip","downloads/packages/cantharm_audio_spk10.zip"
"F04402_SPK10.wav","SPK10","474892","0.4529","cantharm_audio_spk10.zip","downloads/packages/cantharm_audio_spk10.zip"
"F04403_SPK10.wav","SPK10","442636","0.4221","cantharm_audio_spk10.zip","downloads/packages/cantharm_audio_spk10.zip"
"F04404_SPK08.wav","SPK08","303544","0.2895","cantharm_audio_spk08.zip","downloads/packages/cantharm_audio_spk08.zip"
"F04405_SPK10.wav","SPK10","428812","0.4089","cantharm_audio_spk10.zip","downloads/packages/cantharm_audio_spk10.zip"
"F04406_SPK10.wav","SPK10","442636","0.4221","cantharm_audio_spk10.zip","downloads/packages/cantharm_audio_spk10.zip"
"F04407_SPK10.wav","SPK10","364300","0.3474","cantharm_audio_spk10.zip","downloads/packages/cantharm_audio_spk10.zip"
"F04408_SPK10.wav","SPK10","493324","0.4705","cantharm_audio_spk10.zip","downloads/packages/cantharm_audio_spk10.zip"
"F04409_SPK11.wav","SPK11","505098","0.4817","cantharm_audio_spk11.zip","downloads/packages/cantharm_audio_spk11.zip"
"F04410_SPK10.wav","SPK10","465676","0.4441","cantharm_audio_spk10.zip","downloads/packages/cantharm_audio_spk10.zip"
"F04411_SPK01.wav","SPK01","589596","0.5623","cantharm_audio_spk01.zip","downloads/packages/cantharm_audio_spk01.zip"
"F04412_SPK02.wav","SPK02","836746","0.798","cantharm_audio_spk02.zip","downloads/packages/cantharm_audio_spk02.zip"
"F04413_SPK03.wav","SPK03","451720","0.4308","cantharm_audio_spk03.zip","downloads/packages/cantharm_audio_spk03.zip"
"F04414_SPK04.wav","SPK04","610500","0.5822","cantharm_audio_spk04.zip","downloads/packages/cantharm_audio_spk04.zip"
"F04415_SPK05.wav","SPK05","472888","0.451","cantharm_audio_spk05.zip","downloads/packages/cantharm_audio_spk05.zip"
"F04416_SPK06.wav","SPK06","454040","0.433","cantharm_audio_spk06.zip","downloads/packages/cantharm_audio_spk06.zip"
"F04417_SPK10.wav","SPK10","382732","0.365","cantharm_audio_spk10.zip","downloads/packages/cantharm_audio_spk10.zip"
"F04418_SPK10.wav","SPK10","428812","0.4089","cantharm_audio_spk10.zip","downloads/packages/cantharm_audio_spk10.zip"
"F04419_SPK07.wav","SPK07","539820","0.5148","cantharm_audio_spk07.zip","downloads/packages/cantharm_audio_spk07.zip"
"F04420_SPK08.wav","SPK08","402328","0.3837","cantharm_audio_spk08.zip","downloads/packages/cantharm_audio_spk08.zip"
"F04421_SPK11.wav","SPK11","330378","0.3151","cantharm_audio_spk11.zip","downloads/packages/cantharm_audio_spk11.zip"
"F04422_SPK01.wav","SPK01","497436","0.4744","cantharm_audio_spk01.zip","downloads/packages/cantharm_audio_spk01.zip"
"F04423_SPK10.wav","SPK10","332044","0.3167","cantharm_audio_spk10.zip","downloads/packages/cantharm_audio_spk10.zip"
"F04424_SPK02.wav","SPK02","741262","0.7069","cantharm_audio_spk02.zip","downloads/packages/cantharm_audio_spk02.zip"
"F04425_SPK03.wav","SPK03","428788","0.4089","cantharm_audio_spk03.zip","downloads/packages/cantharm_audio_spk03.zip"
"F04426_SPK10.wav","SPK10","451852","0.4309","cantharm_audio_spk10.zip","downloads/packages/cantharm_audio_spk10.zip"
"F04427_SPK10.wav","SPK10","350476","0.3342","cantharm_audio_spk10.zip","downloads/packages/cantharm_audio_spk10.zip"
"F04428_SPK10.wav","SPK10","405772","0.387","cantharm_audio_spk10.zip","downloads/packages/cantharm_audio_spk10.zip"
"F04429_SPK05.wav","SPK05","322828","0.3079","cantharm_audio_spk05.zip","downloads/packages/cantharm_audio_spk05.zip"
"F04430_SPK10.wav","SPK10","368908","0.3518","cantharm_audio_spk10.zip","downloads/packages/cantharm_audio_spk10.zip"
"F04431_SPK10.wav","SPK10","410380","0.3914","cantharm_audio_spk10.zip","downloads/packages/cantharm_audio_spk10.zip"
"F04432_SPK10.wav","SPK10","327436","0.3123","cantharm_audio_spk10.zip","downloads/packages/cantharm_audio_spk10.zip"
"F04433_SPK04.wav","SPK04","457032","0.4359","cantharm_audio_spk04.zip","downloads/packages/cantharm_audio_spk04.zip"
"F04434_SPK10.wav","SPK10","290572","0.2771","cantharm_audio_spk10.zip","downloads/packages/cantharm_audio_spk10.zip"
"F04435_SPK10.wav","SPK10","341260","0.3255","cantharm_audio_spk10.zip","downloads/packages/cantharm_audio_spk10.zip"
"F04436_SPK05.wav","SPK05","432316","0.4123","cantharm_audio_spk05.zip","downloads/packages/cantharm_audio_spk05.zip"
"F04437_SPK06.wav","SPK06","325864","0.3108","cantharm_audio_spk06.zip","downloads/packages/cantharm_audio_spk06.zip"
"F04438_SPK07.wav","SPK07","532140","0.5075","cantharm_audio_spk07.zip","downloads/packages/cantharm_audio_spk07.zip"
"F04439_SPK10.wav","SPK10","479500","0.4573","cantharm_audio_spk10.zip","downloads/packages/cantharm_audio_spk10.zip"
"F04440_SPK10.wav","SPK10","345868","0.3298","cantharm_audio_spk10.zip","downloads/packages/cantharm_audio_spk10.zip"
"F04441_SPK10.wav","SPK10","396556","0.3782","cantharm_audio_spk10.zip","downloads/packages/cantharm_audio_spk10.zip"
"F04442_SPK10.wav","SPK10","428812","0.4089","cantharm_audio_spk10.zip","downloads/packages/cantharm_audio_spk10.zip"
"F04443_SPK10.wav","SPK10","414988","0.3958","cantharm_audio_spk10.zip","downloads/packages/cantharm_audio_spk10.zip"
"F04444_SPK08.wav","SPK08","407640","0.3888","cantharm_audio_spk08.zip","downloads/packages/cantharm_audio_spk08.zip"
"F04445_SPK11.wav","SPK11","347658","0.3316","cantharm_audio_spk11.zip","downloads/packages/cantharm_audio_spk11.zip"
"F04446_SPK01.wav","SPK01","380316","0.3627","cantharm_audio_spk01.zip","downloads/packages/cantharm_audio_spk01.zip"
"F04447_SPK10.wav","SPK10","401164","0.3826","cantharm_audio_spk10.zip","downloads/packages/cantharm_audio_spk10.zip"
"F04448_SPK10.wav","SPK10","460954","0.4396","cantharm_audio_spk10.zip","downloads/packages/cantharm_audio_spk10.zip"
"F04449_SPK02.wav","SPK02","773902","0.7381","cantharm_audio_spk02.zip","downloads/packages/cantharm_audio_spk02.zip"
"F04450_SPK10.wav","SPK10","507034","0.4835","cantharm_audio_spk10.zip","downloads/packages/cantharm_audio_spk10.zip"
"F04451_SPK10.wav","SPK10","350476","0.3342","cantharm_audio_spk10.zip","downloads/packages/cantharm_audio_spk10.zip"
"F04452_SPK10.wav","SPK10","332044","0.3167","cantharm_audio_spk10.zip","downloads/packages/cantharm_audio_spk10.zip"
"F04453_SPK10.wav","SPK10","364300","0.3474","cantharm_audio_spk10.zip","downloads/packages/cantharm_audio_spk10.zip"
"F04454_SPK10.wav","SPK10","336652","0.3211","cantharm_audio_spk10.zip","downloads/packages/cantharm_audio_spk10.zip"
"F04455_SPK10.wav","SPK10","387340","0.3694","cantharm_audio_spk10.zip","downloads/packages/cantharm_audio_spk10.zip"
"F04456_SPK10.wav","SPK10","451852","0.4309","cantharm_audio_spk10.zip","downloads/packages/cantharm_audio_spk10.zip"
"F04457_SPK10.wav","SPK10","470284","0.4485","cantharm_audio_spk10.zip","downloads/packages/cantharm_audio_spk10.zip"
"F04458_SPK10.wav","SPK10","574234","0.5476","cantharm_audio_spk10.zip","downloads/packages/cantharm_audio_spk10.zip"
"F04459_SPK01.wav","SPK01","307072","0.2928","cantharm_audio_spk01.zip","downloads/packages/cantharm_audio_spk01.zip"
"F04460_SPK04.wav","SPK04","428808","0.4089","cantharm_audio_spk04.zip","downloads/packages/cantharm_audio_spk04.zip"
"F04461_SPK10.wav","SPK10","304396","0.2903","cantharm_audio_spk10.zip","downloads/packages/cantharm_audio_spk10.zip"
"F04462_SPK10.wav","SPK10","290572","0.2771","cantharm_audio_spk10.zip","downloads/packages/cantharm_audio_spk10.zip"
"F04463_SPK10.wav","SPK10","472474","0.4506","cantharm_audio_spk10.zip","downloads/packages/cantharm_audio_spk10.zip"
"F04464_SPK10.wav","SPK10","364300","0.3474","cantharm_audio_spk10.zip","downloads/packages/cantharm_audio_spk10.zip"
"F04465_SPK10.wav","SPK10","432316","0.4123","cantharm_audio_spk10.zip","downloads/packages/cantharm_audio_spk10.zip"
"F04466_SPK10.wav","SPK10","350476","0.3342","cantharm_audio_spk10.zip","downloads/packages/cantharm_audio_spk10.zip"
"F04467_SPK10.wav","SPK10","322828","0.3079","cantharm_audio_spk10.zip","downloads/packages/cantharm_audio_spk10.zip"
"F04468_SPK10.wav","SPK10","533914","0.5092","cantharm_audio_spk10.zip","downloads/packages/cantharm_audio_spk10.zip"
"F04469_SPK10.wav","SPK10","336652","0.3211","cantharm_audio_spk10.zip","downloads/packages/cantharm_audio_spk10.zip"
"F04470_SPK10.wav","SPK10","461068","0.4397","cantharm_audio_spk10.zip","downloads/packages/cantharm_audio_spk10.zip"
"F04471_SPK10.wav","SPK10","368908","0.3518","cantharm_audio_spk10.zip","downloads/packages/cantharm_audio_spk10.zip"
"F04472_SPK10.wav","SPK10","428812","0.4089","cantharm_audio_spk10.zip","downloads/packages/cantharm_audio_spk10.zip"
"F04473_SPK10.wav","SPK10","419596","0.4002","cantharm_audio_spk10.zip","downloads/packages/cantharm_audio_spk10.zip"
"F04474_SPK10.wav","SPK10","410380","0.3914","cantharm_audio_spk10.zip","downloads/packages/cantharm_audio_spk10.zip"
"F04475_SPK10.wav","SPK10","350476","0.3342","cantharm_audio_spk10.zip","downloads/packages/cantharm_audio_spk10.zip"
"F04476_SPK10.wav","SPK10","382732","0.365","cantharm_audio_spk10.zip","downloads/packages/cantharm_audio_spk10.zip"
"F04477_SPK10.wav","SPK10","396556","0.3782","cantharm_audio_spk10.zip","downloads/packages/cantharm_audio_spk10.zip"
"F04478_SPK10.wav","SPK10","451852","0.4309","cantharm_audio_spk10.zip","downloads/packages/cantharm_audio_spk10.zip"
"F04479_SPK10.wav","SPK10","466714","0.4451","cantharm_audio_spk10.zip","downloads/packages/cantharm_audio_spk10.zip"
"F04480_SPK10.wav","SPK10","414988","0.3958","cantharm_audio_spk10.zip","downloads/packages/cantharm_audio_spk10.zip"
"F04481_SPK10.wav","SPK10","447244","0.4265","cantharm_audio_spk10.zip","downloads/packages/cantharm_audio_spk10.zip"
"F04482_SPK10.wav","SPK10","368908","0.3518","cantharm_audio_spk10.zip","downloads/packages/cantharm_audio_spk10.zip"
"F04483_SPK10.wav","SPK10","414988","0.3958","cantharm_audio_spk10.zip","downloads/packages/cantharm_audio_spk10.zip"
"F04484_SPK10.wav","SPK10","553228","0.5276","cantharm_audio_spk10.zip","downloads/packages/cantharm_audio_spk10.zip"
"F04485_SPK05.wav","SPK05","262924","0.2507","cantharm_audio_spk05.zip","downloads/packages/cantharm_audio_spk05.zip"
"F04486_SPK10.wav","SPK10","378124","0.3606","cantharm_audio_spk10.zip","downloads/packages/cantharm_audio_spk10.zip"
"F04487_SPK10.wav","SPK10","562714","0.5366","cantharm_audio_spk10.zip","downloads/packages/cantharm_audio_spk10.zip"
"F04488_SPK10.wav","SPK10","438028","0.4177","cantharm_audio_spk10.zip","downloads/packages/cantharm_audio_spk10.zip"
"F04489_SPK06.wav","SPK06","483444","0.461","cantharm_audio_spk06.zip","downloads/packages/cantharm_audio_spk06.zip"
"F04490_SPK10.wav","SPK10","378124","0.3606","cantharm_audio_spk10.zip","downloads/packages/cantharm_audio_spk10.zip"
"F04491_SPK10.wav","SPK10","359692","0.343","cantharm_audio_spk10.zip","downloads/packages/cantharm_audio_spk10.zip"
"F04492_SPK10.wav","SPK10","391948","0.3738","cantharm_audio_spk10.zip","downloads/packages/cantharm_audio_spk10.zip"
"F04493_SPK07.wav","SPK07","407340","0.3885","cantharm_audio_spk07.zip","downloads/packages/cantharm_audio_spk07.zip"
"F04494_SPK10.wav","SPK10","424204","0.4046","cantharm_audio_spk10.zip","downloads/packages/cantharm_audio_spk10.zip"
"F04495_SPK08.wav","SPK08","317656","0.3029","cantharm_audio_spk08.zip","downloads/packages/cantharm_audio_spk08.zip"
"F04496_SPK10.wav","SPK10","401164","0.3826","cantharm_audio_spk10.zip","downloads/packages/cantharm_audio_spk10.zip"
"F04497_SPK10.wav","SPK10","428812","0.4089","cantharm_audio_spk10.zip","downloads/packages/cantharm_audio_spk10.zip"
"F04498_SPK10.wav","SPK10","341260","0.3255","cantharm_audio_spk10.zip","downloads/packages/cantharm_audio_spk10.zip"
"F04499_SPK11.wav","SPK11","366858","0.3499","cantharm_audio_spk11.zip","downloads/packages/cantharm_audio_spk11.zip"
"F04500_SPK01.wav","SPK01","424476","0.4048","cantharm_audio_spk01.zip","downloads/packages/cantharm_audio_spk01.zip"
"F04501_SPK10.wav","SPK10","350476","0.3342","cantharm_audio_spk10.zip","downloads/packages/cantharm_audio_spk10.zip"
"F04502_SPK10.wav","SPK10","295180","0.2815","cantharm_audio_spk10.zip","downloads/packages/cantharm_audio_spk10.zip"
"F04503_SPK10.wav","SPK10","459034","0.4378","cantharm_audio_spk10.zip","downloads/packages/cantharm_audio_spk10.zip"
"F04504_SPK10.wav","SPK10","359692","0.343","cantharm_audio_spk10.zip","downloads/packages/cantharm_audio_spk10.zip"
"F04505_SPK02.wav","SPK02","1042702","0.9944","cantharm_audio_spk02.zip","downloads/packages/cantharm_audio_spk02.zip"
"F04506_SPK03.wav","SPK03","472888","0.451","cantharm_audio_spk03.zip","downloads/packages/cantharm_audio_spk03.zip"
"F04507_SPK04.wav","SPK04","444684","0.4241","cantharm_audio_spk04.zip","downloads/packages/cantharm_audio_spk04.zip"
"F04508_SPK10.wav","SPK10","326476","0.3114","cantharm_audio_spk10.zip","downloads/packages/cantharm_audio_spk10.zip"
"F04509_SPK06.wav","SPK06","308808","0.2945","cantharm_audio_spk06.zip","downloads/packages/cantharm_audio_spk06.zip"
"F04510_SPK07.wav","SPK07","543660","0.5185","cantharm_audio_spk07.zip","downloads/packages/cantharm_audio_spk07.zip"
"F04511_SPK10.wav","SPK10","503196","0.4799","cantharm_audio_spk10.zip","downloads/packages/cantharm_audio_spk10.zip"
"F04512_SPK08.wav","SPK08","310600","0.2962","cantharm_audio_spk08.zip","downloads/packages/cantharm_audio_spk08.zip"
"F04513_SPK11.wav","SPK11","332298","0.3169","cantharm_audio_spk11.zip","downloads/packages/cantharm_audio_spk11.zip"
"F04514_SPK10.wav","SPK10","309004","0.2947","cantharm_audio_spk10.zip","downloads/packages/cantharm_audio_spk10.zip"
"F04515_SPK10.wav","SPK10","470284","0.4485","cantharm_audio_spk10.zip","downloads/packages/cantharm_audio_spk10.zip"
"F04516_SPK10.wav","SPK10","295180","0.2815","cantharm_audio_spk10.zip","downloads/packages/cantharm_audio_spk10.zip"
"F04517_SPK01.wav","SPK01","378396","0.3609","cantharm_audio_spk01.zip","downloads/packages/cantharm_audio_spk01.zip"
"F04518_SPK02.wav","SPK02","929422","0.8864","cantharm_audio_spk02.zip","downloads/packages/cantharm_audio_spk02.zip"
"F04519_SPK03.wav","SPK03","460540","0.4392","cantharm_audio_spk03.zip","downloads/packages/cantharm_audio_spk03.zip"
"F04520_SPK10.wav","SPK10","388214","0.3702","cantharm_audio_spk10.zip","downloads/packages/cantharm_audio_spk10.zip"
"F04521_SPK05.wav","SPK05","404092","0.3854","cantharm_audio_spk05.zip","downloads/packages/cantharm_audio_spk05.zip"
"F04522_SPK06.wav","SPK06","379368","0.3618","cantharm_audio_spk06.zip","downloads/packages/cantharm_audio_spk06.zip"
"F04523_SPK10.wav","SPK10","378124","0.3606","cantharm_audio_spk10.zip","downloads/packages/cantharm_audio_spk10.zip"
"F04524_SPK10.wav","SPK10","407196","0.3883","cantharm_audio_spk10.zip","downloads/packages/cantharm_audio_spk10.zip"
"F04525_SPK10.wav","SPK10","332044","0.3167","cantharm_audio_spk10.zip","downloads/packages/cantharm_audio_spk10.zip"
"F04526_SPK10.wav","SPK10","424204","0.4046","cantharm_audio_spk10.zip","downloads/packages/cantharm_audio_spk10.zip"
"F04527_SPK07.wav","SPK07","443820","0.4233","cantharm_audio_spk07.zip","downloads/packages/cantharm_audio_spk07.zip"
"F04528_SPK05.wav","SPK05","350476","0.3342","cantharm_audio_spk05.zip","downloads/packages/cantharm_audio_spk05.zip"
"F04529_SPK08.wav","SPK08","292960","0.2794","cantharm_audio_spk08.zip","downloads/packages/cantharm_audio_spk08.zip"
"F04530_SPK10.wav","SPK10","414988","0.3958","cantharm_audio_spk10.zip","downloads/packages/cantharm_audio_spk10.zip"
"F04531_SPK11.wav","SPK11","363018","0.3462","cantharm_audio_spk11.zip","downloads/packages/cantharm_audio_spk11.zip"
"F04532_SPK01.wav","SPK01","520476","0.4964","cantharm_audio_spk01.zip","downloads/packages/cantharm_audio_spk01.zip"
"F04533_SPK02.wav","SPK02","1167502","1.1134","cantharm_audio_spk02.zip","downloads/packages/cantharm_audio_spk02.zip"
"F04534_SPK03.wav","SPK03","529336","0.5048","cantharm_audio_spk03.zip","downloads/packages/cantharm_audio_spk03.zip"
"F04535_SPK10.wav","SPK10","313612","0.2991","cantharm_audio_spk10.zip","downloads/packages/cantharm_audio_spk10.zip"
"F04536_SPK04.wav","SPK04","416460","0.3972","cantharm_audio_spk04.zip","downloads/packages/cantharm_audio_spk04.zip"
"F04537_SPK10.wav","SPK10","345868","0.3298","cantharm_audio_spk10.zip","downloads/packages/cantharm_audio_spk10.zip"
"F04538_SPK10.wav","SPK10","364300","0.3474","cantharm_audio_spk10.zip","downloads/packages/cantharm_audio_spk10.zip"
"F04539_SPK10.wav","SPK10","382732","0.365","cantharm_audio_spk10.zip","downloads/packages/cantharm_audio_spk10.zip"
"F04540_SPK10.wav","SPK10","470284","0.4485","cantharm_audio_spk10.zip","downloads/packages/cantharm_audio_spk10.zip"
"F04541_SPK10.wav","SPK10","433420","0.4133","cantharm_audio_spk10.zip","downloads/packages/cantharm_audio_spk10.zip"
"F04542_SPK10.wav","SPK10","451852","0.4309","cantharm_audio_spk10.zip","downloads/packages/cantharm_audio_spk10.zip"
"F04543_SPK05.wav","SPK05","412912","0.3938","cantharm_audio_spk05.zip","downloads/packages/cantharm_audio_spk05.zip"
"F04544_SPK06.wav","SPK06","414648","0.3954","cantharm_audio_spk06.zip","downloads/packages/cantharm_audio_spk06.zip"
"F04545_SPK10.wav","SPK10","299788","0.2859","cantharm_audio_spk10.zip","downloads/packages/cantharm_audio_spk10.zip"
"F04546_SPK07.wav","SPK07","424620","0.4049","cantharm_audio_spk07.zip","downloads/packages/cantharm_audio_spk07.zip"
"F04547_SPK10.wav","SPK10","401436","0.3828","cantharm_audio_spk10.zip","downloads/packages/cantharm_audio_spk10.zip"
"F04548_SPK08.wav","SPK08","282376","0.2693","cantharm_audio_spk08.zip","downloads/packages/cantharm_audio_spk08.zip"
"F04549_SPK11.wav","SPK11","343818","0.3279","cantharm_audio_spk11.zip","downloads/packages/cantharm_audio_spk11.zip"
"F04550_SPK01.wav","SPK01","407638","0.3888","cantharm_audio_spk01.zip","downloads/packages/cantharm_audio_spk01.zip"
"F04551_SPK02.wav","SPK02","996358","0.9502","cantharm_audio_spk02.zip","downloads/packages/cantharm_audio_spk02.zip"
"F04552_SPK10.wav","SPK10","378124","0.3606","cantharm_audio_spk10.zip","downloads/packages/cantharm_audio_spk10.zip"
"F04553_SPK10.wav","SPK10","391948","0.3738","cantharm_audio_spk10.zip","downloads/packages/cantharm_audio_spk10.zip"
"F04554_SPK10.wav","SPK10","424204","0.4046","cantharm_audio_spk10.zip","downloads/packages/cantharm_audio_spk10.zip"
"F04555_SPK03.wav","SPK03","548740","0.5233","cantharm_audio_spk03.zip","downloads/packages/cantharm_audio_spk03.zip"
"F04556_SPK10.wav","SPK10","382922","0.3652","cantharm_audio_spk10.zip","downloads/packages/cantharm_audio_spk10.zip"
"F04557_SPK05.wav","SPK05","427022","0.4072","cantharm_audio_spk05.zip","downloads/packages/cantharm_audio_spk05.zip"
"F04558_SPK06.wav","SPK06","342322","0.3265","cantharm_audio_spk06.zip","downloads/packages/cantharm_audio_spk06.zip"
"F04559_SPK07.wav","SPK07","428456","0.4086","cantharm_audio_spk07.zip","downloads/packages/cantharm_audio_spk07.zip"
"F04560_SPK08.wav","SPK08","291194","0.2777","cantharm_audio_spk08.zip","downloads/packages/cantharm_audio_spk08.zip"
"F04561_SPK10.wav","SPK10","368908","0.3518","cantharm_audio_spk10.zip","downloads/packages/cantharm_audio_spk10.zip"
"F04562_SPK10.wav","SPK10","364300","0.3474","cantharm_audio_spk10.zip","downloads/packages/cantharm_audio_spk10.zip"
"F04563_SPK10.wav","SPK10","414988","0.3958","cantharm_audio_spk10.zip","downloads/packages/cantharm_audio_spk10.zip"
"F04564_SPK10.wav","SPK10","451852","0.4309","cantharm_audio_spk10.zip","downloads/packages/cantharm_audio_spk10.zip"
"F04565_SPK10.wav","SPK10","428812","0.4089","cantharm_audio_spk10.zip","downloads/packages/cantharm_audio_spk10.zip"
"F04566_SPK11.wav","SPK11","493578","0.4707","cantharm_audio_spk11.zip","downloads/packages/cantharm_audio_spk11.zip"
"F04567_SPK10.wav","SPK10","544012","0.5188","cantharm_audio_spk10.zip","downloads/packages/cantharm_audio_spk10.zip"
"F04568_SPK10.wav","SPK10","495516","0.4726","cantharm_audio_spk10.zip","downloads/packages/cantharm_audio_spk10.zip"
"F04569_SPK10.wav","SPK10","382732","0.365","cantharm_audio_spk10.zip","downloads/packages/cantharm_audio_spk10.zip"
"F04570_SPK10.wav","SPK10","396556","0.3782","cantharm_audio_spk10.zip","downloads/packages/cantharm_audio_spk10.zip"
"F04571_SPK10.wav","SPK10","350476","0.3342","cantharm_audio_spk10.zip","downloads/packages/cantharm_audio_spk10.zip"
"F04572_SPK10.wav","SPK10","396556","0.3782","cantharm_audio_spk10.zip","downloads/packages/cantharm_audio_spk10.zip"
"F04573_SPK01.wav","SPK01","455196","0.4341","cantharm_audio_spk01.zip","downloads/packages/cantharm_audio_spk01.zip"
"F04574_SPK02.wav","SPK02","1005560","0.959","cantharm_audio_spk02.zip","downloads/packages/cantharm_audio_spk02.zip"
"F04575_SPK10.wav","SPK10","405772","0.387","cantharm_audio_spk10.zip","downloads/packages/cantharm_audio_spk10.zip"
"F04576_SPK10.wav","SPK10","299788","0.2859","cantharm_audio_spk10.zip","downloads/packages/cantharm_audio_spk10.zip"
"F04577_SPK10.wav","SPK10","341260","0.3255","cantharm_audio_spk10.zip","downloads/packages/cantharm_audio_spk10.zip"
"F04578_SPK10.wav","SPK10","391948","0.3738","cantharm_audio_spk10.zip","downloads/packages/cantharm_audio_spk10.zip"
"F04579_SPK10.wav","SPK10","433420","0.4133","cantharm_audio_spk10.zip","downloads/packages/cantharm_audio_spk10.zip"
"F04580_SPK10.wav","SPK10","368908","0.3518","cantharm_audio_spk10.zip","downloads/packages/cantharm_audio_spk10.zip"
"F04581_SPK10.wav","SPK10","387340","0.3694","cantharm_audio_spk10.zip","downloads/packages/cantharm_audio_spk10.zip"
"F04582_SPK03.wav","SPK03","527570","0.5031","cantharm_audio_spk03.zip","downloads/packages/cantharm_audio_spk03.zip"
"F04583_SPK04.wav","SPK04","524062","0.4998","cantharm_audio_spk04.zip","downloads/packages/cantharm_audio_spk04.zip"
"F04584_SPK05.wav","SPK05","472886","0.451","cantharm_audio_spk05.zip","downloads/packages/cantharm_audio_spk05.zip"
"F04585_SPK05.wav","SPK05","299788","0.2859","cantharm_audio_spk05.zip","downloads/packages/cantharm_audio_spk05.zip"
"F04586_SPK06.wav","SPK06","522250","0.4981","cantharm_audio_spk06.zip","downloads/packages/cantharm_audio_spk06.zip"
"F04587_SPK07.wav","SPK07","430376","0.4104","cantharm_audio_spk07.zip","downloads/packages/cantharm_audio_spk07.zip"
"F04588_SPK08.wav","SPK08","331766","0.3164","cantharm_audio_spk08.zip","downloads/packages/cantharm_audio_spk08.zip"
"F04589_SPK11.wav","SPK11","328458","0.3132","cantharm_audio_spk11.zip","downloads/packages/cantharm_audio_spk11.zip"
"F04590_SPK01.wav","SPK01","459036","0.4378","cantharm_audio_spk01.zip","downloads/packages/cantharm_audio_spk01.zip"
"F04591_SPK02.wav","SPK02","792104","0.7554","cantharm_audio_spk02.zip","downloads/packages/cantharm_audio_spk02.zip"
"F04592_SPK03.wav","SPK03","407618","0.3887","cantharm_audio_spk03.zip","downloads/packages/cantharm_audio_spk03.zip"
"F04593_SPK04.wav","SPK04","543466","0.5183","cantharm_audio_spk04.zip","downloads/packages/cantharm_audio_spk04.zip"
"F04594_SPK05.wav","SPK05","419966","0.4005","cantharm_audio_spk05.zip","downloads/packages/cantharm_audio_spk05.zip"
"F04595_SPK06.wav","SPK06","416410","0.3971","cantharm_audio_spk06.zip","downloads/packages/cantharm_audio_spk06.zip"
"F04596_SPK07.wav","SPK07","526376","0.502","cantharm_audio_spk07.zip","downloads/packages/cantharm_audio_spk07.zip"
"F04597_SPK08.wav","SPK08","409382","0.3904","cantharm_audio_spk08.zip","downloads/packages/cantharm_audio_spk08.zip"
"F04598_SPK10.wav","SPK10","290572","0.2771","cantharm_audio_spk10.zip","downloads/packages/cantharm_audio_spk10.zip"
"F04599_SPK11.wav","SPK11","324618","0.3096","cantharm_audio_spk11.zip","downloads/packages/cantharm_audio_spk11.zip"
"F04600_SPK01.wav","SPK01","449436","0.4286","cantharm_audio_spk01.zip","downloads/packages/cantharm_audio_spk01.zip"
"F04601_SPK02.wav","SPK02","727820","0.6941","cantharm_audio_spk02.zip","downloads/packages/cantharm_audio_spk02.zip"
"F04602_SPK03.wav","SPK03","624198","0.5953","cantharm_audio_spk03.zip","downloads/packages/cantharm_audio_spk03.zip"
"F04603_SPK10.wav","SPK10","449954","0.4291","cantharm_audio_spk10.zip","downloads/packages/cantharm_audio_spk10.zip"
"F04604_SPK05.wav","SPK05","397034","0.3786","cantharm_audio_spk05.zip","downloads/packages/cantharm_audio_spk05.zip"
"F04605_SPK06.wav","SPK06","605158","0.5771","cantharm_audio_spk06.zip","downloads/packages/cantharm_audio_spk06.zip"
"F04606_SPK07.wav","SPK07","438056","0.4178","cantharm_audio_spk07.zip","downloads/packages/cantharm_audio_spk07.zip"
"F04607_SPK10.wav","SPK10","359692","0.343","cantharm_audio_spk10.zip","downloads/packages/cantharm_audio_spk10.zip"
"F04608_SPK10.wav","SPK10","414988","0.3958","cantharm_audio_spk10.zip","downloads/packages/cantharm_audio_spk10.zip"
"F04609_SPK10.wav","SPK10","472476","0.4506","cantharm_audio_spk10.zip","downloads/packages/cantharm_audio_spk10.zip"
"F04610_SPK10.wav","SPK10","345868","0.3298","cantharm_audio_spk10.zip","downloads/packages/cantharm_audio_spk10.zip"
"F04611_SPK10.wav","SPK10","373516","0.3562","cantharm_audio_spk10.zip","downloads/packages/cantharm_audio_spk10.zip"
"F04612_SPK10.wav","SPK10","391948","0.3738","cantharm_audio_spk10.zip","downloads/packages/cantharm_audio_spk10.zip"
"F04613_SPK10.wav","SPK10","355084","0.3386","cantharm_audio_spk10.zip","downloads/packages/cantharm_audio_spk10.zip"
"F04614_SPK10.wav","SPK10","493324","0.4705","cantharm_audio_spk10.zip","downloads/packages/cantharm_audio_spk10.zip"
"F04615_SPK10.wav","SPK10","373516","0.3562","cantharm_audio_spk10.zip","downloads/packages/cantharm_audio_spk10.zip"
"F04616_SPK10.wav","SPK10","359692","0.343","cantharm_audio_spk10.zip","downloads/packages/cantharm_audio_spk10.zip"
"F04617_SPK10.wav","SPK10","401164","0.3826","cantharm_audio_spk10.zip","downloads/packages/cantharm_audio_spk10.zip"
"F04618_SPK10.wav","SPK10","382732","0.365","cantharm_audio_spk10.zip","downloads/packages/cantharm_audio_spk10.zip"
"F04619_SPK10.wav","SPK10","674076","0.6428","cantharm_audio_spk10.zip","downloads/packages/cantharm_audio_spk10.zip"
"F04620_SPK10.wav","SPK10","373516","0.3562","cantharm_audio_spk10.zip","downloads/packages/cantharm_audio_spk10.zip"
"F04621_SPK10.wav","SPK10","378124","0.3606","cantharm_audio_spk10.zip","downloads/packages/cantharm_audio_spk10.zip"
"F04622_SPK08.wav","SPK08","342350","0.3265","cantharm_audio_spk08.zip","downloads/packages/cantharm_audio_spk08.zip"
"F04623_SPK11.wav","SPK11","483978","0.4616","cantharm_audio_spk11.zip","downloads/packages/cantharm_audio_spk11.zip"
"F04624_SPK10.wav","SPK10","382732","0.365","cantharm_audio_spk10.zip","downloads/packages/cantharm_audio_spk10.zip"
"F04625_SPK10.wav","SPK10","368908","0.3518","cantharm_audio_spk10.zip","downloads/packages/cantharm_audio_spk10.zip"
"F04626_SPK10.wav","SPK10","558876","0.533","cantharm_audio_spk10.zip","downloads/packages/cantharm_audio_spk10.zip"
"F04627_SPK10.wav","SPK10","322828","0.3079","cantharm_audio_spk10.zip","downloads/packages/cantharm_audio_spk10.zip"
"F04628_SPK10.wav","SPK10","318220","0.3035","cantharm_audio_spk10.zip","downloads/packages/cantharm_audio_spk10.zip"
"F04629_SPK10.wav","SPK10","350476","0.3342","cantharm_audio_spk10.zip","downloads/packages/cantharm_audio_spk10.zip"
"F04630_SPK10.wav","SPK10","355084","0.3386","cantharm_audio_spk10.zip","downloads/packages/cantharm_audio_spk10.zip"
"F04631_SPK10.wav","SPK10","322828","0.3079","cantharm_audio_spk10.zip","downloads/packages/cantharm_audio_spk10.zip"
"F04632_SPK10.wav","SPK10","428812","0.4089","cantharm_audio_spk10.zip","downloads/packages/cantharm_audio_spk10.zip"
"F04633_SPK10.wav","SPK10","549276","0.5238","cantharm_audio_spk10.zip","downloads/packages/cantharm_audio_spk10.zip"
"F04634_SPK01.wav","SPK01","426396","0.4066","cantharm_audio_spk01.zip","downloads/packages/cantharm_audio_spk01.zip"
"F04635_SPK10.wav","SPK10","368908","0.3518","cantharm_audio_spk10.zip","downloads/packages/cantharm_audio_spk10.zip"
"F04636_SPK05.wav","SPK05","461068","0.4397","cantharm_audio_spk05.zip","downloads/packages/cantharm_audio_spk05.zip"
"F04637_SPK10.wav","SPK10","313612","0.2991","cantharm_audio_spk10.zip","downloads/packages/cantharm_audio_spk10.zip"
"F04638_SPK02.wav","SPK02","907044","0.865","cantharm_audio_spk02.zip","downloads/packages/cantharm_audio_spk02.zip"
"F04639_SPK03.wav","SPK03","342742","0.3269","cantharm_audio_spk03.zip","downloads/packages/cantharm_audio_spk03.zip"
"F04640_SPK10.wav","SPK10","511756","0.488","cantharm_audio_spk10.zip","downloads/packages/cantharm_audio_spk10.zip"
"F04641_SPK10.wav","SPK10","336652","0.3211","cantharm_audio_spk10.zip","downloads/packages/cantharm_audio_spk10.zip"
"F04642_SPK05.wav","SPK05","327436","0.3123","cantharm_audio_spk05.zip","downloads/packages/cantharm_audio_spk05.zip"
"F04643_SPK04.wav","SPK04","449974","0.4291","cantharm_audio_spk04.zip","downloads/packages/cantharm_audio_spk04.zip"
"F04644_SPK10.wav","SPK10","664476","0.6337","cantharm_audio_spk10.zip","downloads/packages/cantharm_audio_spk10.zip"
"F04645_SPK10.wav","SPK10","852636","0.8131","cantharm_audio_spk10.zip","downloads/packages/cantharm_audio_spk10.zip"
"F04646_SPK10.wav","SPK10","664476","0.6337","cantharm_audio_spk10.zip","downloads/packages/cantharm_audio_spk10.zip"
"F04647_SPK10.wav","SPK10","419596","0.4002","cantharm_audio_spk10.zip","downloads/packages/cantharm_audio_spk10.zip"
"F04648_SPK05.wav","SPK05","377630","0.3601","cantharm_audio_spk05.zip","downloads/packages/cantharm_audio_spk05.zip"
"F04649_SPK06.wav","SPK06","481678","0.4594","cantharm_audio_spk06.zip","downloads/packages/cantharm_audio_spk06.zip"
"F04650_SPK07.wav","SPK07","464936","0.4434","cantharm_audio_spk07.zip","downloads/packages/cantharm_audio_spk07.zip"
"F04651_SPK10.wav","SPK10","411148","0.3921","cantharm_audio_spk10.zip","downloads/packages/cantharm_audio_spk10.zip"
"F04652_SPK11.wav","SPK11","357258","0.3407","cantharm_audio_spk11.zip","downloads/packages/cantharm_audio_spk11.zip"
"F04653_SPK10.wav","SPK10","350476","0.3342","cantharm_audio_spk10.zip","downloads/packages/cantharm_audio_spk10.zip"
"F04654_SPK10.wav","SPK10","568476","0.5421","cantharm_audio_spk10.zip","downloads/packages/cantharm_audio_spk10.zip"
"F04655_SPK01.wav","SPK01","418716","0.3993","cantharm_audio_spk01.zip","downloads/packages/cantharm_audio_spk01.zip"
"F04656_SPK02.wav","SPK02","986356","0.9407","cantharm_audio_spk02.zip","downloads/packages/cantharm_audio_spk02.zip"
"F04657_SPK03.wav","SPK03","657930","0.6275","cantharm_audio_spk03.zip","downloads/packages/cantharm_audio_spk03.zip"
"F04658_SPK10.wav","SPK10","783516","0.7472","cantharm_audio_spk10.zip","downloads/packages/cantharm_audio_spk10.zip"
"F04659_SPK04.wav","SPK04","636958","0.6075","cantharm_audio_spk04.zip","downloads/packages/cantharm_audio_spk04.zip"
"F04660_SPK05.wav","SPK05","430550","0.4106","cantharm_audio_spk05.zip","downloads/packages/cantharm_audio_spk05.zip"
"F04661_SPK06.wav","SPK06","344086","0.3281","cantharm_audio_spk06.zip","downloads/packages/cantharm_audio_spk06.zip"
"F04662_SPK07.wav","SPK07","518696","0.4947","cantharm_audio_spk07.zip","downloads/packages/cantharm_audio_spk07.zip"
"F04663_SPK08.wav","SPK08","361754","0.345","cantharm_audio_spk08.zip","downloads/packages/cantharm_audio_spk08.zip"
"F04664_SPK11.wav","SPK11","343816","0.3279","cantharm_audio_spk11.zip","downloads/packages/cantharm_audio_spk11.zip"
"F04665_SPK01.wav","SPK01","449436","0.4286","cantharm_audio_spk01.zip","downloads/packages/cantharm_audio_spk01.zip"
"F04666_SPK02.wav","SPK02","952460","0.9083","cantharm_audio_spk02.zip","downloads/packages/cantharm_audio_spk02.zip"
"F04667_SPK10.wav","SPK10","391948","0.3738","cantharm_audio_spk10.zip","downloads/packages/cantharm_audio_spk10.zip"
"F04668_SPK03.wav","SPK03","367222","0.3502","cantharm_audio_spk03.zip","downloads/packages/cantharm_audio_spk03.zip"
"F04669_SPK04.wav","SPK04","546994","0.5217","cantharm_audio_spk04.zip","downloads/packages/cantharm_audio_spk04.zip"
"F04670_SPK05.wav","SPK05","432314","0.4123","cantharm_audio_spk05.zip","downloads/packages/cantharm_audio_spk05.zip"
"F04671_SPK06.wav","SPK06","414646","0.3954","cantharm_audio_spk06.zip","downloads/packages/cantharm_audio_spk06.zip"
"F04672_SPK07.wav","SPK07","472616","0.4507","cantharm_audio_spk07.zip","downloads/packages/cantharm_audio_spk07.zip"
"F04673_SPK08.wav","SPK08","363518","0.3467","cantharm_audio_spk08.zip","downloads/packages/cantharm_audio_spk08.zip"
"F04674_SPK11.wav","SPK11","320776","0.3059","cantharm_audio_spk11.zip","downloads/packages/cantharm_audio_spk11.zip"
"F04675_SPK01.wav","SPK01","443676","0.4231","cantharm_audio_spk01.zip","downloads/packages/cantharm_audio_spk01.zip"
"F04676_SPK02.wav","SPK02","990860","0.945","cantharm_audio_spk02.zip","downloads/packages/cantharm_audio_spk02.zip"
"F04677_SPK01.wav","SPK01","374104","0.3568","cantharm_audio_spk01.zip","downloads/packages/cantharm_audio_spk01.zip"
"F04678_SPK05.wav","SPK05","368908","0.3518","cantharm_audio_spk05.zip","downloads/packages/cantharm_audio_spk05.zip"
"F04679_SPK04.wav","SPK04","527590","0.5031","cantharm_audio_spk04.zip","downloads/packages/cantharm_audio_spk04.zip"
"F04680_SPK05.wav","SPK05","393506","0.3753","cantharm_audio_spk05.zip","downloads/packages/cantharm_audio_spk05.zip"
"F04681_SPK06.wav","SPK06","370546","0.3534","cantharm_audio_spk06.zip","downloads/packages/cantharm_audio_spk06.zip"
"F04682_SPK07.wav","SPK07","459176","0.4379","cantharm_audio_spk07.zip","downloads/packages/cantharm_audio_spk07.zip"
"F04683_SPK08.wav","SPK08","300014","0.2861","cantharm_audio_spk08.zip","downloads/packages/cantharm_audio_spk08.zip"
"F04684_SPK05.wav","SPK05","396556","0.3782","cantharm_audio_spk05.zip","downloads/packages/cantharm_audio_spk05.zip"
"F04685_SPK11.wav","SPK11","391816","0.3737","cantharm_audio_spk11.zip","downloads/packages/cantharm_audio_spk11.zip"
"F04686_SPK01.wav","SPK01","499356","0.4762","cantharm_audio_spk01.zip","downloads/packages/cantharm_audio_spk01.zip"
"F04687_SPK02.wav","SPK02","1163660","1.1098","cantharm_audio_spk02.zip","downloads/packages/cantharm_audio_spk02.zip"
"F04688_SPK03.wav","SPK03","446426","0.4257","cantharm_audio_spk03.zip","downloads/packages/cantharm_audio_spk03.zip"
"F04689_SPK10.wav","SPK10","414988","0.3958","cantharm_audio_spk10.zip","downloads/packages/cantharm_audio_spk10.zip"
"F04690_SPK10.wav","SPK10","382732","0.365","cantharm_audio_spk10.zip","downloads/packages/cantharm_audio_spk10.zip"
"F04691_SPK04.wav","SPK04","531118","0.5065","cantharm_audio_spk04.zip","downloads/packages/cantharm_audio_spk04.zip"
"F04692_SPK05.wav","SPK05","331766","0.3164","cantharm_audio_spk05.zip","downloads/packages/cantharm_audio_spk05.zip"
"F04693_SPK06.wav","SPK06","472908","0.451","cantharm_audio_spk06.zip","downloads/packages/cantharm_audio_spk06.zip"
"F04694_SPK07.wav","SPK07","622376","0.5935","cantharm_audio_spk07.zip","downloads/packages/cantharm_audio_spk07.zip"
"F04695_SPK08.wav","SPK08","506424","0.483","cantharm_audio_spk08.zip","downloads/packages/cantharm_audio_spk08.zip"
"F04696_SPK11.wav","SPK11","330376","0.3151","cantharm_audio_spk11.zip","downloads/packages/cantharm_audio_spk11.zip"
"F04697_SPK05.wav","SPK05","295180","0.2815","cantharm_audio_spk05.zip","downloads/packages/cantharm_audio_spk05.zip"
"F04698_SPK01.wav","SPK01","497436","0.4744","cantharm_audio_spk01.zip","downloads/packages/cantharm_audio_spk01.zip"
"F04699_SPK10.wav","SPK10","474892","0.4529","cantharm_audio_spk10.zip","downloads/packages/cantharm_audio_spk10.zip"
"F04700_SPK10.wav","SPK10","465676","0.4441","cantharm_audio_spk10.zip","downloads/packages/cantharm_audio_spk10.zip"
"F04701_SPK10.wav","SPK10","410380","0.3914","cantharm_audio_spk10.zip","downloads/packages/cantharm_audio_spk10.zip"
"F04702_SPK10.wav","SPK10","414876","0.3957","cantharm_audio_spk10.zip","downloads/packages/cantharm_audio_spk10.zip"
"F04703_SPK10.wav","SPK10","685596","0.6538","cantharm_audio_spk10.zip","downloads/packages/cantharm_audio_spk10.zip"
"F04704_SPK10.wav","SPK10","543516","0.5183","cantharm_audio_spk10.zip","downloads/packages/cantharm_audio_spk10.zip"
"F04705_SPK10.wav","SPK10","723996","0.6905","cantharm_audio_spk10.zip","downloads/packages/cantharm_audio_spk10.zip"
"F04706_SPK02.wav","SPK02","1011980","0.9651","cantharm_audio_spk02.zip","downloads/packages/cantharm_audio_spk02.zip"
"F04707_SPK10.wav","SPK10","355084","0.3386","cantharm_audio_spk10.zip","downloads/packages/cantharm_audio_spk10.zip"
"F04708_SPK10.wav","SPK10","691356","0.6593","cantharm_audio_spk10.zip","downloads/packages/cantharm_audio_spk10.zip"
"F04709_SPK10.wav","SPK10","244492","0.2332","cantharm_audio_spk10.zip","downloads/packages/cantharm_audio_spk10.zip"
"F04710_SPK10.wav","SPK10","281356","0.2683","cantharm_audio_spk10.zip","downloads/packages/cantharm_audio_spk10.zip"
"F04711_SPK10.wav","SPK10","364300","0.3474","cantharm_audio_spk10.zip","downloads/packages/cantharm_audio_spk10.zip"
"F04712_SPK10.wav","SPK10","226060","0.2156","cantharm_audio_spk10.zip","downloads/packages/cantharm_audio_spk10.zip"
"F04713_SPK10.wav","SPK10","253708","0.242","cantharm_audio_spk10.zip","downloads/packages/cantharm_audio_spk10.zip"
"F04714_SPK10.wav","SPK10","345868","0.3298","cantharm_audio_spk10.zip","downloads/packages/cantharm_audio_spk10.zip"
"F04715_SPK10.wav","SPK10","267532","0.2551","cantharm_audio_spk10.zip","downloads/packages/cantharm_audio_spk10.zip"
"F04716_SPK10.wav","SPK10","318220","0.3035","cantharm_audio_spk10.zip","downloads/packages/cantharm_audio_spk10.zip"
"F04717_SPK10.wav","SPK10","276748","0.2639","cantharm_audio_spk10.zip","downloads/packages/cantharm_audio_spk10.zip"
"F04718_SPK10.wav","SPK10","216844","0.2068","cantharm_audio_spk10.zip","downloads/packages/cantharm_audio_spk10.zip"
"F04719_SPK10.wav","SPK10","281356","0.2683","cantharm_audio_spk10.zip","downloads/packages/cantharm_audio_spk10.zip"
"F04720_SPK10.wav","SPK10","249100","0.2376","cantharm_audio_spk10.zip","downloads/packages/cantharm_audio_spk10.zip"
"F04721_SPK10.wav","SPK10","410380","0.3914","cantharm_audio_spk10.zip","downloads/packages/cantharm_audio_spk10.zip"
"F04722_SPK10.wav","SPK10","359692","0.343","cantharm_audio_spk10.zip","downloads/packages/cantharm_audio_spk10.zip"
"F04723_SPK10.wav","SPK10","382732","0.365","cantharm_audio_spk10.zip","downloads/packages/cantharm_audio_spk10.zip"
"F04724_SPK10.wav","SPK10","391948","0.3738","cantharm_audio_spk10.zip","downloads/packages/cantharm_audio_spk10.zip"
"F04725_SPK10.wav","SPK10","461068","0.4397","cantharm_audio_spk10.zip","downloads/packages/cantharm_audio_spk10.zip"
"F04726_SPK10.wav","SPK10","355084","0.3386","cantharm_audio_spk10.zip","downloads/packages/cantharm_audio_spk10.zip"
"F04727_SPK10.wav","SPK10","405772","0.387","cantharm_audio_spk10.zip","downloads/packages/cantharm_audio_spk10.zip"
"F04728_SPK10.wav","SPK10","419596","0.4002","cantharm_audio_spk10.zip","downloads/packages/cantharm_audio_spk10.zip"
"F04729_SPK10.wav","SPK10","332044","0.3167","cantharm_audio_spk10.zip","downloads/packages/cantharm_audio_spk10.zip"
"F04730_SPK10.wav","SPK10","290572","0.2771","cantharm_audio_spk10.zip","downloads/packages/cantharm_audio_spk10.zip"
"F04731_SPK10.wav","SPK10","322828","0.3079","cantharm_audio_spk10.zip","downloads/packages/cantharm_audio_spk10.zip"
"F04732_SPK10.wav","SPK10","341260","0.3255","cantharm_audio_spk10.zip","downloads/packages/cantharm_audio_spk10.zip"
"F04733_SPK10.wav","SPK10","299788","0.2859","cantharm_audio_spk10.zip","downloads/packages/cantharm_audio_spk10.zip"
"F04734_SPK10.wav","SPK10","295180","0.2815","cantharm_audio_spk10.zip","downloads/packages/cantharm_audio_spk10.zip"
"F04735_SPK10.wav","SPK10","336652","0.3211","cantharm_audio_spk10.zip","downloads/packages/cantharm_audio_spk10.zip"
"F04736_SPK10.wav","SPK10","350476","0.3342","cantharm_audio_spk10.zip","downloads/packages/cantharm_audio_spk10.zip"
"F04737_SPK10.wav","SPK10","332044","0.3167","cantharm_audio_spk10.zip","downloads/packages/cantharm_audio_spk10.zip"
"F04738_SPK10.wav","SPK10","327436","0.3123","cantharm_audio_spk10.zip","downloads/packages/cantharm_audio_spk10.zip"
"F04739_SPK10.wav","SPK10","599196","0.5714","cantharm_audio_spk10.zip","downloads/packages/cantharm_audio_spk10.zip"
"F04740_SPK10.wav","SPK10","249100","0.2376","cantharm_audio_spk10.zip","downloads/packages/cantharm_audio_spk10.zip"
"F04741_SPK10.wav","SPK10","313612","0.2991","cantharm_audio_spk10.zip","downloads/packages/cantharm_audio_spk10.zip"
"F04742_SPK10.wav","SPK10","290572","0.2771","cantharm_audio_spk10.zip","downloads/packages/cantharm_audio_spk10.zip"
"F04743_SPK10.wav","SPK10","244492","0.2332","cantharm_audio_spk10.zip","downloads/packages/cantharm_audio_spk10.zip"
"F04744_SPK10.wav","SPK10","341260","0.3255","cantharm_audio_spk10.zip","downloads/packages/cantharm_audio_spk10.zip"
"F04745_SPK10.wav","SPK10","419596","0.4002","cantharm_audio_spk10.zip","downloads/packages/cantharm_audio_spk10.zip"
"F04746_SPK10.wav","SPK10","313612","0.2991","cantharm_audio_spk10.zip","downloads/packages/cantharm_audio_spk10.zip"
"F04747_SPK10.wav","SPK10","299788","0.2859","cantharm_audio_spk10.zip","downloads/packages/cantharm_audio_spk10.zip"
"F04748_SPK10.wav","SPK10","313612","0.2991","cantharm_audio_spk10.zip","downloads/packages/cantharm_audio_spk10.zip"
"F04749_SPK10.wav","SPK10","309004","0.2947","cantharm_audio_spk10.zip","downloads/packages/cantharm_audio_spk10.zip"
"F04750_SPK10.wav","SPK10","304396","0.2903","cantharm_audio_spk10.zip","downloads/packages/cantharm_audio_spk10.zip"
"F04751_SPK10.wav","SPK10","304396","0.2903","cantharm_audio_spk10.zip","downloads/packages/cantharm_audio_spk10.zip"
"F04752_SPK10.wav","SPK10","382732","0.365","cantharm_audio_spk10.zip","downloads/packages/cantharm_audio_spk10.zip"
"F04753_SPK10.wav","SPK10","244492","0.2332","cantharm_audio_spk10.zip","downloads/packages/cantharm_audio_spk10.zip"
"F04754_SPK10.wav","SPK10","313612","0.2991","cantharm_audio_spk10.zip","downloads/packages/cantharm_audio_spk10.zip"
"F04755_SPK10.wav","SPK10","382732","0.365","cantharm_audio_spk10.zip","downloads/packages/cantharm_audio_spk10.zip"
"F04756_SPK10.wav","SPK10","391948","0.3738","cantharm_audio_spk10.zip","downloads/packages/cantharm_audio_spk10.zip"
"F04757_SPK10.wav","SPK10","295180","0.2815","cantharm_audio_spk10.zip","downloads/packages/cantharm_audio_spk10.zip"
"F04758_SPK10.wav","SPK10","336652","0.3211","cantharm_audio_spk10.zip","downloads/packages/cantharm_audio_spk10.zip"
"F04759_SPK10.wav","SPK10","433420","0.4133","cantharm_audio_spk10.zip","downloads/packages/cantharm_audio_spk10.zip"
"F04760_SPK10.wav","SPK10","299788","0.2859","cantharm_audio_spk10.zip","downloads/packages/cantharm_audio_spk10.zip"
"F04761_SPK10.wav","SPK10","295180","0.2815","cantharm_audio_spk10.zip","downloads/packages/cantharm_audio_spk10.zip"
"F04762_SPK10.wav","SPK10","332044","0.3167","cantharm_audio_spk10.zip","downloads/packages/cantharm_audio_spk10.zip"
"F04763_SPK10.wav","SPK10","359692","0.343","cantharm_audio_spk10.zip","downloads/packages/cantharm_audio_spk10.zip"
"F04764_SPK10.wav","SPK10","313612","0.2991","cantharm_audio_spk10.zip","downloads/packages/cantharm_audio_spk10.zip"
"F04765_SPK10.wav","SPK10","304396","0.2903","cantharm_audio_spk10.zip","downloads/packages/cantharm_audio_spk10.zip"
"F04766_SPK10.wav","SPK10","327436","0.3123","cantharm_audio_spk10.zip","downloads/packages/cantharm_audio_spk10.zip"
"F04767_SPK10.wav","SPK10","341260","0.3255","cantharm_audio_spk10.zip","downloads/packages/cantharm_audio_spk10.zip"
"F04768_SPK10.wav","SPK10","272140","0.2595","cantharm_audio_spk10.zip","downloads/packages/cantharm_audio_spk10.zip"
"F04769_SPK10.wav","SPK10","276748","0.2639","cantharm_audio_spk10.zip","downloads/packages/cantharm_audio_spk10.zip"
"F04770_SPK10.wav","SPK10","378124","0.3606","cantharm_audio_spk10.zip","downloads/packages/cantharm_audio_spk10.zip"
"F04771_SPK10.wav","SPK10","327436","0.3123","cantharm_audio_spk10.zip","downloads/packages/cantharm_audio_spk10.zip"
"F04772_SPK10.wav","SPK10","299788","0.2859","cantharm_audio_spk10.zip","downloads/packages/cantharm_audio_spk10.zip"
"F04773_SPK10.wav","SPK10","313612","0.2991","cantharm_audio_spk10.zip","downloads/packages/cantharm_audio_spk10.zip"
"F04774_SPK10.wav","SPK10","825756","0.7875","cantharm_audio_spk10.zip","downloads/packages/cantharm_audio_spk10.zip"
"F04775_SPK10.wav","SPK10","258316","0.2463","cantharm_audio_spk10.zip","downloads/packages/cantharm_audio_spk10.zip"
"F04776_SPK10.wav","SPK10","267532","0.2551","cantharm_audio_spk10.zip","downloads/packages/cantharm_audio_spk10.zip"
"F04777_SPK10.wav","SPK10","336652","0.3211","cantharm_audio_spk10.zip","downloads/packages/cantharm_audio_spk10.zip"
"F04778_SPK10.wav","SPK10","295180","0.2815","cantharm_audio_spk10.zip","downloads/packages/cantharm_audio_spk10.zip"
"F04779_SPK10.wav","SPK10","345868","0.3298","cantharm_audio_spk10.zip","downloads/packages/cantharm_audio_spk10.zip"
"F04780_SPK10.wav","SPK10","299788","0.2859","cantharm_audio_spk10.zip","downloads/packages/cantharm_audio_spk10.zip"
"F04781_SPK10.wav","SPK10","332044","0.3167","cantharm_audio_spk10.zip","downloads/packages/cantharm_audio_spk10.zip"
"F04782_SPK10.wav","SPK10","760476","0.7252","cantharm_audio_spk10.zip","downloads/packages/cantharm_audio_spk10.zip"
"F04783_SPK10.wav","SPK10","276748","0.2639","cantharm_audio_spk10.zip","downloads/packages/cantharm_audio_spk10.zip"
"F04784_SPK10.wav","SPK10","345868","0.3298","cantharm_audio_spk10.zip","downloads/packages/cantharm_audio_spk10.zip"
"F04785_SPK10.wav","SPK10","309004","0.2947","cantharm_audio_spk10.zip","downloads/packages/cantharm_audio_spk10.zip"
"F04786_SPK10.wav","SPK10","359692","0.343","cantharm_audio_spk10.zip","downloads/packages/cantharm_audio_spk10.zip"
"F04787_SPK10.wav","SPK10","373516","0.3562","cantharm_audio_spk10.zip","downloads/packages/cantharm_audio_spk10.zip"
"F04788_SPK10.wav","SPK10","281356","0.2683","cantharm_audio_spk10.zip","downloads/packages/cantharm_audio_spk10.zip"
"F04789_SPK10.wav","SPK10","332044","0.3167","cantharm_audio_spk10.zip","downloads/packages/cantharm_audio_spk10.zip"
"F04790_SPK10.wav","SPK10","322828","0.3079","cantharm_audio_spk10.zip","downloads/packages/cantharm_audio_spk10.zip"
"F04791_SPK10.wav","SPK10","336652","0.3211","cantharm_audio_spk10.zip","downloads/packages/cantharm_audio_spk10.zip"
"F04792_SPK10.wav","SPK10","368908","0.3518","cantharm_audio_spk10.zip","downloads/packages/cantharm_audio_spk10.zip"
"F04793_SPK10.wav","SPK10","276748","0.2639","cantharm_audio_spk10.zip","downloads/packages/cantharm_audio_spk10.zip"
"F04794_SPK10.wav","SPK10","453276","0.4323","cantharm_audio_spk10.zip","downloads/packages/cantharm_audio_spk10.zip"
"F04795_SPK10.wav","SPK10","555036","0.5293","cantharm_audio_spk10.zip","downloads/packages/cantharm_audio_spk10.zip"
"F04796_SPK10.wav","SPK10","672156","0.641","cantharm_audio_spk10.zip","downloads/packages/cantharm_audio_spk10.zip"
"F04797_SPK10.wav","SPK10","318220","0.3035","cantharm_audio_spk10.zip","downloads/packages/cantharm_audio_spk10.zip"
"F04798_SPK10.wav","SPK10","350476","0.3342","cantharm_audio_spk10.zip","downloads/packages/cantharm_audio_spk10.zip"
"F04799_SPK10.wav","SPK10","322828","0.3079","cantharm_audio_spk10.zip","downloads/packages/cantharm_audio_spk10.zip"
"F04800_SPK10.wav","SPK10","387340","0.3694","cantharm_audio_spk10.zip","downloads/packages/cantharm_audio_spk10.zip"
"F04801_SPK10.wav","SPK10","881436","0.8406","cantharm_audio_spk10.zip","downloads/packages/cantharm_audio_spk10.zip"
"F04802_SPK10.wav","SPK10","267532","0.2551","cantharm_audio_spk10.zip","downloads/packages/cantharm_audio_spk10.zip"
"F04803_SPK10.wav","SPK10","313612","0.2991","cantharm_audio_spk10.zip","downloads/packages/cantharm_audio_spk10.zip"
"F04804_SPK10.wav","SPK10","276748","0.2639","cantharm_audio_spk10.zip","downloads/packages/cantharm_audio_spk10.zip"
"F04805_SPK10.wav","SPK10","309004","0.2947","cantharm_audio_spk10.zip","downloads/packages/cantharm_audio_spk10.zip"
"F04806_SPK10.wav","SPK10","299788","0.2859","cantharm_audio_spk10.zip","downloads/packages/cantharm_audio_spk10.zip"
"F04807_SPK10.wav","SPK10","276748","0.2639","cantharm_audio_spk10.zip","downloads/packages/cantharm_audio_spk10.zip"
"F04808_SPK10.wav","SPK10","332044","0.3167","cantharm_audio_spk10.zip","downloads/packages/cantharm_audio_spk10.zip"
"F04809_SPK10.wav","SPK10","603036","0.5751","cantharm_audio_spk10.zip","downloads/packages/cantharm_audio_spk10.zip"
"F04810_SPK10.wav","SPK10","295180","0.2815","cantharm_audio_spk10.zip","downloads/packages/cantharm_audio_spk10.zip"
"F04811_SPK10.wav","SPK10","610716","0.5824","cantharm_audio_spk10.zip","downloads/packages/cantharm_audio_spk10.zip"
"F04812_SPK10.wav","SPK10","382732","0.365","cantharm_audio_spk10.zip","downloads/packages/cantharm_audio_spk10.zip"
"F04813_SPK10.wav","SPK10","368908","0.3518","cantharm_audio_spk10.zip","downloads/packages/cantharm_audio_spk10.zip"
"F04814_SPK10.wav","SPK10","304396","0.2903","cantharm_audio_spk10.zip","downloads/packages/cantharm_audio_spk10.zip"
"F04815_SPK10.wav","SPK10","285964","0.2727","cantharm_audio_spk10.zip","downloads/packages/cantharm_audio_spk10.zip"
"F04816_SPK10.wav","SPK10","322828","0.3079","cantharm_audio_spk10.zip","downloads/packages/cantharm_audio_spk10.zip"
"F04817_SPK10.wav","SPK10","304396","0.2903","cantharm_audio_spk10.zip","downloads/packages/cantharm_audio_spk10.zip"
"F04818_SPK10.wav","SPK10","276748","0.2639","cantharm_audio_spk10.zip","downloads/packages/cantharm_audio_spk10.zip"
"F04819_SPK10.wav","SPK10","309004","0.2947","cantharm_audio_spk10.zip","downloads/packages/cantharm_audio_spk10.zip"
"F04820_SPK10.wav","SPK10","299788","0.2859","cantharm_audio_spk10.zip","downloads/packages/cantharm_audio_spk10.zip"
"F04821_SPK10.wav","SPK10","290572","0.2771","cantharm_audio_spk10.zip","downloads/packages/cantharm_audio_spk10.zip"
"F04822_SPK10.wav","SPK10","438028","0.4177","cantharm_audio_spk10.zip","downloads/packages/cantharm_audio_spk10.zip"
"F04823_SPK10.wav","SPK10","313612","0.2991","cantharm_audio_spk10.zip","downloads/packages/cantharm_audio_spk10.zip"
"F04824_SPK10.wav","SPK10","419596","0.4002","cantharm_audio_spk10.zip","downloads/packages/cantharm_audio_spk10.zip"
"F04825_SPK10.wav","SPK10","378124","0.3606","cantharm_audio_spk10.zip","downloads/packages/cantharm_audio_spk10.zip"
"F04826_SPK10.wav","SPK10","382732","0.365","cantharm_audio_spk10.zip","downloads/packages/cantharm_audio_spk10.zip"
"F04827_SPK10.wav","SPK10","345868","0.3298","cantharm_audio_spk10.zip","downloads/packages/cantharm_audio_spk10.zip"
"F04828_SPK10.wav","SPK10","313612","0.2991","cantharm_audio_spk10.zip","downloads/packages/cantharm_audio_spk10.zip"
"F04829_SPK10.wav","SPK10","359692","0.343","cantharm_audio_spk10.zip","downloads/packages/cantharm_audio_spk10.zip"
"F04830_SPK10.wav","SPK10","364300","0.3474","cantharm_audio_spk10.zip","downloads/packages/cantharm_audio_spk10.zip"
"F04831_SPK10.wav","SPK10","359692","0.343","cantharm_audio_spk10.zip","downloads/packages/cantharm_audio_spk10.zip"
"F04832_SPK10.wav","SPK10","359692","0.343","cantharm_audio_spk10.zip","downloads/packages/cantharm_audio_spk10.zip"
"F04833_SPK10.wav","SPK10","258316","0.2463","cantharm_audio_spk10.zip","downloads/packages/cantharm_audio_spk10.zip"
"F04834_SPK10.wav","SPK10","327436","0.3123","cantharm_audio_spk10.zip","downloads/packages/cantharm_audio_spk10.zip"
"F04835_SPK10.wav","SPK10","267532","0.2551","cantharm_audio_spk10.zip","downloads/packages/cantharm_audio_spk10.zip"
"F04836_SPK10.wav","SPK10","345868","0.3298","cantharm_audio_spk10.zip","downloads/packages/cantharm_audio_spk10.zip"
"F04837_SPK10.wav","SPK10","387340","0.3694","cantharm_audio_spk10.zip","downloads/packages/cantharm_audio_spk10.zip"
"F04838_SPK10.wav","SPK10","359692","0.343","cantharm_audio_spk10.zip","downloads/packages/cantharm_audio_spk10.zip"
"F04839_SPK10.wav","SPK10","290572","0.2771","cantharm_audio_spk10.zip","downloads/packages/cantharm_audio_spk10.zip"
"F04840_SPK10.wav","SPK10","313612","0.2991","cantharm_audio_spk10.zip","downloads/packages/cantharm_audio_spk10.zip"
"F04841_SPK10.wav","SPK10","313612","0.2991","cantharm_audio_spk10.zip","downloads/packages/cantharm_audio_spk10.zip"
"F04842_SPK10.wav","SPK10","299788","0.2859","cantharm_audio_spk10.zip","downloads/packages/cantharm_audio_spk10.zip"
"F04843_SPK10.wav","SPK10","580876","0.554","cantharm_audio_spk10.zip","downloads/packages/cantharm_audio_spk10.zip"
"F04844_SPK10.wav","SPK10","396556","0.3782","cantharm_audio_spk10.zip","downloads/packages/cantharm_audio_spk10.zip"
"F04845_SPK10.wav","SPK10","290572","0.2771","cantharm_audio_spk10.zip","downloads/packages/cantharm_audio_spk10.zip"
"F04846_SPK10.wav","SPK10","382732","0.365","cantharm_audio_spk10.zip","downloads/packages/cantharm_audio_spk10.zip"
"F04847_SPK10.wav","SPK10","299788","0.2859","cantharm_audio_spk10.zip","downloads/packages/cantharm_audio_spk10.zip"
"F04848_SPK10.wav","SPK10","355084","0.3386","cantharm_audio_spk10.zip","downloads/packages/cantharm_audio_spk10.zip"
"F04849_SPK10.wav","SPK10","350476","0.3342","cantharm_audio_spk10.zip","downloads/packages/cantharm_audio_spk10.zip"
"F04850_SPK10.wav","SPK10","299788","0.2859","cantharm_audio_spk10.zip","downloads/packages/cantharm_audio_spk10.zip"
"F04851_SPK10.wav","SPK10","322828","0.3079","cantharm_audio_spk10.zip","downloads/packages/cantharm_audio_spk10.zip"
"F04852_SPK10.wav","SPK10","364300","0.3474","cantharm_audio_spk10.zip","downloads/packages/cantharm_audio_spk10.zip"
"F04853_SPK10.wav","SPK10","309004","0.2947","cantharm_audio_spk10.zip","downloads/packages/cantharm_audio_spk10.zip"
"F04854_SPK10.wav","SPK10","313612","0.2991","cantharm_audio_spk10.zip","downloads/packages/cantharm_audio_spk10.zip"
"F04855_SPK10.wav","SPK10","332044","0.3167","cantharm_audio_spk10.zip","downloads/packages/cantharm_audio_spk10.zip"
"F04856_SPK10.wav","SPK10","313612","0.2991","cantharm_audio_spk10.zip","downloads/packages/cantharm_audio_spk10.zip"
"F04857_SPK10.wav","SPK10","355084","0.3386","cantharm_audio_spk10.zip","downloads/packages/cantharm_audio_spk10.zip"
"F04858_SPK10.wav","SPK10","387340","0.3694","cantharm_audio_spk10.zip","downloads/packages/cantharm_audio_spk10.zip"
"F04859_SPK10.wav","SPK10","568476","0.5421","cantharm_audio_spk10.zip","downloads/packages/cantharm_audio_spk10.zip"
"F04860_SPK10.wav","SPK10","442636","0.4221","cantharm_audio_spk10.zip","downloads/packages/cantharm_audio_spk10.zip"
"F04861_SPK10.wav","SPK10","368908","0.3518","cantharm_audio_spk10.zip","downloads/packages/cantharm_audio_spk10.zip"
"F04862_SPK10.wav","SPK10","414988","0.3958","cantharm_audio_spk10.zip","downloads/packages/cantharm_audio_spk10.zip"
"F04863_SPK10.wav","SPK10","359692","0.343","cantharm_audio_spk10.zip","downloads/packages/cantharm_audio_spk10.zip"
"F04864_SPK10.wav","SPK10","396556","0.3782","cantharm_audio_spk10.zip","downloads/packages/cantharm_audio_spk10.zip"
"F04865_SPK10.wav","SPK10","410380","0.3914","cantharm_audio_spk10.zip","downloads/packages/cantharm_audio_spk10.zip"
"F04866_SPK10.wav","SPK10","359692","0.343","cantharm_audio_spk10.zip","downloads/packages/cantharm_audio_spk10.zip"
"F04867_SPK10.wav","SPK10","364300","0.3474","cantharm_audio_spk10.zip","downloads/packages/cantharm_audio_spk10.zip"
"F04868_SPK10.wav","SPK10","428812","0.4089","cantharm_audio_spk10.zip","downloads/packages/cantharm_audio_spk10.zip"
"F04869_SPK10.wav","SPK10","313612","0.2991","cantharm_audio_spk10.zip","downloads/packages/cantharm_audio_spk10.zip"
"F04870_SPK10.wav","SPK10","414988","0.3958","cantharm_audio_spk10.zip","downloads/packages/cantharm_audio_spk10.zip"
"F04871_SPK10.wav","SPK10","414988","0.3958","cantharm_audio_spk10.zip","downloads/packages/cantharm_audio_spk10.zip"
"F04872_SPK10.wav","SPK10","336652","0.3211","cantharm_audio_spk10.zip","downloads/packages/cantharm_audio_spk10.zip"
"F04873_SPK10.wav","SPK10","262924","0.2507","cantharm_audio_spk10.zip","downloads/packages/cantharm_audio_spk10.zip"
"F04874_SPK10.wav","SPK10","309004","0.2947","cantharm_audio_spk10.zip","downloads/packages/cantharm_audio_spk10.zip"
"F04875_SPK10.wav","SPK10","313612","0.2991","cantharm_audio_spk10.zip","downloads/packages/cantharm_audio_spk10.zip"
"F04876_SPK10.wav","SPK10","336652","0.3211","cantharm_audio_spk10.zip","downloads/packages/cantharm_audio_spk10.zip"
"F04877_SPK10.wav","SPK10","336652","0.3211","cantharm_audio_spk10.zip","downloads/packages/cantharm_audio_spk10.zip"
"F04878_SPK10.wav","SPK10","355084","0.3386","cantharm_audio_spk10.zip","downloads/packages/cantharm_audio_spk10.zip"
"F04879_SPK10.wav","SPK10","378124","0.3606","cantharm_audio_spk10.zip","downloads/packages/cantharm_audio_spk10.zip"
"F04880_SPK10.wav","SPK10","327436","0.3123","cantharm_audio_spk10.zip","downloads/packages/cantharm_audio_spk10.zip"
"F04881_SPK10.wav","SPK10","808476","0.771","cantharm_audio_spk10.zip","downloads/packages/cantharm_audio_spk10.zip"
"F04882_SPK10.wav","SPK10","332044","0.3167","cantharm_audio_spk10.zip","downloads/packages/cantharm_audio_spk10.zip"
"F04883_SPK10.wav","SPK10","350476","0.3342","cantharm_audio_spk10.zip","downloads/packages/cantharm_audio_spk10.zip"
"F04884_SPK10.wav","SPK10","345868","0.3298","cantharm_audio_spk10.zip","downloads/packages/cantharm_audio_spk10.zip"
"F04885_SPK10.wav","SPK10","350476","0.3342","cantharm_audio_spk10.zip","downloads/packages/cantharm_audio_spk10.zip"
"F04886_SPK10.wav","SPK10","341260","0.3255","cantharm_audio_spk10.zip","downloads/packages/cantharm_audio_spk10.zip"
"F04887_SPK10.wav","SPK10","373516","0.3562","cantharm_audio_spk10.zip","downloads/packages/cantharm_audio_spk10.zip"
"F04888_SPK10.wav","SPK10","355084","0.3386","cantharm_audio_spk10.zip","downloads/packages/cantharm_audio_spk10.zip"
"F04889_SPK10.wav","SPK10","368908","0.3518","cantharm_audio_spk10.zip","downloads/packages/cantharm_audio_spk10.zip"
"F04890_SPK10.wav","SPK10","378124","0.3606","cantharm_audio_spk10.zip","downloads/packages/cantharm_audio_spk10.zip"
"F04891_SPK10.wav","SPK10","378124","0.3606","cantharm_audio_spk10.zip","downloads/packages/cantharm_audio_spk10.zip"
"F04892_SPK10.wav","SPK10","401164","0.3826","cantharm_audio_spk10.zip","downloads/packages/cantharm_audio_spk10.zip"
"F04893_SPK10.wav","SPK10","322828","0.3079","cantharm_audio_spk10.zip","downloads/packages/cantharm_audio_spk10.zip"
"F04894_SPK10.wav","SPK10","345868","0.3298","cantharm_audio_spk10.zip","downloads/packages/cantharm_audio_spk10.zip"
"F04895_SPK10.wav","SPK10","258316","0.2463","cantharm_audio_spk10.zip","downloads/packages/cantharm_audio_spk10.zip"
"F04896_SPK10.wav","SPK10","350476","0.3342","cantharm_audio_spk10.zip","downloads/packages/cantharm_audio_spk10.zip"
"F04897_SPK10.wav","SPK10","299788","0.2859","cantharm_audio_spk10.zip","downloads/packages/cantharm_audio_spk10.zip"
"F04898_SPK10.wav","SPK10","345868","0.3298","cantharm_audio_spk10.zip","downloads/packages/cantharm_audio_spk10.zip"
"F04899_SPK10.wav","SPK10","364300","0.3474","cantharm_audio_spk10.zip","downloads/packages/cantharm_audio_spk10.zip"
"F04900_SPK10.wav","SPK10","322828","0.3079","cantharm_audio_spk10.zip","downloads/packages/cantharm_audio_spk10.zip"
"F04901_SPK10.wav","SPK10","336652","0.3211","cantharm_audio_spk10.zip","downloads/packages/cantharm_audio_spk10.zip"
"F04902_SPK10.wav","SPK10","433420","0.4133","cantharm_audio_spk10.zip","downloads/packages/cantharm_audio_spk10.zip"
"F04903_SPK10.wav","SPK10","304396","0.2903","cantharm_audio_spk10.zip","downloads/packages/cantharm_audio_spk10.zip"
"F04904_SPK10.wav","SPK10","336652","0.3211","cantharm_audio_spk10.zip","downloads/packages/cantharm_audio_spk10.zip"
"F04905_SPK10.wav","SPK10","401164","0.3826","cantharm_audio_spk10.zip","downloads/packages/cantharm_audio_spk10.zip"
"F04906_SPK10.wav","SPK10","771996","0.7362","cantharm_audio_spk10.zip","downloads/packages/cantharm_audio_spk10.zip"
"F04907_SPK10.wav","SPK10","438028","0.4177","cantharm_audio_spk10.zip","downloads/packages/cantharm_audio_spk10.zip"
"F04908_SPK10.wav","SPK10","262924","0.2507","cantharm_audio_spk10.zip","downloads/packages/cantharm_audio_spk10.zip"
"F04909_SPK10.wav","SPK10","368908","0.3518","cantharm_audio_spk10.zip","downloads/packages/cantharm_audio_spk10.zip"
"F04910_SPK10.wav","SPK10","336652","0.3211","cantharm_audio_spk10.zip","downloads/packages/cantharm_audio_spk10.zip"
"F04911_SPK10.wav","SPK10","336652","0.3211","cantharm_audio_spk10.zip","downloads/packages/cantharm_audio_spk10.zip"
"F04912_SPK10.wav","SPK10","589596","0.5623","cantharm_audio_spk10.zip","downloads/packages/cantharm_audio_spk10.zip"
"F04913_SPK10.wav","SPK10","637596","0.6081","cantharm_audio_spk10.zip","downloads/packages/cantharm_audio_spk10.zip"
"F04914_SPK10.wav","SPK10","556956","0.5312","cantharm_audio_spk10.zip","downloads/packages/cantharm_audio_spk10.zip"
"F04915_SPK10.wav","SPK10","387340","0.3694","cantharm_audio_spk10.zip","downloads/packages/cantharm_audio_spk10.zip"
"F04916_SPK10.wav","SPK10","285964","0.2727","cantharm_audio_spk10.zip","downloads/packages/cantharm_audio_spk10.zip"
"F04917_SPK10.wav","SPK10","299788","0.2859","cantharm_audio_spk10.zip","downloads/packages/cantharm_audio_spk10.zip"
"F04918_SPK10.wav","SPK10","332044","0.3167","cantharm_audio_spk10.zip","downloads/packages/cantharm_audio_spk10.zip"
"F04919_SPK10.wav","SPK10","276748","0.2639","cantharm_audio_spk10.zip","downloads/packages/cantharm_audio_spk10.zip"
"F04920_SPK10.wav","SPK10","387340","0.3694","cantharm_audio_spk10.zip","downloads/packages/cantharm_audio_spk10.zip"
"F04921_SPK10.wav","SPK10","396556","0.3782","cantharm_audio_spk10.zip","downloads/packages/cantharm_audio_spk10.zip"
"F04922_SPK10.wav","SPK10","428812","0.4089","cantharm_audio_spk10.zip","downloads/packages/cantharm_audio_spk10.zip"
"F04923_SPK10.wav","SPK10","396556","0.3782","cantharm_audio_spk10.zip","downloads/packages/cantharm_audio_spk10.zip"
"F04924_SPK10.wav","SPK10","373516","0.3562","cantharm_audio_spk10.zip","downloads/packages/cantharm_audio_spk10.zip"
"F04925_SPK10.wav","SPK10","313612","0.2991","cantharm_audio_spk10.zip","downloads/packages/cantharm_audio_spk10.zip"
"F04926_SPK10.wav","SPK10","309004","0.2947","cantharm_audio_spk10.zip","downloads/packages/cantharm_audio_spk10.zip"
"F04927_SPK10.wav","SPK10","299788","0.2859","cantharm_audio_spk10.zip","downloads/packages/cantharm_audio_spk10.zip"
"F04928_SPK10.wav","SPK10","318220","0.3035","cantharm_audio_spk10.zip","downloads/packages/cantharm_audio_spk10.zip"
"F04929_SPK10.wav","SPK10","304396","0.2903","cantharm_audio_spk10.zip","downloads/packages/cantharm_audio_spk10.zip"
"F04930_SPK10.wav","SPK10","442636","0.4221","cantharm_audio_spk10.zip","downloads/packages/cantharm_audio_spk10.zip"
"F04931_SPK10.wav","SPK10","332044","0.3167","cantharm_audio_spk10.zip","downloads/packages/cantharm_audio_spk10.zip"
"F04932_SPK10.wav","SPK10","244492","0.2332","cantharm_audio_spk10.zip","downloads/packages/cantharm_audio_spk10.zip"
"F04933_SPK10.wav","SPK10","309004","0.2947","cantharm_audio_spk10.zip","downloads/packages/cantharm_audio_spk10.zip"
"F04934_SPK10.wav","SPK10","336652","0.3211","cantharm_audio_spk10.zip","downloads/packages/cantharm_audio_spk10.zip"
"F04935_SPK10.wav","SPK10","451852","0.4309","cantharm_audio_spk10.zip","downloads/packages/cantharm_audio_spk10.zip"
"F04936_SPK10.wav","SPK10","299788","0.2859","cantharm_audio_spk10.zip","downloads/packages/cantharm_audio_spk10.zip"
"F04937_SPK10.wav","SPK10","309004","0.2947","cantharm_audio_spk10.zip","downloads/packages/cantharm_audio_spk10.zip"
"F04938_SPK10.wav","SPK10","290572","0.2771","cantharm_audio_spk10.zip","downloads/packages/cantharm_audio_spk10.zip"
"F04939_SPK10.wav","SPK10","318220","0.3035","cantharm_audio_spk10.zip","downloads/packages/cantharm_audio_spk10.zip"
"F04940_SPK10.wav","SPK10","419596","0.4002","cantharm_audio_spk10.zip","downloads/packages/cantharm_audio_spk10.zip"
"F04941_SPK10.wav","SPK10","846876","0.8076","cantharm_audio_spk10.zip","downloads/packages/cantharm_audio_spk10.zip"
"F04942_SPK10.wav","SPK10","414988","0.3958","cantharm_audio_spk10.zip","downloads/packages/cantharm_audio_spk10.zip"
"F04943_SPK10.wav","SPK10","530188","0.5056","cantharm_audio_spk10.zip","downloads/packages/cantharm_audio_spk10.zip"
"F04944_SPK10.wav","SPK10","373516","0.3562","cantharm_audio_spk10.zip","downloads/packages/cantharm_audio_spk10.zip"
"F04945_SPK10.wav","SPK10","313612","0.2991","cantharm_audio_spk10.zip","downloads/packages/cantharm_audio_spk10.zip"
"F04946_SPK10.wav","SPK10","327436","0.3123","cantharm_audio_spk10.zip","downloads/packages/cantharm_audio_spk10.zip"
"F04947_SPK10.wav","SPK10","332044","0.3167","cantharm_audio_spk10.zip","downloads/packages/cantharm_audio_spk10.zip"
"F04948_SPK10.wav","SPK10","355084","0.3386","cantharm_audio_spk10.zip","downloads/packages/cantharm_audio_spk10.zip"
"F04949_SPK10.wav","SPK10","382732","0.365","cantharm_audio_spk10.zip","downloads/packages/cantharm_audio_spk10.zip"
"F04950_SPK10.wav","SPK10","382732","0.365","cantharm_audio_spk10.zip","downloads/packages/cantharm_audio_spk10.zip"
"F04951_SPK10.wav","SPK10","391948","0.3738","cantharm_audio_spk10.zip","downloads/packages/cantharm_audio_spk10.zip"
"F04952_SPK10.wav","SPK10","359692","0.343","cantharm_audio_spk10.zip","downloads/packages/cantharm_audio_spk10.zip"
"F04953_SPK10.wav","SPK10","309004","0.2947","cantharm_audio_spk10.zip","downloads/packages/cantharm_audio_spk10.zip"
"F04954_SPK10.wav","SPK10","322828","0.3079","cantharm_audio_spk10.zip","downloads/packages/cantharm_audio_spk10.zip"
"F04955_SPK10.wav","SPK10","345868","0.3298","cantharm_audio_spk10.zip","downloads/packages/cantharm_audio_spk10.zip"
"F04956_SPK10.wav","SPK10","313612","0.2991","cantharm_audio_spk10.zip","downloads/packages/cantharm_audio_spk10.zip"
"F04957_SPK10.wav","SPK10","488716","0.4661","cantharm_audio_spk10.zip","downloads/packages/cantharm_audio_spk10.zip"
"F04958_SPK10.wav","SPK10","309004","0.2947","cantharm_audio_spk10.zip","downloads/packages/cantharm_audio_spk10.zip"
"F04959_SPK10.wav","SPK10","322828","0.3079","cantharm_audio_spk10.zip","downloads/packages/cantharm_audio_spk10.zip"
"F04960_SPK10.wav","SPK10","451852","0.4309","cantharm_audio_spk10.zip","downloads/packages/cantharm_audio_spk10.zip"
"F04961_SPK05.wav","SPK05","235276","0.2244","cantharm_audio_spk05.zip","downloads/packages/cantharm_audio_spk05.zip"
"F04962_SPK05.wav","SPK05","465676","0.4441","cantharm_audio_spk05.zip","downloads/packages/cantharm_audio_spk05.zip"
"F04963_SPK05.wav","SPK05","396556","0.3782","cantharm_audio_spk05.zip","downloads/packages/cantharm_audio_spk05.zip"
"F04964_SPK05.wav","SPK05","364300","0.3474","cantharm_audio_spk05.zip","downloads/packages/cantharm_audio_spk05.zip"
"F04965_SPK05.wav","SPK05","414988","0.3958","cantharm_audio_spk05.zip","downloads/packages/cantharm_audio_spk05.zip"
"F04966_SPK05.wav","SPK05","359692","0.343","cantharm_audio_spk05.zip","downloads/packages/cantharm_audio_spk05.zip"
"F04967_SPK05.wav","SPK05","484108","0.4617","cantharm_audio_spk05.zip","downloads/packages/cantharm_audio_spk05.zip"
"F04968_SPK05.wav","SPK05","474892","0.4529","cantharm_audio_spk05.zip","downloads/packages/cantharm_audio_spk05.zip"
"F04969_SPK05.wav","SPK05","378124","0.3606","cantharm_audio_spk05.zip","downloads/packages/cantharm_audio_spk05.zip"
"F04970_SPK05.wav","SPK05","557836","0.532","cantharm_audio_spk05.zip","downloads/packages/cantharm_audio_spk05.zip"
"F04971_SPK05.wav","SPK05","391948","0.3738","cantharm_audio_spk05.zip","downloads/packages/cantharm_audio_spk05.zip"
"F04972_SPK05.wav","SPK05","428812","0.4089","cantharm_audio_spk05.zip","downloads/packages/cantharm_audio_spk05.zip"
"F04973_SPK01.wav","SPK01","309004","0.2947","cantharm_audio_spk01.zip","downloads/packages/cantharm_audio_spk01.zip"
"F04974_SPK01.wav","SPK01","322828","0.3079","cantharm_audio_spk01.zip","downloads/packages/cantharm_audio_spk01.zip"
"F04975A_SPK01.wav","SPK01","360010","0.3433","cantharm_audio_spk01.zip","downloads/packages/cantharm_audio_spk01.zip"
"F04975B_SPK01.wav","SPK01","379414","0.3618","cantharm_audio_spk01.zip","downloads/packages/cantharm_audio_spk01.zip"
"F04976_SPK01.wav","SPK01","272140","0.2595","cantharm_audio_spk01.zip","downloads/packages/cantharm_audio_spk01.zip"
"F04977_SPK01.wav","SPK01","304396","0.2903","cantharm_audio_spk01.zip","downloads/packages/cantharm_audio_spk01.zip"
"F04978_SPK01.wav","SPK01","304396","0.2903","cantharm_audio_spk01.zip","downloads/packages/cantharm_audio_spk01.zip"
"F04979_SPK01.wav","SPK01","309004","0.2947","cantharm_audio_spk01.zip","downloads/packages/cantharm_audio_spk01.zip"
"F04981_SPK01.wav","SPK01","332044","0.3167","cantharm_audio_spk01.zip","downloads/packages/cantharm_audio_spk01.zip"
"F04982_SPK01.wav","SPK01","276748","0.2639","cantharm_audio_spk01.zip","downloads/packages/cantharm_audio_spk01.zip"
"F04983_SPK01.wav","SPK01","373516","0.3562","cantharm_audio_spk01.zip","downloads/packages/cantharm_audio_spk01.zip"
"F04984_SPK01.wav","SPK01","322828","0.3079","cantharm_audio_spk01.zip","downloads/packages/cantharm_audio_spk01.zip"
"F04986A_SPK01.wav","SPK01","391948","0.3738","cantharm_audio_spk01.zip","downloads/packages/cantharm_audio_spk01.zip"
"F04986B_SPK01.wav","SPK01","327436","0.3123","cantharm_audio_spk01.zip","downloads/packages/cantharm_audio_spk01.zip"
"F04987A_SPK02.wav","SPK02","377632","0.3601","cantharm_audio_spk02.zip","downloads/packages/cantharm_audio_spk02.zip"
"F04987B_SPK02.wav","SPK02","344116","0.3282","cantharm_audio_spk02.zip","downloads/packages/cantharm_audio_spk02.zip"
"F04988_SPK01.wav","SPK01","327436","0.3123","cantharm_audio_spk01.zip","downloads/packages/cantharm_audio_spk01.zip"
"F04989_SPK01.wav","SPK01","327436","0.3123","cantharm_audio_spk01.zip","downloads/packages/cantharm_audio_spk01.zip"
"F04990A_SPK01.wav","SPK01","322828","0.3079","cantharm_audio_spk01.zip","downloads/packages/cantharm_audio_spk01.zip"
"F04990B_SPK01.wav","SPK01","396556","0.3782","cantharm_audio_spk01.zip","downloads/packages/cantharm_audio_spk01.zip"
"F04991_SPK01.wav","SPK01","484108","0.4617","cantharm_audio_spk01.zip","downloads/packages/cantharm_audio_spk01.zip"
"F04992_SPK01.wav","SPK01","253708","0.242","cantharm_audio_spk01.zip","downloads/packages/cantharm_audio_spk01.zip"
"F04993_SPK01.wav","SPK01","281356","0.2683","cantharm_audio_spk01.zip","downloads/packages/cantharm_audio_spk01.zip"
"F04994_SPK01.wav","SPK01","244492","0.2332","cantharm_audio_spk01.zip","downloads/packages/cantharm_audio_spk01.zip"
"F04996_SPK01.wav","SPK01","393754","0.3755","cantharm_audio_spk01.zip","downloads/packages/cantharm_audio_spk01.zip"
"F04997_SPK01.wav","SPK01","244492","0.2332","cantharm_audio_spk01.zip","downloads/packages/cantharm_audio_spk01.zip"
"F04998_SPK01.wav","SPK01","322828","0.3079","cantharm_audio_spk01.zip","downloads/packages/cantharm_audio_spk01.zip"
"F04999_SPK01.wav","SPK01","336652","0.3211","cantharm_audio_spk01.zip","downloads/packages/cantharm_audio_spk01.zip"
"F05000_SPK01.wav","SPK01","253708","0.242","cantharm_audio_spk01.zip","downloads/packages/cantharm_audio_spk01.zip"
"F05001A_SPK01.wav","SPK01","267532","0.2551","cantharm_audio_spk01.zip","downloads/packages/cantharm_audio_spk01.zip"
"F05001B_SPK01.wav","SPK01","304396","0.2903","cantharm_audio_spk01.zip","downloads/packages/cantharm_audio_spk01.zip"
"F05002_SPK01.wav","SPK01","341260","0.3255","cantharm_audio_spk01.zip","downloads/packages/cantharm_audio_spk01.zip"
"F05003_SPK01.wav","SPK01","460954","0.4396","cantharm_audio_spk01.zip","downloads/packages/cantharm_audio_spk01.zip"
"F05004_SPK01.wav","SPK01","455194","0.4341","cantharm_audio_spk01.zip","downloads/packages/cantharm_audio_spk01.zip"
"F05005_SPK01.wav","SPK01","511822","0.4881","cantharm_audio_spk01.zip","downloads/packages/cantharm_audio_spk01.zip"
"F05006_SPK01.wav","SPK01","465676","0.4441","cantharm_audio_spk01.zip","downloads/packages/cantharm_audio_spk01.zip"
"F05007_SPK01.wav","SPK01","355084","0.3386","cantharm_audio_spk01.zip","downloads/packages/cantharm_audio_spk01.zip"
"F05008_SPK01.wav","SPK01","364954","0.348","cantharm_audio_spk01.zip","downloads/packages/cantharm_audio_spk01.zip"
"F05009_SPK01.wav","SPK01","221452","0.2112","cantharm_audio_spk01.zip","downloads/packages/cantharm_audio_spk01.zip"
"F05010_SPK03.wav","SPK03","478178","0.456","cantharm_audio_spk03.zip","downloads/packages/cantharm_audio_spk03.zip"
"F05011_SPK01.wav","SPK01","401164","0.3826","cantharm_audio_spk01.zip","downloads/packages/cantharm_audio_spk01.zip"
"F05012_SPK01.wav","SPK01","520972","0.4968","cantharm_audio_spk01.zip","downloads/packages/cantharm_audio_spk01.zip"
"F05013_SPK01.wav","SPK01","434078","0.414","cantharm_audio_spk01.zip","downloads/packages/cantharm_audio_spk01.zip"
"F05014_SPK01.wav","SPK01","438028","0.4177","cantharm_audio_spk01.zip","downloads/packages/cantharm_audio_spk01.zip"
"F05015_SPK01.wav","SPK01","355084","0.3386","cantharm_audio_spk01.zip","downloads/packages/cantharm_audio_spk01.zip"
"F05016_SPK01.wav","SPK01","313612","0.2991","cantharm_audio_spk01.zip","downloads/packages/cantharm_audio_spk01.zip"
"F05017_SPK01.wav","SPK01","345868","0.3298","cantharm_audio_spk01.zip","downloads/packages/cantharm_audio_spk01.zip"
"F05018_SPK01.wav","SPK01","378124","0.3606","cantharm_audio_spk01.zip","downloads/packages/cantharm_audio_spk01.zip"
"F05019_SPK01.wav","SPK01","364300","0.3474","cantharm_audio_spk01.zip","downloads/packages/cantharm_audio_spk01.zip"
"F05020_SPK01.wav","SPK01","290572","0.2771","cantharm_audio_spk01.zip","downloads/packages/cantharm_audio_spk01.zip"
"F05021_SPK01.wav","SPK01","373516","0.3562","cantharm_audio_spk01.zip","downloads/packages/cantharm_audio_spk01.zip"
"F05023_SPK01.wav","SPK01","372634","0.3554","cantharm_audio_spk01.zip","downloads/packages/cantharm_audio_spk01.zip"
"F05024_SPK01.wav","SPK01","368908","0.3518","cantharm_audio_spk01.zip","downloads/packages/cantharm_audio_spk01.zip"
"F05025_SPK01.wav","SPK01","355084","0.3386","cantharm_audio_spk01.zip","downloads/packages/cantharm_audio_spk01.zip"
"F05026_SPK01.wav","SPK01","382732","0.365","cantharm_audio_spk01.zip","downloads/packages/cantharm_audio_spk01.zip"
"F05027_SPK01.wav","SPK01","255914","0.2441","cantharm_audio_spk01.zip","downloads/packages/cantharm_audio_spk01.zip"
"F05028_SPK01.wav","SPK01","401164","0.3826","cantharm_audio_spk01.zip","downloads/packages/cantharm_audio_spk01.zip"
"F05029_SPK01.wav","SPK01","359692","0.343","cantharm_audio_spk01.zip","downloads/packages/cantharm_audio_spk01.zip"
"F05030_SPK01.wav","SPK01","368908","0.3518","cantharm_audio_spk01.zip","downloads/packages/cantharm_audio_spk01.zip"
"F05031_SPK01.wav","SPK01","424204","0.4046","cantharm_audio_spk01.zip","downloads/packages/cantharm_audio_spk01.zip"
"F05032_SPK01.wav","SPK01","350476","0.3342","cantharm_audio_spk01.zip","downloads/packages/cantharm_audio_spk01.zip"
"F05033_SPK01.wav","SPK01","419596","0.4002","cantharm_audio_spk01.zip","downloads/packages/cantharm_audio_spk01.zip"
"F05034_SPK01.wav","SPK01","373516","0.3562","cantharm_audio_spk01.zip","downloads/packages/cantharm_audio_spk01.zip"
"F05035_SPK01.wav","SPK01","391948","0.3738","cantharm_audio_spk01.zip","downloads/packages/cantharm_audio_spk01.zip"
"F05036_SPK01.wav","SPK01","451852","0.4309","cantharm_audio_spk01.zip","downloads/packages/cantharm_audio_spk01.zip"
"F05037_SPK01.wav","SPK01","903436","0.8616","cantharm_audio_spk01.zip","downloads/packages/cantharm_audio_spk01.zip"
"F05038_SPK01.wav","SPK01","507148","0.4837","cantharm_audio_spk01.zip","downloads/packages/cantharm_audio_spk01.zip"
"F05039_SPK01.wav","SPK01","391948","0.3738","cantharm_audio_spk01.zip","downloads/packages/cantharm_audio_spk01.zip"
"F05040_SPK01.wav","SPK01","304396","0.2903","cantharm_audio_spk01.zip","downloads/packages/cantharm_audio_spk01.zip"
"F05041_SPK01.wav","SPK01","401164","0.3826","cantharm_audio_spk01.zip","downloads/packages/cantharm_audio_spk01.zip"
"F05042_SPK01.wav","SPK01","502540","0.4793","cantharm_audio_spk01.zip","downloads/packages/cantharm_audio_spk01.zip"
"F05043_SPK01.wav","SPK01","345868","0.3298","cantharm_audio_spk01.zip","downloads/packages/cantharm_audio_spk01.zip"
"F05044_SPK01.wav","SPK01","419596","0.4002","cantharm_audio_spk01.zip","downloads/packages/cantharm_audio_spk01.zip"
"F05045_SPK01.wav","SPK01","520972","0.4968","cantharm_audio_spk01.zip","downloads/packages/cantharm_audio_spk01.zip"
"F05046_SPK01.wav","SPK01","391948","0.3738","cantharm_audio_spk01.zip","downloads/packages/cantharm_audio_spk01.zip"
"F05047_SPK01.wav","SPK01","497932","0.4749","cantharm_audio_spk01.zip","downloads/packages/cantharm_audio_spk01.zip"
"F05048_SPK01.wav","SPK01","326474","0.3113","cantharm_audio_spk01.zip","downloads/packages/cantharm_audio_spk01.zip"
"F05049_SPK01.wav","SPK01","313612","0.2991","cantharm_audio_spk01.zip","downloads/packages/cantharm_audio_spk01.zip"
"F05050_SPK01.wav","SPK01","368908","0.3518","cantharm_audio_spk01.zip","downloads/packages/cantharm_audio_spk01.zip"
"F05051_SPK01.wav","SPK01","378124","0.3606","cantharm_audio_spk01.zip","downloads/packages/cantharm_audio_spk01.zip"
"F05052A_SPK03.wav","SPK03","398800","0.3803","cantharm_audio_spk03.zip","downloads/packages/cantharm_audio_spk03.zip"
"F05052B_SPK03.wav","SPK03","474652","0.4527","cantharm_audio_spk03.zip","downloads/packages/cantharm_audio_spk03.zip"
"F05053_SPK01.wav","SPK01","345868","0.3298","cantharm_audio_spk01.zip","downloads/packages/cantharm_audio_spk01.zip"
"F05054_SPK01.wav","SPK01","428812","0.4089","cantharm_audio_spk01.zip","downloads/packages/cantharm_audio_spk01.zip"
"F05055_SPK01.wav","SPK01","396556","0.3782","cantharm_audio_spk01.zip","downloads/packages/cantharm_audio_spk01.zip"
"F05056_SPK01.wav","SPK01","332044","0.3167","cantharm_audio_spk01.zip","downloads/packages/cantharm_audio_spk01.zip"
"F05057_SPK01.wav","SPK01","332044","0.3167","cantharm_audio_spk01.zip","downloads/packages/cantharm_audio_spk01.zip"
"F05058_SPK01.wav","SPK01","375866","0.3585","cantharm_audio_spk01.zip","downloads/packages/cantharm_audio_spk01.zip"
"F05059_SPK01.wav","SPK01","414988","0.3958","cantharm_audio_spk01.zip","downloads/packages/cantharm_audio_spk01.zip"
"F05060_SPK01.wav","SPK01","502540","0.4793","cantharm_audio_spk01.zip","downloads/packages/cantharm_audio_spk01.zip"
"F05061_SPK01.wav","SPK01","825122","0.7869","cantharm_audio_spk01.zip","downloads/packages/cantharm_audio_spk01.zip"
"F05062_SPK01.wav","SPK01","682274","0.6507","cantharm_audio_spk01.zip","downloads/packages/cantharm_audio_spk01.zip"
"F05063_SPK01.wav","SPK01","516364","0.4924","cantharm_audio_spk01.zip","downloads/packages/cantharm_audio_spk01.zip"
"F05064_SPK01.wav","SPK01","299788","0.2859","cantharm_audio_spk01.zip","downloads/packages/cantharm_audio_spk01.zip"
"F05065_SPK01.wav","SPK01","318220","0.3035","cantharm_audio_spk01.zip","downloads/packages/cantharm_audio_spk01.zip"
"F05066_SPK01.wav","SPK01","359692","0.343","cantharm_audio_spk01.zip","downloads/packages/cantharm_audio_spk01.zip"
"F05067_SPK01.wav","SPK01","484108","0.4617","cantharm_audio_spk01.zip","downloads/packages/cantharm_audio_spk01.zip"
"F05068_SPK01.wav","SPK01","341260","0.3255","cantharm_audio_spk01.zip","downloads/packages/cantharm_audio_spk01.zip"
"F05069_SPK01.wav","SPK01","414988","0.3958","cantharm_audio_spk01.zip","downloads/packages/cantharm_audio_spk01.zip"
"F05070A_SPK01.wav","SPK01","340608","0.3248","cantharm_audio_spk01.zip","downloads/packages/cantharm_audio_spk01.zip"
"F05070B_SPK01.wav","SPK01","388236","0.3703","cantharm_audio_spk01.zip","downloads/packages/cantharm_audio_spk01.zip"
"F05072_SPK01.wav","SPK01","359692","0.343","cantharm_audio_spk01.zip","downloads/packages/cantharm_audio_spk01.zip"
"F05073_SPK01.wav","SPK01","368908","0.3518","cantharm_audio_spk01.zip","downloads/packages/cantharm_audio_spk01.zip"
"F05074_SPK01.wav","SPK01","396556","0.3782","cantharm_audio_spk01.zip","downloads/packages/cantharm_audio_spk01.zip"
"F05075_SPK01.wav","SPK01","382732","0.365","cantharm_audio_spk01.zip","downloads/packages/cantharm_audio_spk01.zip"
"F05076_SPK01.wav","SPK01","345868","0.3298","cantharm_audio_spk01.zip","downloads/packages/cantharm_audio_spk01.zip"
"F05077_SPK01.wav","SPK01","382732","0.365","cantharm_audio_spk01.zip","downloads/packages/cantharm_audio_spk01.zip"
"F05078_SPK01.wav","SPK01","355084","0.3386","cantharm_audio_spk01.zip","downloads/packages/cantharm_audio_spk01.zip"
"F05079_SPK01.wav","SPK01","410380","0.3914","cantharm_audio_spk01.zip","downloads/packages/cantharm_audio_spk01.zip"
"F05080_SPK01.wav","SPK01","677666","0.6463","cantharm_audio_spk01.zip","downloads/packages/cantharm_audio_spk01.zip"
"F05081_SPK01.wav","SPK01","636194","0.6067","cantharm_audio_spk01.zip","downloads/packages/cantharm_audio_spk01.zip"
"F05082_SPK01.wav","SPK01","636194","0.6067","cantharm_audio_spk01.zip","downloads/packages/cantharm_audio_spk01.zip"
"F05083_SPK01.wav","SPK01","382732","0.365","cantharm_audio_spk01.zip","downloads/packages/cantharm_audio_spk01.zip"
"F05084_SPK01.wav","SPK01","336652","0.3211","cantharm_audio_spk01.zip","downloads/packages/cantharm_audio_spk01.zip"
"F05085_SPK01.wav","SPK01","465676","0.4441","cantharm_audio_spk01.zip","downloads/packages/cantharm_audio_spk01.zip"
"F05086_SPK01.wav","SPK01","313612","0.2991","cantharm_audio_spk01.zip","downloads/packages/cantharm_audio_spk01.zip"
"F05091_SPK01.wav","SPK01","373516","0.3562","cantharm_audio_spk01.zip","downloads/packages/cantharm_audio_spk01.zip"
"F05092_SPK01.wav","SPK01","405772","0.387","cantharm_audio_spk01.zip","downloads/packages/cantharm_audio_spk01.zip"
"F05093_SPK01.wav","SPK01","326474","0.3113","cantharm_audio_spk01.zip","downloads/packages/cantharm_audio_spk01.zip"
"F05094_SPK01.wav","SPK01","419596","0.4002","cantharm_audio_spk01.zip","downloads/packages/cantharm_audio_spk01.zip"
"F05095_SPK01.wav","SPK01","474892","0.4529","cantharm_audio_spk01.zip","downloads/packages/cantharm_audio_spk01.zip"
"F05096_SPK01.wav","SPK01","419596","0.4002","cantharm_audio_spk01.zip","downloads/packages/cantharm_audio_spk01.zip"
"F05097_SPK01.wav","SPK01","359692","0.343","cantharm_audio_spk01.zip","downloads/packages/cantharm_audio_spk01.zip"
"F05098_SPK01.wav","SPK01","355084","0.3386","cantharm_audio_spk01.zip","downloads/packages/cantharm_audio_spk01.zip"
"F05099_SPK01.wav","SPK01","358226","0.3416","cantharm_audio_spk01.zip","downloads/packages/cantharm_audio_spk01.zip"
"F05100_SPK01.wav","SPK01","414988","0.3958","cantharm_audio_spk01.zip","downloads/packages/cantharm_audio_spk01.zip"
"F05101_SPK01.wav","SPK01","350476","0.3342","cantharm_audio_spk01.zip","downloads/packages/cantharm_audio_spk01.zip"
"F05102_SPK01.wav","SPK01","378124","0.3606","cantharm_audio_spk01.zip","downloads/packages/cantharm_audio_spk01.zip"
"F05103_SPK01.wav","SPK01","414988","0.3958","cantharm_audio_spk01.zip","downloads/packages/cantharm_audio_spk01.zip"
"F05104_SPK01.wav","SPK01","456460","0.4353","cantharm_audio_spk01.zip","downloads/packages/cantharm_audio_spk01.zip"
"F05105_SPK01.wav","SPK01","435842","0.4157","cantharm_audio_spk01.zip","downloads/packages/cantharm_audio_spk01.zip"
"F05106_SPK01.wav","SPK01","544012","0.5188","cantharm_audio_spk01.zip","downloads/packages/cantharm_audio_spk01.zip"
"F05107_SPK01.wav","SPK01","391948","0.3738","cantharm_audio_spk01.zip","downloads/packages/cantharm_audio_spk01.zip"
"F05108_SPK01.wav","SPK01","539404","0.5144","cantharm_audio_spk01.zip","downloads/packages/cantharm_audio_spk01.zip"
"F05109_SPK01.wav","SPK01","442636","0.4221","cantharm_audio_spk01.zip","downloads/packages/cantharm_audio_spk01.zip"
"F05110_SPK01.wav","SPK01","608524","0.5803","cantharm_audio_spk01.zip","downloads/packages/cantharm_audio_spk01.zip"
"F05111_SPK01.wav","SPK01","438028","0.4177","cantharm_audio_spk01.zip","downloads/packages/cantharm_audio_spk01.zip"
"F05112_SPK01.wav","SPK01","530188","0.5056","cantharm_audio_spk01.zip","downloads/packages/cantharm_audio_spk01.zip"
"F05113_SPK01.wav","SPK01","355084","0.3386","cantharm_audio_spk01.zip","downloads/packages/cantharm_audio_spk01.zip"
"F05114_SPK01.wav","SPK01","507148","0.4837","cantharm_audio_spk01.zip","downloads/packages/cantharm_audio_spk01.zip"
"F05115_SPK01.wav","SPK01","391948","0.3738","cantharm_audio_spk01.zip","downloads/packages/cantharm_audio_spk01.zip"
"F05116_SPK01.wav","SPK01","437606","0.4173","cantharm_audio_spk01.zip","downloads/packages/cantharm_audio_spk01.zip"
"F05117_SPK01.wav","SPK01","447244","0.4265","cantharm_audio_spk01.zip","downloads/packages/cantharm_audio_spk01.zip"
"F05118_SPK01.wav","SPK01","428812","0.4089","cantharm_audio_spk01.zip","downloads/packages/cantharm_audio_spk01.zip"
"F05120_SPK01.wav","SPK01","391948","0.3738","cantharm_audio_spk01.zip","downloads/packages/cantharm_audio_spk01.zip"
"F05121_SPK05.wav","SPK05","391948","0.3738","cantharm_audio_spk05.zip","downloads/packages/cantharm_audio_spk05.zip"
"F05122_SPK05.wav","SPK05","368908","0.3518","cantharm_audio_spk05.zip","downloads/packages/cantharm_audio_spk05.zip"
"F05123_SPK05.wav","SPK05","309004","0.2947","cantharm_audio_spk05.zip","downloads/packages/cantharm_audio_spk05.zip"
"F05124_SPK05.wav","SPK05","299788","0.2859","cantharm_audio_spk05.zip","downloads/packages/cantharm_audio_spk05.zip"
"F05125_SPK05.wav","SPK05","520972","0.4968","cantharm_audio_spk05.zip","downloads/packages/cantharm_audio_spk05.zip"
"F05126_SPK05.wav","SPK05","313612","0.2991","cantharm_audio_spk05.zip","downloads/packages/cantharm_audio_spk05.zip"
"F05127_SPK05.wav","SPK05","345868","0.3298","cantharm_audio_spk05.zip","downloads/packages/cantharm_audio_spk05.zip"
"F05128_SPK05.wav","SPK05","359692","0.343","cantharm_audio_spk05.zip","downloads/packages/cantharm_audio_spk05.zip"
"F05129_SPK05.wav","SPK05","341260","0.3255","cantharm_audio_spk05.zip","downloads/packages/cantharm_audio_spk05.zip"
"F05130_SPK05.wav","SPK05","276748","0.2639","cantharm_audio_spk05.zip","downloads/packages/cantharm_audio_spk05.zip"
"F05131_SPK05.wav","SPK05","336652","0.3211","cantharm_audio_spk05.zip","downloads/packages/cantharm_audio_spk05.zip"
"F05132_SPK05.wav","SPK05","414988","0.3958","cantharm_audio_spk05.zip","downloads/packages/cantharm_audio_spk05.zip"
"F05133_SPK05.wav","SPK05","332044","0.3167","cantharm_audio_spk05.zip","downloads/packages/cantharm_audio_spk05.zip"
"F05134_SPK05.wav","SPK05","203020","0.1936","cantharm_audio_spk05.zip","downloads/packages/cantharm_audio_spk05.zip"
"F05135_SPK05.wav","SPK05","433420","0.4133","cantharm_audio_spk05.zip","downloads/packages/cantharm_audio_spk05.zip"
"F05136_SPK05.wav","SPK05","461068","0.4397","cantharm_audio_spk05.zip","downloads/packages/cantharm_audio_spk05.zip"
"F05137_SPK05.wav","SPK05","401164","0.3826","cantharm_audio_spk05.zip","downloads/packages/cantharm_audio_spk05.zip"
"F05138_SPK05.wav","SPK05","401164","0.3826","cantharm_audio_spk05.zip","downloads/packages/cantharm_audio_spk05.zip"
"F05139_SPK05.wav","SPK05","391948","0.3738","cantharm_audio_spk05.zip","downloads/packages/cantharm_audio_spk05.zip"
"F05140_SPK05.wav","SPK05","401164","0.3826","cantharm_audio_spk05.zip","downloads/packages/cantharm_audio_spk05.zip"
"F05141_SPK05.wav","SPK05","507148","0.4837","cantharm_audio_spk05.zip","downloads/packages/cantharm_audio_spk05.zip"
"F05142_SPK05.wav","SPK05","378124","0.3606","cantharm_audio_spk05.zip","downloads/packages/cantharm_audio_spk05.zip"
"F05143_SPK05.wav","SPK05","276748","0.2639","cantharm_audio_spk05.zip","downloads/packages/cantharm_audio_spk05.zip"
"F05144_SPK05.wav","SPK05","249100","0.2376","cantharm_audio_spk05.zip","downloads/packages/cantharm_audio_spk05.zip"
"F05145_SPK05.wav","SPK05","530188","0.5056","cantharm_audio_spk05.zip","downloads/packages/cantharm_audio_spk05.zip"
"F05146_SPK05.wav","SPK05","382732","0.365","cantharm_audio_spk05.zip","downloads/packages/cantharm_audio_spk05.zip"
"F05147_SPK05.wav","SPK05","438028","0.4177","cantharm_audio_spk05.zip","downloads/packages/cantharm_audio_spk05.zip"
"F05148_SPK05.wav","SPK05","378124","0.3606","cantharm_audio_spk05.zip","downloads/packages/cantharm_audio_spk05.zip"
"F05149_SPK05.wav","SPK05","401164","0.3826","cantharm_audio_spk05.zip","downloads/packages/cantharm_audio_spk05.zip"
"F05150_SPK05.wav","SPK05","465676","0.4441","cantharm_audio_spk05.zip","downloads/packages/cantharm_audio_spk05.zip"
"F05151_SPK05.wav","SPK05","382732","0.365","cantharm_audio_spk05.zip","downloads/packages/cantharm_audio_spk05.zip"
"F05152_SPK05.wav","SPK05","336652","0.3211","cantharm_audio_spk05.zip","downloads/packages/cantharm_audio_spk05.zip"
"F05153_SPK05.wav","SPK05","327436","0.3123","cantharm_audio_spk05.zip","downloads/packages/cantharm_audio_spk05.zip"
"F05154_SPK05.wav","SPK05","244492","0.2332","cantharm_audio_spk05.zip","downloads/packages/cantharm_audio_spk05.zip"
"F05155_SPK05.wav","SPK05","382732","0.365","cantharm_audio_spk05.zip","downloads/packages/cantharm_audio_spk05.zip"
"F05156_SPK05.wav","SPK05","391948","0.3738","cantharm_audio_spk05.zip","downloads/packages/cantharm_audio_spk05.zip"
"F05157_SPK05.wav","SPK05","382732","0.365","cantharm_audio_spk05.zip","downloads/packages/cantharm_audio_spk05.zip"
"F05158_SPK05.wav","SPK05","318220","0.3035","cantharm_audio_spk05.zip","downloads/packages/cantharm_audio_spk05.zip"
"F05159_SPK05.wav","SPK05","244492","0.2332","cantharm_audio_spk05.zip","downloads/packages/cantharm_audio_spk05.zip"
"F05160_SPK05.wav","SPK05","290572","0.2771","cantharm_audio_spk05.zip","downloads/packages/cantharm_audio_spk05.zip"
"F05161_SPK05.wav","SPK05","304396","0.2903","cantharm_audio_spk05.zip","downloads/packages/cantharm_audio_spk05.zip"
"F05162_SPK05.wav","SPK05","244492","0.2332","cantharm_audio_spk05.zip","downloads/packages/cantharm_audio_spk05.zip"
"F05163_SPK05.wav","SPK05","332044","0.3167","cantharm_audio_spk05.zip","downloads/packages/cantharm_audio_spk05.zip"
"F05164_SPK05.wav","SPK05","355084","0.3386","cantharm_audio_spk05.zip","downloads/packages/cantharm_audio_spk05.zip"
"F05165_SPK05.wav","SPK05","299788","0.2859","cantharm_audio_spk05.zip","downloads/packages/cantharm_audio_spk05.zip"
"F05166_SPK05.wav","SPK05","382732","0.365","cantharm_audio_spk05.zip","downloads/packages/cantharm_audio_spk05.zip"
"F05167_SPK05.wav","SPK05","378124","0.3606","cantharm_audio_spk05.zip","downloads/packages/cantharm_audio_spk05.zip"
"F05168_SPK05.wav","SPK05","318220","0.3035","cantharm_audio_spk05.zip","downloads/packages/cantharm_audio_spk05.zip"
"F05169_SPK05.wav","SPK05","345868","0.3298","cantharm_audio_spk05.zip","downloads/packages/cantharm_audio_spk05.zip"
"F05170_SPK05.wav","SPK05","401164","0.3826","cantharm_audio_spk05.zip","downloads/packages/cantharm_audio_spk05.zip"
"F05171_SPK05.wav","SPK05","373516","0.3562","cantharm_audio_spk05.zip","downloads/packages/cantharm_audio_spk05.zip"
"F05172_SPK05.wav","SPK05","410380","0.3914","cantharm_audio_spk05.zip","downloads/packages/cantharm_audio_spk05.zip"
"F05173_SPK05.wav","SPK05","378124","0.3606","cantharm_audio_spk05.zip","downloads/packages/cantharm_audio_spk05.zip"
"F05174_SPK05.wav","SPK05","442636","0.4221","cantharm_audio_spk05.zip","downloads/packages/cantharm_audio_spk05.zip"
"F05175_SPK05.wav","SPK05","382732","0.365","cantharm_audio_spk05.zip","downloads/packages/cantharm_audio_spk05.zip"
"F05176_SPK05.wav","SPK05","350476","0.3342","cantharm_audio_spk05.zip","downloads/packages/cantharm_audio_spk05.zip"
"F05177_SPK05.wav","SPK05","405772","0.387","cantharm_audio_spk05.zip","downloads/packages/cantharm_audio_spk05.zip"
"F05178_SPK05.wav","SPK05","424204","0.4046","cantharm_audio_spk05.zip","downloads/packages/cantharm_audio_spk05.zip"
"F05179_SPK05.wav","SPK05","373516","0.3562","cantharm_audio_spk05.zip","downloads/packages/cantharm_audio_spk05.zip"
"F05180_SPK05.wav","SPK05","428812","0.4089","cantharm_audio_spk05.zip","downloads/packages/cantharm_audio_spk05.zip"
"F05181_SPK05.wav","SPK05","470284","0.4485","cantharm_audio_spk05.zip","downloads/packages/cantharm_audio_spk05.zip"
"F05182_SPK05.wav","SPK05","327436","0.3123","cantharm_audio_spk05.zip","downloads/packages/cantharm_audio_spk05.zip"
"F05183_SPK05.wav","SPK05","382732","0.365","cantharm_audio_spk05.zip","downloads/packages/cantharm_audio_spk05.zip"
"F05184_SPK05.wav","SPK05","322828","0.3079","cantharm_audio_spk05.zip","downloads/packages/cantharm_audio_spk05.zip"
"F05185_SPK05.wav","SPK05","290572","0.2771","cantharm_audio_spk05.zip","downloads/packages/cantharm_audio_spk05.zip"
"F05186_SPK05.wav","SPK05","359692","0.343","cantharm_audio_spk05.zip","downloads/packages/cantharm_audio_spk05.zip"
"F05187_SPK05.wav","SPK05","414988","0.3958","cantharm_audio_spk05.zip","downloads/packages/cantharm_audio_spk05.zip"
"F05188_SPK10.wav","SPK10","397036","0.3786","cantharm_audio_spk10.zip","downloads/packages/cantharm_audio_spk10.zip"
"F05189_SPK05.wav","SPK05","355084","0.3386","cantharm_audio_spk05.zip","downloads/packages/cantharm_audio_spk05.zip"
"F05190_SPK05.wav","SPK05","382732","0.365","cantharm_audio_spk05.zip","downloads/packages/cantharm_audio_spk05.zip"
"F05191_SPK05.wav","SPK05","359692","0.343","cantharm_audio_spk05.zip","downloads/packages/cantharm_audio_spk05.zip"
"F05192_SPK05.wav","SPK05","451852","0.4309","cantharm_audio_spk05.zip","downloads/packages/cantharm_audio_spk05.zip"
"F05193_SPK05.wav","SPK05","364300","0.3474","cantharm_audio_spk05.zip","downloads/packages/cantharm_audio_spk05.zip"
"F05194_SPK05.wav","SPK05","378124","0.3606","cantharm_audio_spk05.zip","downloads/packages/cantharm_audio_spk05.zip"
"F05195_SPK05.wav","SPK05","327436","0.3123","cantharm_audio_spk05.zip","downloads/packages/cantharm_audio_spk05.zip"
"F05196_SPK05.wav","SPK05","336652","0.3211","cantharm_audio_spk05.zip","downloads/packages/cantharm_audio_spk05.zip"
"F05197_SPK05.wav","SPK05","378124","0.3606","cantharm_audio_spk05.zip","downloads/packages/cantharm_audio_spk05.zip"
"F05198_SPK05.wav","SPK05","368908","0.3518","cantharm_audio_spk05.zip","downloads/packages/cantharm_audio_spk05.zip"
"F05199_SPK05.wav","SPK05","410380","0.3914","cantharm_audio_spk05.zip","downloads/packages/cantharm_audio_spk05.zip"
"F05200_SPK05.wav","SPK05","414988","0.3958","cantharm_audio_spk05.zip","downloads/packages/cantharm_audio_spk05.zip"
"F05201_SPK05.wav","SPK05","322828","0.3079","cantharm_audio_spk05.zip","downloads/packages/cantharm_audio_spk05.zip"
"F05202_SPK05.wav","SPK05","391948","0.3738","cantharm_audio_spk05.zip","downloads/packages/cantharm_audio_spk05.zip"
"F05203_SPK05.wav","SPK05","401164","0.3826","cantharm_audio_spk05.zip","downloads/packages/cantharm_audio_spk05.zip"
"F05204_SPK05.wav","SPK05","544012","0.5188","cantharm_audio_spk05.zip","downloads/packages/cantharm_audio_spk05.zip"
"F05205_SPK05.wav","SPK05","382732","0.365","cantharm_audio_spk05.zip","downloads/packages/cantharm_audio_spk05.zip"
"F05206_SPK05.wav","SPK05","544012","0.5188","cantharm_audio_spk05.zip","downloads/packages/cantharm_audio_spk05.zip"
"F05207_SPK05.wav","SPK05","355084","0.3386","cantharm_audio_spk05.zip","downloads/packages/cantharm_audio_spk05.zip"
"F05208_SPK05.wav","SPK05","424204","0.4046","cantharm_audio_spk05.zip","downloads/packages/cantharm_audio_spk05.zip"
"F05209_SPK05.wav","SPK05","382732","0.365","cantharm_audio_spk05.zip","downloads/packages/cantharm_audio_spk05.zip"
"F05210_SPK05.wav","SPK05","382732","0.365","cantharm_audio_spk05.zip","downloads/packages/cantharm_audio_spk05.zip"
"F05211_SPK05.wav","SPK05","391948","0.3738","cantharm_audio_spk05.zip","downloads/packages/cantharm_audio_spk05.zip"
"F05212_SPK05.wav","SPK05","382732","0.365","cantharm_audio_spk05.zip","downloads/packages/cantharm_audio_spk05.zip"
"F05213_SPK05.wav","SPK05","336652","0.3211","cantharm_audio_spk05.zip","downloads/packages/cantharm_audio_spk05.zip"
"F05214_SPK05.wav","SPK05","755980","0.721","cantharm_audio_spk05.zip","downloads/packages/cantharm_audio_spk05.zip"
"F05215_SPK05.wav","SPK05","497932","0.4749","cantharm_audio_spk05.zip","downloads/packages/cantharm_audio_spk05.zip"
"F05216_SPK05.wav","SPK05","447244","0.4265","cantharm_audio_spk05.zip","downloads/packages/cantharm_audio_spk05.zip"
"F05217_SPK05.wav","SPK05","428812","0.4089","cantharm_audio_spk05.zip","downloads/packages/cantharm_audio_spk05.zip"
"F05218_SPK05.wav","SPK05","332044","0.3167","cantharm_audio_spk05.zip","downloads/packages/cantharm_audio_spk05.zip"
"F05219_SPK05.wav","SPK05","414988","0.3958","cantharm_audio_spk05.zip","downloads/packages/cantharm_audio_spk05.zip"
"F05220_SPK05.wav","SPK05","350476","0.3342","cantharm_audio_spk05.zip","downloads/packages/cantharm_audio_spk05.zip"
"F05221_SPK05.wav","SPK05","332044","0.3167","cantharm_audio_spk05.zip","downloads/packages/cantharm_audio_spk05.zip"
"F05222_SPK05.wav","SPK05","364300","0.3474","cantharm_audio_spk05.zip","downloads/packages/cantharm_audio_spk05.zip"
"F05223_SPK05.wav","SPK05","516364","0.4924","cantharm_audio_spk05.zip","downloads/packages/cantharm_audio_spk05.zip"
"F05224_SPK05.wav","SPK05","341260","0.3255","cantharm_audio_spk05.zip","downloads/packages/cantharm_audio_spk05.zip"
"F05225_SPK05.wav","SPK05","373516","0.3562","cantharm_audio_spk05.zip","downloads/packages/cantharm_audio_spk05.zip"
"F05226_SPK05.wav","SPK05","387340","0.3694","cantharm_audio_spk05.zip","downloads/packages/cantharm_audio_spk05.zip"
"F05227_SPK05.wav","SPK05","465676","0.4441","cantharm_audio_spk05.zip","downloads/packages/cantharm_audio_spk05.zip"
"F05228_SPK05.wav","SPK05","387340","0.3694","cantharm_audio_spk05.zip","downloads/packages/cantharm_audio_spk05.zip"
"F05229_SPK05.wav","SPK05","295180","0.2815","cantharm_audio_spk05.zip","downloads/packages/cantharm_audio_spk05.zip"
"F05230_SPK05.wav","SPK05","401164","0.3826","cantharm_audio_spk05.zip","downloads/packages/cantharm_audio_spk05.zip"
"F05231_SPK05.wav","SPK05","488716","0.4661","cantharm_audio_spk05.zip","downloads/packages/cantharm_audio_spk05.zip"
"F05232_SPK05.wav","SPK05","474892","0.4529","cantharm_audio_spk05.zip","downloads/packages/cantharm_audio_spk05.zip"
"F05233_SPK05.wav","SPK05","405772","0.387","cantharm_audio_spk05.zip","downloads/packages/cantharm_audio_spk05.zip"
"F05234_SPK05.wav","SPK05","414988","0.3958","cantharm_audio_spk05.zip","downloads/packages/cantharm_audio_spk05.zip"
"F05235_SPK05.wav","SPK05","497932","0.4749","cantharm_audio_spk05.zip","downloads/packages/cantharm_audio_spk05.zip"
"F05236A_SPK05.wav","SPK05","365282","0.3484","cantharm_audio_spk05.zip","downloads/packages/cantharm_audio_spk05.zip"
"F05236B_SPK05.wav","SPK05","356462","0.3399","cantharm_audio_spk05.zip","downloads/packages/cantharm_audio_spk05.zip"
"F05237_SPK05.wav","SPK05","382732","0.365","cantharm_audio_spk05.zip","downloads/packages/cantharm_audio_spk05.zip"
"F05238_SPK05.wav","SPK05","327436","0.3123","cantharm_audio_spk05.zip","downloads/packages/cantharm_audio_spk05.zip"
"F05239_SPK05.wav","SPK05","410380","0.3914","cantharm_audio_spk05.zip","downloads/packages/cantharm_audio_spk05.zip"
"F05240_SPK05.wav","SPK05","433420","0.4133","cantharm_audio_spk05.zip","downloads/packages/cantharm_audio_spk05.zip"
"F05242_SPK05.wav","SPK05","309004","0.2947","cantharm_audio_spk05.zip","downloads/packages/cantharm_audio_spk05.zip"
"F05243_SPK05.wav","SPK05","332044","0.3167","cantharm_audio_spk05.zip","downloads/packages/cantharm_audio_spk05.zip"
"F05244_SPK05.wav","SPK05","327436","0.3123","cantharm_audio_spk05.zip","downloads/packages/cantharm_audio_spk05.zip"
"F05245_SPK05.wav","SPK05","663820","0.6331","cantharm_audio_spk05.zip","downloads/packages/cantharm_audio_spk05.zip"
"F05246_SPK05.wav","SPK05","557836","0.532","cantharm_audio_spk05.zip","downloads/packages/cantharm_audio_spk05.zip"
"F05247_SPK05.wav","SPK05","332044","0.3167","cantharm_audio_spk05.zip","downloads/packages/cantharm_audio_spk05.zip"
"F05248_SPK05.wav","SPK05","608524","0.5803","cantharm_audio_spk05.zip","downloads/packages/cantharm_audio_spk05.zip"
"F05249_SPK05.wav","SPK05","424204","0.4046","cantharm_audio_spk05.zip","downloads/packages/cantharm_audio_spk05.zip"
"F05250_SPK05.wav","SPK05","290572","0.2771","cantharm_audio_spk05.zip","downloads/packages/cantharm_audio_spk05.zip"
"F05251_SPK05.wav","SPK05","428812","0.4089","cantharm_audio_spk05.zip","downloads/packages/cantharm_audio_spk05.zip"
"F05252_SPK05.wav","SPK05","226060","0.2156","cantharm_audio_spk05.zip","downloads/packages/cantharm_audio_spk05.zip"
"F05253_SPK05.wav","SPK05","553228","0.5276","cantharm_audio_spk05.zip","downloads/packages/cantharm_audio_spk05.zip"
"F05254_SPK05.wav","SPK05","359692","0.343","cantharm_audio_spk05.zip","downloads/packages/cantharm_audio_spk05.zip"
"F05255_SPK05.wav","SPK05","405772","0.387","cantharm_audio_spk05.zip","downloads/packages/cantharm_audio_spk05.zip"
"F05256_SPK05.wav","SPK05","391948","0.3738","cantharm_audio_spk05.zip","downloads/packages/cantharm_audio_spk05.zip"
"F05257_SPK05.wav","SPK05","438028","0.4177","cantharm_audio_spk05.zip","downloads/packages/cantharm_audio_spk05.zip"
"F05258_SPK05.wav","SPK05","424204","0.4046","cantharm_audio_spk05.zip","downloads/packages/cantharm_audio_spk05.zip"
"F05259_SPK05.wav","SPK05","419596","0.4002","cantharm_audio_spk05.zip","downloads/packages/cantharm_audio_spk05.zip"
"F05260_SPK05.wav","SPK05","419596","0.4002","cantharm_audio_spk05.zip","downloads/packages/cantharm_audio_spk05.zip"
"F05261_SPK05.wav","SPK05","465676","0.4441","cantharm_audio_spk05.zip","downloads/packages/cantharm_audio_spk05.zip"
"F05262_SPK05.wav","SPK05","299788","0.2859","cantharm_audio_spk05.zip","downloads/packages/cantharm_audio_spk05.zip"
"F05263_SPK05.wav","SPK05","359692","0.343","cantharm_audio_spk05.zip","downloads/packages/cantharm_audio_spk05.zip"
"F05264_SPK05.wav","SPK05","235276","0.2244","cantharm_audio_spk05.zip","downloads/packages/cantharm_audio_spk05.zip"
"F05265_SPK05.wav","SPK05","428812","0.4089","cantharm_audio_spk05.zip","downloads/packages/cantharm_audio_spk05.zip"
"F05266_SPK05.wav","SPK05","424204","0.4046","cantharm_audio_spk05.zip","downloads/packages/cantharm_audio_spk05.zip"
"F05267_SPK05.wav","SPK05","355084","0.3386","cantharm_audio_spk05.zip","downloads/packages/cantharm_audio_spk05.zip"
"F05268_SPK05.wav","SPK05","387340","0.3694","cantharm_audio_spk05.zip","downloads/packages/cantharm_audio_spk05.zip"
"F05269_SPK05.wav","SPK05","382732","0.365","cantharm_audio_spk05.zip","downloads/packages/cantharm_audio_spk05.zip"
"F05270_SPK05.wav","SPK05","313612","0.2991","cantharm_audio_spk05.zip","downloads/packages/cantharm_audio_spk05.zip"
"F05271_SPK05.wav","SPK05","382732","0.365","cantharm_audio_spk05.zip","downloads/packages/cantharm_audio_spk05.zip"
"F05272_SPK05.wav","SPK05","414988","0.3958","cantharm_audio_spk05.zip","downloads/packages/cantharm_audio_spk05.zip"
"F05273_SPK10.wav","SPK10","576964","0.5502","cantharm_audio_spk10.zip","downloads/packages/cantharm_audio_spk10.zip"
"F05274_SPK05.wav","SPK05","502540","0.4793","cantharm_audio_spk05.zip","downloads/packages/cantharm_audio_spk05.zip"
"F05275_SPK05.wav","SPK05","663820","0.6331","cantharm_audio_spk05.zip","downloads/packages/cantharm_audio_spk05.zip"
"F05276_SPK05.wav","SPK05","626956","0.5979","cantharm_audio_spk05.zip","downloads/packages/cantharm_audio_spk05.zip"
"F05277_SPK05.wav","SPK05","461068","0.4397","cantharm_audio_spk05.zip","downloads/packages/cantharm_audio_spk05.zip"
"F05278_SPK05.wav","SPK05","424204","0.4046","cantharm_audio_spk05.zip","downloads/packages/cantharm_audio_spk05.zip"
"F05279_SPK05.wav","SPK05","405772","0.387","cantharm_audio_spk05.zip","downloads/packages/cantharm_audio_spk05.zip"
"F05280_SPK05.wav","SPK05","447244","0.4265","cantharm_audio_spk05.zip","downloads/packages/cantharm_audio_spk05.zip"
"F05281_SPK05.wav","SPK05","497932","0.4749","cantharm_audio_spk05.zip","downloads/packages/cantharm_audio_spk05.zip"
"F05282_SPK05.wav","SPK05","465676","0.4441","cantharm_audio_spk05.zip","downloads/packages/cantharm_audio_spk05.zip"
"F05283_SPK05.wav","SPK05","539404","0.5144","cantharm_audio_spk05.zip","downloads/packages/cantharm_audio_spk05.zip"
"F05284_SPK05.wav","SPK05","544012","0.5188","cantharm_audio_spk05.zip","downloads/packages/cantharm_audio_spk05.zip"
"F05285_SPK04.wav","SPK04","461068","0.4397","cantharm_audio_spk04.zip","downloads/packages/cantharm_audio_spk04.zip"
"F05286_SPK04.wav","SPK04","438028","0.4177","cantharm_audio_spk04.zip","downloads/packages/cantharm_audio_spk04.zip"
"F05287_SPK04.wav","SPK04","433420","0.4133","cantharm_audio_spk04.zip","downloads/packages/cantharm_audio_spk04.zip"
"F05288_SPK04.wav","SPK04","345868","0.3298","cantharm_audio_spk04.zip","downloads/packages/cantharm_audio_spk04.zip"
"F05289_SPK10.wav","SPK10","313612","0.2991","cantharm_audio_spk10.zip","downloads/packages/cantharm_audio_spk10.zip"
